 ************************************************************************
  DATE: 25-Mar-26
  TIME: 07:22:22
 ************************************************************************
  nuclear Quantum Monte Carlo with Continuum : 1.02.1
 ************************************************************************
  COMPILER: 
 Intel(R) Fortran Compiler for applications running on Intel(R) 64, Version 2025
 .3.2 Build 20260112
  OPTIONS: 
 -I/home/piarulli/nQMCC_v2/nQMCC/build/external/coulcc/mod -I/home/piarulli/nQMC
 C_v2/nQMCC/external/nlopt/build/install/include -I/opt/aurora/26.26.0/spack/uni
 fied/1.1.1/install/linux-x86_64/mpich-5.0.0.aurora_test.3c70a61-hlkigtk/include
  -I/opt/aurora/26.26.0/spack/unified/1.1.1/install/linux-x86_64/mpich-5.0.0.aur
 ora_test.3c70a61-hlkigtk/include -isystem /home/piarulli/nQMCC_v2/nQMCC/externa
 l/nqmcc-slatec/build/mod -isystem /home/piarulli/nQMCC_v2/nQMCC/external/nqmcc-
 fft/build/mod -Dphi_r4=1 -Dphi_offload=1 -Dopk_offload=0 -Ddocc=0 -diag-enable=
 all -warn -cpp -O3 -traceback -qmkl -fiopenmp -fopenmp-targets=spir64_gen -Xope
 nmp-target-backend=spir64_gen -module mod -c -o CMakeFiles/nQMCC.dir/src/input/
 control.f90.o 
 ************************************************************************
  MPI: SIZE:    12288
  MPI: ROOT:        0
 ************************************************************************
  OMP: NUMBER OF THREADS:   16
  OMP: AVAILABLE DEVICES:    1
 ************************************************************************
                      CALCULATION TYPE
    ----------------------------------------------------
                     VARIATIONAL MONTE CARLO
                     BASIS: isospin
    ----------------------------------------------------
 ************************************************************************
 CONTROL INPUTS
 ************************************************************************
 isospin                                                     BASIS
 constants/fbn95.const                                       CONSTANTS_FILE
 pots/nv2_Ia.2bp            pots/nv3_Ia.3bp                  2B_POT_FILE, 3B_POT_FILE
 1  1                                                        LKE LEMP
 1  work/c13/106/c13_opt.calc                                CALC_FILE_FORMAT CALC_FILE
 T                                                           BRA_EQ_KET
 variational                                                 BRA-TYPE
 nuclei/params/c13.params                                    PARAM_FILE
 work/c13/106/c13.dk                                         DECK_FILE
 2  /lus/flare/projects/NucStructReact_6/piarulli/c13.       R/W : SPIN_FILE
 3  /lus/flare/projects/NucSt  /lus/flare/projects/NucSt     R/W : YLM_FILE PHI_FILE
 0  configs/c13_nv2+3_106.config                             R/W : CONFIG_FILE
 0  walks/c13_nv2+3_106.walk                                 R/W : WALK_FILE
     25265137                                                RNG SEED
        1     12288         6                                BLOCKS BLOCK_SIZE WALKERS_PER_NODE
      250        10                                          BURN_IN NUM_MOVES_BETWEEN
 1.2000                                                      PARTICLE_DX
 T    1.60    0.01                                           SAMPLE_L2 RSAM PSAM
     5120       128        32                                NPTS ONE_OVER_DX FD_FACTOR
  40.00   40.00   40.00                                      SS_LIMIT SP_LIMIT SD_LIMIT (in fm)
  40.00                                                      BOX RADIUS (in fm)
       0.1000       20.0000                                  BIN_WIDTH BIN_MAXR
 scratch/                                                    SCRATCH_DIRECTORY
 ************************************************************************
 CALCULATION PARAMETERS
 ************************************************************************
 1       1    27                                             NLOPT_METHOD  NUM_OPT_WALKS  NUM_OPT_EVALUATIONS
 T    2.35    2.35                                           LIMIT_CHARGE_RADII NR_LIMIT PR_LIMIT
 work/c13/106/c13.opt                                        OPTIMIZATION_INPUT 
 work/c13/106/opt_c13_nv2+3_106.dk                           OPTIMIZED_DECK
 ************************************************************************
 BROADCASTING CONTROL
 ************************************************************************
 BROADCASTING CALC
 ************************************************************************
 BROADCAST CALC -- DONE
 ************************************************************************
 BROADCASTING WAVEFUNCTION INPUT
 BROADCAST WAVEFUNCTION INPUT -- DONE
 ************************************************************************
 BROADCAST CONTROL -- DONE
 ************************************************************************
 MPI TOPOLOGY
 ************************************************************************
 IS TRIVIAL?  F
 NUMBER OF WALKERS PER NODE:        6
 NUMBER OF HELPERS PER WALKER:      2
 TOTAL NUMBER OF WALKERS:        6144
 ************************************************************************
 CONSTANTS
 ************************************************************************
   3.14159265                 PI
   0.57721566                 EULERS_CONSTANT
 ************************************************************************
 PHYSICAL CONSTANTS
 ************************************************************************
 197.32705300                 HBARC
 938.27231000                 PROTON MASS
 939.56563000                 NEUTRON MASS
   0.51099900                 ELECTRON MASS
 293.10000000                 NUCLEON MASS DIFFERENCE
 134.97390000                 NEUTRAL PION MASS
 139.56750000                 CHARGED PION MASS
   0.07500000                 PION NUCLEON COUPLING CONSTANT
   0.00729735                 HYPER FINE STRUCTURE CONSTANT (ALPHA)
   2.79284740                 PROTON MAGNETIC MOMENT
  -1.91304270                 NEUTRON MAGNETIC MOMENT
   5.58569478                 PROTON G-FACTOR
  -3.82608560                 NEUTRON G-FACTOR
   0.81200000                 GD ROOT MEAN SQUARE RADIUS
   0.01890000                 NEUTRON FORM FACTOR SLOPE
   1.29000000                 g_A
  92.40000000                 PION DECAY AMPLITUDE
 ************************************************************************
 COMPUTED CONSTANTS
 ************************************************************************
 138.03630000                 PION MASS
  41.47108064                 HBAR**2 / (2 * MU)
  41.47106096                 H2MAVG
   0.02856230                 H2MCSB
   2.73650324                 h_A
 ************************************************************************
                      Hamiltonian
    ----------------------------------------------------
         Kinetic Energy: T+CSB
         Two-Body Potential: Norfolk Ia
         Three-Body Potential: Norfolk Ia
         EM Potential: Full
    ----------------------------------------------------
 ************************************************************************
                        NUCLEI
 ************************************************************************
 PARAMETERS FROM: nuclei/params/c13.params
 ************************************************************************
           13                 NUMBER OF PARTICLES (A)
            6                 NUMBER OF PROTONS (Z)
            4                 NUMBER OF S-SHELL PARTICLES (NSPART)
            9                 NUMBER OF P-SHELL PARTICLES (NPPART)
            0                 NUMBER OF SD-SHELL PARTICLES (NDPART)
            0                 PHI_TYPE
            1                 NUMBER OF SPATIAL SYMMETRIES (NBETA)
  10353674612                 NUMBER OF NON-ZERO MATRIX ELEMENTS (NPHIM)
        19683                 MAX ? (NS0) : KALMAN LIMITS
         3139                 MAX L (MXL)
          216                 MAX YOUNG TABLEUX (MNYOUNG)
           20                 MAX MS (M_SPIN_LIM)
           40                 MAX PERMUTATIONS? (IMA_LIM)
          100                 MAX YOUNG NUMBERS (NY_LIM)
           10                 MAX ? (KMACO_LIM)
           20                 MAX L (M_L_LIM)
       481250                 MAX ? (NTERM)
          168                 MAX ? (NSTA0)
         6840                 MAX ? (NSC0)
         2520                 MAX YLM COMBINATIONS (NORTAB_DIM)
         4830                 MAX UNIQUE YLM COMBINATIONS (MAX_ICY1)
 ************************************************************************
 COMPUTED PARAMETERS FROM: nuclei/params/c13.params
 ************************************************************************
         8192                 NUMBER OF SPIN STATES (NS)
          429                 NUMBER OF ISOSPIN STATES (NT)
            9                 NUMBER OF P-SHELL + SD-SHELL PARTICLES
         2048                 NUMBER OF SPIN GROUPS (NS/4)
           78                 NUMBER OF PAIRS
          286                 NUMBER OF TRIPLES
          715                 NUMBER OF QUADRUPLES
            6                 NUMBER PAIRS IN THE S-SHELL
           36                 NUMBER PAIRS IN THE P-SHELL
           36                 NUMBER PAIRS IN THE P-SHELL+SD-SHELL
          715                 NUMBER OF S-SHELL COMBINATIONS
            1                 NUMBER OF P-SHELL COMBINATIONS
            3                 NSPART - 1 (NCL)
          512                 2**(NPPART + NDPART)
       262144                 2**(2*(NPPART + NDPART))
       362880                 (NPPART + NDPART)!
           12                 4-BYTE INTEGER FACTORIAL LIMIT
 ************************************************************************
 Carbon-13
  -1       0.5       0.5       0.5      -0.5                                              Pi J m_J T m_T
   2   0   6   1                                                                          lwf lsc lopc lcut
  19.39320  15.79976  29.62828  18.64932                                                  esep
   0.02205  -0.00206                                                                      eta
   0.00000   0.00000                                                                      zeta
   1.00000   0.51000   1.02000   1.12000   1.00000   1.00000   1.00000   1.00000          fscal
   1.26000   1.68000   2.39000   2.27000   2.03000   1.95000   2.00000   2.00000          ac
   0.36000   0.94000   0.50000   0.57000   0.69000   1.17000   0.24000   0.24000          aa
   0.69000   1.01000   2.59000   2.70000   3.99000   4.91000   0.40000   0.40000          ar
   1.00000   0.97000   0.95000   1.10000   0.52572   0.89646   1.00000   1.00000          alpha
   1.00000   0.96000   0.99000   0.95000   1.44403   1.17518   1.00000   1.00000          beta
     56.48    -39.83      2.70    -11.44      1.83     -1.00      0.00      0.00          gamma
  15.10000   7.40000  -0.50000                                                            cutR cutA cutW
   0   0   0   0   0   0   0                                                              lfsp e_v lscat m1 m2 L nodes
   0.00000   0.00000   0.00000   0.00000   0.00000   0.00000                              wse wsv wsr wsa wbrho wbalph
  -0.00304  -0.00133  -0.00107  -0.00006   0.83000   0.83000                              delta eps theta ups rscal uscal
   0.39000   0.21000                                                                      qps1 qps2
   0.22000   0.80000                                                                      qsss1 qsss2
   0.00000   0.90000                                                                      qssp1 qssp2
   0.00000   0.90000                                                                      qspp1 qspp2
   0.00000   0.90000                                                                      qppp1 qppp2
 2P[441]
   1.00000                                                                                beta (LS)
   1    0.88000   0.21000   4.37000   1.09000   1.16097   3.95000   0.00000   0.00000     lfcsp spu spv spr spa spb spc spk spl
   1    1.24000  -0.20000   3.65000   1.25000   0.33347   3.40000   0.00000   0.00000     lfcpp ppu ppv ppr ppa ppb ppc ppk ppl
   1   0   0   4   1   1   0                                                              lfsp e_v lscat m1 m2 L nodes
   1.00000 -25.00000   4.00000   1.53000   0.00000   1.44000                              wse wsv wsr wsa wbrho wbalph
 ************************************************************************
 SETTING BOOKS
 ************************************************************************
 SETTING BOOKS -- DONE
 ************************************************************************
 READING SPIN TABLES FROM: 
 /lus/flare/projects/NucStructReact_6/piarulli/c13.spin
 ************************************************************************
 SETTING TWO BODY OPERATOR CORRELATIONS
 ************************************************************************
 SETTING TWO BODY OPERATOR CORRELATIONS -- DONE
 ************************************************************************
 SETTING THREE BODY OPERATOR CORRELATIONS
 ************************************************************************
 SETTING THREE BODY OPERATOR CORRELATIONS -- DONE
 ************************************************************************
 SETTING TWO BODY SCALAR CORRELATIONS
 ************************************************************************
 SETTING TWO BODY SCALAR CORRELATIONS -- DONE
 ************************************************************************
 READING YLM FROM: /lus/flare/projects/NucStructReact_6/flores/kal/c13.ylm
 ROOT READING SCATTERED PHI FROM: 
 /lus/flare/projects/NucStructReact_6/flores/kal/c13.phi.0.2
 ************************************************************************
 MAPPING SCATTERED PHI TO DEVICE FOR PHI KERNEL
 MAPPING SCATTERED PHI TO DEVICE -- DONE
 ************************************************************************
 WAVE FUNCTION INITIALIZATION TIME (s):       592.3364
 ************************************************************************
 ACCEPTANCE PROBABILITY:    39.11%
 ************************************************************************
 BURN IN TIME (s):      1248.6953
 ************************************************************************
                      -------------
                      LOCAL AVERAGE
                      -------------
                    BLOCK:        1
                    SAMPLES:    12288

 ************************************************************************
   --------------------------------------------------------------------
                   SAMPLE COUNT DISTRIBUTIONS
   --------------------------------------------------------------------
    R (fm)      N(R_i)     N(R_ij)
    0.0500          6         20
    0.1500         39        105
    0.2500        114        278
    0.3500        274        578
    0.4500        507       1115
    0.5500        779       1692
    0.6500       1071       2731
    0.7500       1585       3750
    0.8500       2024       5384
    0.9500       2652       7217
    1.0500       3406       8978
    1.1500       3985      10766
    1.2500       4663      12674
    1.3500       5492      14679
    1.4500       6027      16201
    1.5500       6621      17741
    1.6500       7307      19405
    1.7500       7444      20618
    1.8500       7745      21681
    1.9500       7821      23043
    2.0500       7823      23715
    2.1500       7795      24241
    2.2500       7883      25411
    2.3500       7389      26048
    2.4500       7112      26768
    2.5500       6535      27258
    2.6500       5948      27469
    2.7500       5513      27597
    2.8500       4842      27830
    2.9500       4418      28047
    3.0500       3836      27684
    3.1500       3304      27578
    3.2500       2849      27517
    3.3500       2473      26818
    3.4500       2029      26461
    3.5500       1828      25566
    3.6500       1573      24995
    3.7500       1228      23914
    3.8500       1077      23211
    3.9500        859      22310
    4.0500        733      21134
    4.1500        614      19976
    4.2500        452      19021
    4.3500        362      17741
    4.4500        292      16465
    4.5500        255      15662
    4.6500        210      14492
    4.7500        199      13075
    4.8500        139      12197
    4.9500        123      11066
    5.0500         87      10211
    5.1500         76       9228
    5.2500         61       8428
    5.3500         52       7342
    5.4500         41       6813
    5.5500         36       6119
    5.6500         29       5342
    5.7500         21       4663
    5.8500         14       4159
    5.9500         19       3496
    6.0500         17       3092
    6.1500          9       2799
    6.2500          7       2380
    6.3500          5       2114
    6.4500          5       1797
    6.5500          3       1596
    6.6500          1       1383
    6.7500          2       1158
    6.8500          0        977
    6.9500          0        848
    7.0500          0        745
    7.1500          0        564
    7.2500          2        487
    7.3500          0        469
    7.4500          0        376
    7.5500          1        322
    7.6500          0        283
    7.7500          0        217
    7.8500          0        180
    7.9500          0        151
    8.0500          0        148
    8.1500          1         97
    8.2500          0         89
    8.3500          0         66
    8.4500          0         59
    8.5500          0         56
    8.6500          0         46
    8.7500          0         38
    8.8500          0         45
    8.9500          0         34
    9.0500          0         19
    9.1500          0         17
    9.2500          0         17
    9.3500          0         13
    9.4500          0         10
    9.5500          0          9
    9.6500          0          2
    9.7500          0          7
    9.8500          0          4
    9.9500          0          6
   10.0500          0          2
   10.1500          0          1
   10.2500          0          4
   10.3500          0          3
   10.4500          0          3
   10.5500          0          1
   10.6500          0          1
   10.7500          0          1
   10.8500          0          1
   10.9500          0          0
   11.0500          0          1
   11.1500          0          1
   11.2500          0          1
   11.3500          0          0
   11.4500          0          0
   11.5500          0          0
   11.6500          0          0
   11.7500          0          0
   11.8500          0          0
   11.9500          0          0
   12.0500          0          0
   12.1500          0          0
   12.2500          0          0
   12.3500          0          0
   12.4500          0          0
   12.5500          0          0
   12.6500          0          0
   12.7500          0          0
   12.8500          0          0
   12.9500          0          0
   13.0500          0          0
   13.1500          0          0
   13.2500          0          0
   13.3500          0          0
   13.4500          0          0
   13.5500          0          0
   13.6500          0          0
   13.7500          0          0
   13.8500          0          0
   13.9500          0          0
   14.0500          0          0
   14.1500          0          0
   14.2500          0          0
   14.3500          0          0
   14.4500          0          0
   14.5500          0          0
   14.6500          0          0
   14.7500          0          0
   14.8500          0          0
   14.9500          0          0
   15.0500          0          0
   15.1500          0          0
   15.2500          0          0
   15.3500          0          0
   15.4500          0          0
   15.5500          0          0
   15.6500          0          0
   15.7500          0          0
   15.8500          0          0
   15.9500          0          0
   16.0500          0          0
   16.1500          0          0
   16.2500          0          0
   16.3500          0          0
   16.4500          0          0
   16.5500          0          0
   16.6500          0          0
   16.7500          0          0
   16.8500          0          0
   16.9500          0          0
   17.0500          0          0
   17.1500          0          0
   17.2500          0          0
   17.3500          0          0
   17.4500          0          0
   17.5500          0          0
   17.6500          0          0
   17.7500          0          0
   17.8500          0          0
   17.9500          0          0
   18.0500          0          0
   18.1500          0          0
   18.2500          0          0
   18.3500          0          0
   18.4500          0          0
   18.5500          0          0
   18.6500          0          0
   18.7500          0          0
   18.8500          0          0
   18.9500          0          0
   19.0500          0          0
   19.1500          0          0
   19.2500          0          0
   19.3500          0          0
   19.4500          0          0
   19.5500          0          0
   19.6500          0          0
   19.7500          0          0
   19.8500          0          0
   19.9500          0          0
   --------------------------------------------------------------------
                   ONE-BODY R-SPACE DISTRIBUTIONS
   --------------------------------------------------------------------
   R_i (fm)     NEUTRON-DOWN             NEUTRON-UP               PROTON-DOWN              PROTON-UP
    0.0500  0.2977E-01 (0.1215E-01)  0.2790E-01 (0.1139E-01)  0.2634E-01 (0.1075E-01)  0.3257E-01 (0.1330E-01)
    0.1500  0.2664E-01 (0.4264E-02)  0.2710E-01 (0.4336E-02)  0.2547E-01 (0.4077E-02)  0.2903E-01 (0.4647E-02)
    0.2500  0.2934E-01 (0.2745E-02)  0.2918E-01 (0.2723E-02)  0.2727E-01 (0.2545E-02)  0.3078E-01 (0.2875E-02)
    0.3500  0.3639E-01 (0.2218E-02)  0.3588E-01 (0.2186E-02)  0.3374E-01 (0.2056E-02)  0.3787E-01 (0.2306E-02)
    0.4500  0.4161E-01 (0.1851E-02)  0.4037E-01 (0.1790E-02)  0.3766E-01 (0.1670E-02)  0.4184E-01 (0.1857E-02)
    0.5500  0.4321E-01 (0.1537E-02)  0.4189E-01 (0.1485E-02)  0.3877E-01 (0.1373E-02)  0.4244E-01 (0.1505E-02)
    0.6500  0.4339E-01 (0.1322E-02)  0.4088E-01 (0.1237E-02)  0.3819E-01 (0.1155E-02)  0.4137E-01 (0.1251E-02)
    0.7500  0.4868E-01 (0.1230E-02)  0.4551E-01 (0.1145E-02)  0.4246E-01 (0.1067E-02)  0.4556E-01 (0.1147E-02)
    0.8500  0.4894E-01 (0.1084E-02)  0.4572E-01 (0.1008E-02)  0.4209E-01 (0.9225E-03)  0.4446E-01 (0.9774E-03)
    0.9500  0.5137E-01 (0.1003E-02)  0.4776E-01 (0.9253E-03)  0.4434E-01 (0.8555E-03)  0.4666E-01 (0.9028E-03)
    1.0500  0.5480E-01 (0.9563E-03)  0.5015E-01 (0.8645E-03)  0.4651E-01 (0.7991E-03)  0.4846E-01 (0.8347E-03)
    1.1500  0.5358E-01 (0.8576E-03)  0.4924E-01 (0.7801E-03)  0.4536E-01 (0.7153E-03)  0.4683E-01 (0.7396E-03)
    1.2500  0.5372E-01 (0.7974E-03)  0.4866E-01 (0.7154E-03)  0.4484E-01 (0.6532E-03)  0.4594E-01 (0.6707E-03)
    1.3500  0.5380E-01 (0.7306E-03)  0.4943E-01 (0.6624E-03)  0.4547E-01 (0.6057E-03)  0.4636E-01 (0.6192E-03)
    1.4500  0.5183E-01 (0.6730E-03)  0.4700E-01 (0.6033E-03)  0.4302E-01 (0.5497E-03)  0.4372E-01 (0.5589E-03)
    1.5500  0.4961E-01 (0.6175E-03)  0.4535E-01 (0.5582E-03)  0.4146E-01 (0.5092E-03)  0.4199E-01 (0.5162E-03)
    1.6500  0.4845E-01 (0.5686E-03)  0.4437E-01 (0.5164E-03)  0.4032E-01 (0.4667E-03)  0.4062E-01 (0.4705E-03)
    1.7500  0.4410E-01 (0.5139E-03)  0.4021E-01 (0.4621E-03)  0.3642E-01 (0.4176E-03)  0.3664E-01 (0.4207E-03)
    1.8500  0.4087E-01 (0.4621E-03)  0.3755E-01 (0.4203E-03)  0.3401E-01 (0.3780E-03)  0.3408E-01 (0.3789E-03)
    1.9500  0.3719E-01 (0.4193E-03)  0.3419E-01 (0.3814E-03)  0.3086E-01 (0.3426E-03)  0.3092E-01 (0.3434E-03)
    2.0500  0.3371E-01 (0.3843E-03)  0.3098E-01 (0.3486E-03)  0.2795E-01 (0.3136E-03)  0.2788E-01 (0.3132E-03)
    2.1500  0.3046E-01 (0.3447E-03)  0.2815E-01 (0.3121E-03)  0.2533E-01 (0.2796E-03)  0.2524E-01 (0.2783E-03)
    2.2500  0.2818E-01 (0.3191E-03)  0.2600E-01 (0.2900E-03)  0.2338E-01 (0.2588E-03)  0.2327E-01 (0.2575E-03)
    2.3500  0.2436E-01 (0.2884E-03)  0.2241E-01 (0.2596E-03)  0.1999E-01 (0.2308E-03)  0.1988E-01 (0.2297E-03)
    2.4500  0.2140E-01 (0.2554E-03)  0.1995E-01 (0.2356E-03)  0.1773E-01 (0.2082E-03)  0.1763E-01 (0.2067E-03)
    2.5500  0.1825E-01 (0.2266E-03)  0.1694E-01 (0.2076E-03)  0.1499E-01 (0.1831E-03)  0.1490E-01 (0.1816E-03)
    2.6500  0.1545E-01 (0.2016E-03)  0.1416E-01 (0.1809E-03)  0.1266E-01 (0.1613E-03)  0.1258E-01 (0.1601E-03)
    2.7500  0.1332E-01 (0.1840E-03)  0.1223E-01 (0.1656E-03)  0.1086E-01 (0.1472E-03)  0.1080E-01 (0.1460E-03)
    2.8500  0.1094E-01 (0.1607E-03)  0.1005E-01 (0.1452E-03)  0.8827E-02 (0.1274E-03)  0.8786E-02 (0.1266E-03)
    2.9500  0.9306E-02 (0.1420E-03)  0.8583E-02 (0.1292E-03)  0.7506E-02 (0.1129E-03)  0.7479E-02 (0.1123E-03)
    3.0500  0.7633E-02 (0.1276E-03)  0.6995E-02 (0.1156E-03)  0.6055E-02 (0.9953E-04)  0.6020E-02 (0.9875E-04)
    3.1500  0.6124E-02 (0.1091E-03)  0.5661E-02 (0.9916E-04)  0.4897E-02 (0.8536E-04)  0.4880E-02 (0.8485E-04)
    3.2500  0.5032E-02 (0.9840E-04)  0.4562E-02 (0.8743E-04)  0.3944E-02 (0.7548E-04)  0.3929E-02 (0.7501E-04)
    3.3500  0.4140E-02 (0.8703E-04)  0.3751E-02 (0.7717E-04)  0.3193E-02 (0.6536E-04)  0.3185E-02 (0.6512E-04)
    3.4500  0.3184E-02 (0.7262E-04)  0.2913E-02 (0.6498E-04)  0.2477E-02 (0.5513E-04)  0.2465E-02 (0.5484E-04)
    3.5500  0.2761E-02 (0.6726E-04)  0.2468E-02 (0.5903E-04)  0.2083E-02 (0.4978E-04)  0.2080E-02 (0.4956E-04)
    3.6500  0.2236E-02 (0.5883E-04)  0.2013E-02 (0.5187E-04)  0.1699E-02 (0.4379E-04)  0.1698E-02 (0.4365E-04)
    3.7500  0.1656E-02 (0.4942E-04)  0.1496E-02 (0.4386E-04)  0.1251E-02 (0.3658E-04)  0.1251E-02 (0.3648E-04)
    3.8500  0.1381E-02 (0.4378E-04)  0.1256E-02 (0.3953E-04)  0.1034E-02 (0.3219E-04)  0.1034E-02 (0.3215E-04)
    3.9500  0.1077E-02 (0.3887E-04)  0.9403E-03 (0.3309E-04)  0.7738E-03 (0.2702E-04)  0.7744E-03 (0.2699E-04)
    4.0500  0.8844E-03 (0.3436E-04)  0.7673E-03 (0.2915E-04)  0.6195E-03 (0.2342E-04)  0.6227E-03 (0.2347E-04)
    4.1500  0.7010E-03 (0.2981E-04)  0.6178E-03 (0.2570E-04)  0.4940E-03 (0.2049E-04)  0.4958E-03 (0.2053E-04)
    4.2500  0.4815E-03 (0.2394E-04)  0.4451E-03 (0.2174E-04)  0.3466E-03 (0.1693E-04)  0.3474E-03 (0.1692E-04)
    4.3500  0.3973E-03 (0.2241E-04)  0.3357E-03 (0.1845E-04)  0.2526E-03 (0.1398E-04)  0.2532E-03 (0.1397E-04)
    4.4500  0.3017E-03 (0.1872E-04)  0.2606E-03 (0.1585E-04)  0.1964E-03 (0.1182E-04)  0.1961E-03 (0.1176E-04)
    4.5500  0.2664E-03 (0.1784E-04)  0.2121E-03 (0.1381E-04)  0.1592E-03 (0.1034E-04)  0.1599E-03 (0.1034E-04)
    4.6500  0.1997E-03 (0.1462E-04)  0.1704E-03 (0.1212E-04)  0.1295E-03 (0.9174E-05)  0.1293E-03 (0.9136E-05)
    4.7500  0.1828E-03 (0.1363E-04)  0.1552E-03 (0.1125E-04)  0.1165E-03 (0.8449E-05)  0.1167E-03 (0.8441E-05)
    4.8500  0.1177E-03 (0.1037E-04)  0.1053E-03 (0.9203E-05)  0.7971E-04 (0.6880E-05)  0.7993E-04 (0.6893E-05)
    4.9500  0.1099E-03 (0.1060E-04)  0.8793E-04 (0.8199E-05)  0.6355E-04 (0.5933E-05)  0.6366E-04 (0.5929E-05)
    5.0500  0.7465E-04 (0.8383E-05)  0.5861E-04 (0.6421E-05)  0.4352E-04 (0.4777E-05)  0.4414E-04 (0.4837E-05)
    5.1500  0.6069E-04 (0.7510E-05)  0.5292E-04 (0.6468E-05)  0.3594E-04 (0.4315E-05)  0.3601E-04 (0.4300E-05)
    5.2500  0.4995E-04 (0.6721E-05)  0.3993E-04 (0.5411E-05)  0.2628E-04 (0.3492E-05)  0.2717E-04 (0.3605E-05)
    5.3500  0.3932E-04 (0.5670E-05)  0.3222E-04 (0.4593E-05)  0.2297E-04 (0.3317E-05)  0.2313E-04 (0.3319E-05)
    5.4500  0.3240E-04 (0.5558E-05)  0.2313E-04 (0.3794E-05)  0.1700E-04 (0.2795E-05)  0.1685E-04 (0.2761E-05)
    5.5500  0.2574E-04 (0.4632E-05)  0.2018E-04 (0.3549E-05)  0.1469E-04 (0.2549E-05)  0.1508E-04 (0.2609E-05)
    5.6500  0.2366E-04 (0.4826E-05)  0.1493E-04 (0.2954E-05)  0.1003E-04 (0.1994E-05)  0.1021E-04 (0.2016E-05)
    5.7500  0.1361E-04 (0.3100E-05)  0.1140E-04 (0.2601E-05)  0.8007E-05 (0.1792E-05)  0.8114E-05 (0.1807E-05)
    5.8500  0.1122E-04 (0.3310E-05)  0.7600E-05 (0.2143E-05)  0.3773E-05 (0.1183E-05)  0.3894E-05 (0.1216E-05)
    5.9500  0.1476E-04 (0.3659E-05)  0.9192E-05 (0.2210E-05)  0.5380E-05 (0.1349E-05)  0.5421E-05 (0.1342E-05)
    6.0500  0.1065E-04 (0.2788E-05)  0.9096E-05 (0.2368E-05)  0.5177E-05 (0.1353E-05)  0.5152E-05 (0.1331E-05)
    6.1500  0.6162E-05 (0.2221E-05)  0.3860E-05 (0.1361E-05)  0.2656E-05 (0.9245E-06)  0.2732E-05 (0.9454E-06)
    6.2500  0.4419E-05 (0.1807E-05)  0.2825E-05 (0.1079E-05)  0.2153E-05 (0.8566E-06)  0.2208E-05 (0.8787E-06)
    6.3500  0.3294E-05 (0.1576E-05)  0.1949E-05 (0.9186E-06)  0.1407E-05 (0.6498E-06)  0.1380E-05 (0.6335E-06)
    6.4500  0.3231E-05 (0.1622E-05)  0.1714E-05 (0.8059E-06)  0.1403E-05 (0.6750E-06)  0.1435E-05 (0.6864E-06)
    6.5500  0.1814E-05 (0.1066E-05)  0.1263E-05 (0.7473E-06)  0.7523E-06 (0.4762E-06)  0.6981E-06 (0.4368E-06)
    6.6500  0.5282E-06 (0.5282E-06)  0.8023E-06 (0.8023E-06)  0.6344E-07 (0.6343E-07)  0.7048E-07 (0.7048E-07)
    6.7500  0.6372E-06 (0.4529E-06)  0.1109E-05 (0.8054E-06)  0.5352E-06 (0.3809E-06)  0.5610E-06 (0.4074E-06)
    6.8500  0.0000E+00 (0.0000E+00)  0.0000E+00 (0.0000E+00)  0.0000E+00 (0.0000E+00)  0.0000E+00 (0.0000E+00)
    6.9500  0.0000E+00 (0.0000E+00)  0.0000E+00 (0.0000E+00)  0.0000E+00 (0.0000E+00)  0.0000E+00 (0.0000E+00)
    7.0500  0.0000E+00 (0.0000E+00)  0.0000E+00 (0.0000E+00)  0.0000E+00 (0.0000E+00)  0.0000E+00 (0.0000E+00)
    7.1500  0.0000E+00 (0.0000E+00)  0.0000E+00 (0.0000E+00)  0.0000E+00 (0.0000E+00)  0.0000E+00 (0.0000E+00)
    7.2500  0.8690E-06 (0.6166E-06)  0.5812E-06 (0.4116E-06)  0.4879E-06 (0.3468E-06)  0.5260E-06 (0.3719E-06)
    7.3500  0.0000E+00 (0.0000E+00)  0.0000E+00 (0.0000E+00)  0.0000E+00 (0.0000E+00)  0.0000E+00 (0.0000E+00)
    7.4500  0.0000E+00 (0.0000E+00)  0.0000E+00 (0.0000E+00)  0.0000E+00 (0.0000E+00)  0.0000E+00 (0.0000E+00)
    7.5500  0.3139E-06 (0.3138E-06)  0.3114E-06 (0.3113E-06)  0.2520E-06 (0.2520E-06)  0.2589E-06 (0.2589E-06)
    7.6500  0.0000E+00 (0.0000E+00)  0.0000E+00 (0.0000E+00)  0.0000E+00 (0.0000E+00)  0.0000E+00 (0.0000E+00)
    7.7500  0.0000E+00 (0.0000E+00)  0.0000E+00 (0.0000E+00)  0.0000E+00 (0.0000E+00)  0.0000E+00 (0.0000E+00)
    7.8500  0.0000E+00 (0.0000E+00)  0.0000E+00 (0.0000E+00)  0.0000E+00 (0.0000E+00)  0.0000E+00 (0.0000E+00)
    7.9500  0.0000E+00 (0.0000E+00)  0.0000E+00 (0.0000E+00)  0.0000E+00 (0.0000E+00)  0.0000E+00 (0.0000E+00)
    8.0500  0.0000E+00 (0.0000E+00)  0.0000E+00 (0.0000E+00)  0.0000E+00 (0.0000E+00)  0.0000E+00 (0.0000E+00)
    8.1500  0.2542E-06 (0.2542E-06)  0.2605E-06 (0.2605E-06)  0.2250E-06 (0.2250E-06)  0.2352E-06 (0.2352E-06)
    8.2500  0.0000E+00 (0.0000E+00)  0.0000E+00 (0.0000E+00)  0.0000E+00 (0.0000E+00)  0.0000E+00 (0.0000E+00)
    8.3500  0.0000E+00 (0.0000E+00)  0.0000E+00 (0.0000E+00)  0.0000E+00 (0.0000E+00)  0.0000E+00 (0.0000E+00)
    8.4500  0.0000E+00 (0.0000E+00)  0.0000E+00 (0.0000E+00)  0.0000E+00 (0.0000E+00)  0.0000E+00 (0.0000E+00)
    8.5500  0.0000E+00 (0.0000E+00)  0.0000E+00 (0.0000E+00)  0.0000E+00 (0.0000E+00)  0.0000E+00 (0.0000E+00)
    8.6500  0.0000E+00 (0.0000E+00)  0.0000E+00 (0.0000E+00)  0.0000E+00 (0.0000E+00)  0.0000E+00 (0.0000E+00)
    8.7500  0.0000E+00 (0.0000E+00)  0.0000E+00 (0.0000E+00)  0.0000E+00 (0.0000E+00)  0.0000E+00 (0.0000E+00)
    8.8500  0.0000E+00 (0.0000E+00)  0.0000E+00 (0.0000E+00)  0.0000E+00 (0.0000E+00)  0.0000E+00 (0.0000E+00)
    8.9500  0.0000E+00 (0.0000E+00)  0.0000E+00 (0.0000E+00)  0.0000E+00 (0.0000E+00)  0.0000E+00 (0.0000E+00)
    9.0500  0.0000E+00 (0.0000E+00)  0.0000E+00 (0.0000E+00)  0.0000E+00 (0.0000E+00)  0.0000E+00 (0.0000E+00)
    9.1500  0.0000E+00 (0.0000E+00)  0.0000E+00 (0.0000E+00)  0.0000E+00 (0.0000E+00)  0.0000E+00 (0.0000E+00)
    9.2500  0.0000E+00 (0.0000E+00)  0.0000E+00 (0.0000E+00)  0.0000E+00 (0.0000E+00)  0.0000E+00 (0.0000E+00)
    9.3500  0.0000E+00 (0.0000E+00)  0.0000E+00 (0.0000E+00)  0.0000E+00 (0.0000E+00)  0.0000E+00 (0.0000E+00)
    9.4500  0.0000E+00 (0.0000E+00)  0.0000E+00 (0.0000E+00)  0.0000E+00 (0.0000E+00)  0.0000E+00 (0.0000E+00)
    9.5500  0.0000E+00 (0.0000E+00)  0.0000E+00 (0.0000E+00)  0.0000E+00 (0.0000E+00)  0.0000E+00 (0.0000E+00)
    9.6500  0.0000E+00 (0.0000E+00)  0.0000E+00 (0.0000E+00)  0.0000E+00 (0.0000E+00)  0.0000E+00 (0.0000E+00)
    9.7500  0.0000E+00 (0.0000E+00)  0.0000E+00 (0.0000E+00)  0.0000E+00 (0.0000E+00)  0.0000E+00 (0.0000E+00)
    9.8500  0.0000E+00 (0.0000E+00)  0.0000E+00 (0.0000E+00)  0.0000E+00 (0.0000E+00)  0.0000E+00 (0.0000E+00)
    9.9500  0.0000E+00 (0.0000E+00)  0.0000E+00 (0.0000E+00)  0.0000E+00 (0.0000E+00)  0.0000E+00 (0.0000E+00)
   10.0500  0.0000E+00 (0.0000E+00)  0.0000E+00 (0.0000E+00)  0.0000E+00 (0.0000E+00)  0.0000E+00 (0.0000E+00)
   10.1500  0.0000E+00 (0.0000E+00)  0.0000E+00 (0.0000E+00)  0.0000E+00 (0.0000E+00)  0.0000E+00 (0.0000E+00)
   10.2500  0.0000E+00 (0.0000E+00)  0.0000E+00 (0.0000E+00)  0.0000E+00 (0.0000E+00)  0.0000E+00 (0.0000E+00)
   10.3500  0.0000E+00 (0.0000E+00)  0.0000E+00 (0.0000E+00)  0.0000E+00 (0.0000E+00)  0.0000E+00 (0.0000E+00)
   10.4500  0.0000E+00 (0.0000E+00)  0.0000E+00 (0.0000E+00)  0.0000E+00 (0.0000E+00)  0.0000E+00 (0.0000E+00)
   10.5500  0.0000E+00 (0.0000E+00)  0.0000E+00 (0.0000E+00)  0.0000E+00 (0.0000E+00)  0.0000E+00 (0.0000E+00)
   10.6500  0.0000E+00 (0.0000E+00)  0.0000E+00 (0.0000E+00)  0.0000E+00 (0.0000E+00)  0.0000E+00 (0.0000E+00)
   10.7500  0.0000E+00 (0.0000E+00)  0.0000E+00 (0.0000E+00)  0.0000E+00 (0.0000E+00)  0.0000E+00 (0.0000E+00)
   10.8500  0.0000E+00 (0.0000E+00)  0.0000E+00 (0.0000E+00)  0.0000E+00 (0.0000E+00)  0.0000E+00 (0.0000E+00)
   10.9500  0.0000E+00 (0.0000E+00)  0.0000E+00 (0.0000E+00)  0.0000E+00 (0.0000E+00)  0.0000E+00 (0.0000E+00)
   11.0500  0.0000E+00 (0.0000E+00)  0.0000E+00 (0.0000E+00)  0.0000E+00 (0.0000E+00)  0.0000E+00 (0.0000E+00)
   11.1500  0.0000E+00 (0.0000E+00)  0.0000E+00 (0.0000E+00)  0.0000E+00 (0.0000E+00)  0.0000E+00 (0.0000E+00)
   11.2500  0.0000E+00 (0.0000E+00)  0.0000E+00 (0.0000E+00)  0.0000E+00 (0.0000E+00)  0.0000E+00 (0.0000E+00)
   11.3500  0.0000E+00 (0.0000E+00)  0.0000E+00 (0.0000E+00)  0.0000E+00 (0.0000E+00)  0.0000E+00 (0.0000E+00)
   11.4500  0.0000E+00 (0.0000E+00)  0.0000E+00 (0.0000E+00)  0.0000E+00 (0.0000E+00)  0.0000E+00 (0.0000E+00)
   11.5500  0.0000E+00 (0.0000E+00)  0.0000E+00 (0.0000E+00)  0.0000E+00 (0.0000E+00)  0.0000E+00 (0.0000E+00)
   11.6500  0.0000E+00 (0.0000E+00)  0.0000E+00 (0.0000E+00)  0.0000E+00 (0.0000E+00)  0.0000E+00 (0.0000E+00)
   11.7500  0.0000E+00 (0.0000E+00)  0.0000E+00 (0.0000E+00)  0.0000E+00 (0.0000E+00)  0.0000E+00 (0.0000E+00)
   11.8500  0.0000E+00 (0.0000E+00)  0.0000E+00 (0.0000E+00)  0.0000E+00 (0.0000E+00)  0.0000E+00 (0.0000E+00)
   11.9500  0.0000E+00 (0.0000E+00)  0.0000E+00 (0.0000E+00)  0.0000E+00 (0.0000E+00)  0.0000E+00 (0.0000E+00)
   12.0500  0.0000E+00 (0.0000E+00)  0.0000E+00 (0.0000E+00)  0.0000E+00 (0.0000E+00)  0.0000E+00 (0.0000E+00)
   12.1500  0.0000E+00 (0.0000E+00)  0.0000E+00 (0.0000E+00)  0.0000E+00 (0.0000E+00)  0.0000E+00 (0.0000E+00)
   12.2500  0.0000E+00 (0.0000E+00)  0.0000E+00 (0.0000E+00)  0.0000E+00 (0.0000E+00)  0.0000E+00 (0.0000E+00)
   12.3500  0.0000E+00 (0.0000E+00)  0.0000E+00 (0.0000E+00)  0.0000E+00 (0.0000E+00)  0.0000E+00 (0.0000E+00)
   12.4500  0.0000E+00 (0.0000E+00)  0.0000E+00 (0.0000E+00)  0.0000E+00 (0.0000E+00)  0.0000E+00 (0.0000E+00)
   12.5500  0.0000E+00 (0.0000E+00)  0.0000E+00 (0.0000E+00)  0.0000E+00 (0.0000E+00)  0.0000E+00 (0.0000E+00)
   12.6500  0.0000E+00 (0.0000E+00)  0.0000E+00 (0.0000E+00)  0.0000E+00 (0.0000E+00)  0.0000E+00 (0.0000E+00)
   12.7500  0.0000E+00 (0.0000E+00)  0.0000E+00 (0.0000E+00)  0.0000E+00 (0.0000E+00)  0.0000E+00 (0.0000E+00)
   12.8500  0.0000E+00 (0.0000E+00)  0.0000E+00 (0.0000E+00)  0.0000E+00 (0.0000E+00)  0.0000E+00 (0.0000E+00)
   12.9500  0.0000E+00 (0.0000E+00)  0.0000E+00 (0.0000E+00)  0.0000E+00 (0.0000E+00)  0.0000E+00 (0.0000E+00)
   13.0500  0.0000E+00 (0.0000E+00)  0.0000E+00 (0.0000E+00)  0.0000E+00 (0.0000E+00)  0.0000E+00 (0.0000E+00)
   13.1500  0.0000E+00 (0.0000E+00)  0.0000E+00 (0.0000E+00)  0.0000E+00 (0.0000E+00)  0.0000E+00 (0.0000E+00)
   13.2500  0.0000E+00 (0.0000E+00)  0.0000E+00 (0.0000E+00)  0.0000E+00 (0.0000E+00)  0.0000E+00 (0.0000E+00)
   13.3500  0.0000E+00 (0.0000E+00)  0.0000E+00 (0.0000E+00)  0.0000E+00 (0.0000E+00)  0.0000E+00 (0.0000E+00)
   13.4500  0.0000E+00 (0.0000E+00)  0.0000E+00 (0.0000E+00)  0.0000E+00 (0.0000E+00)  0.0000E+00 (0.0000E+00)
   13.5500  0.0000E+00 (0.0000E+00)  0.0000E+00 (0.0000E+00)  0.0000E+00 (0.0000E+00)  0.0000E+00 (0.0000E+00)
   13.6500  0.0000E+00 (0.0000E+00)  0.0000E+00 (0.0000E+00)  0.0000E+00 (0.0000E+00)  0.0000E+00 (0.0000E+00)
   13.7500  0.0000E+00 (0.0000E+00)  0.0000E+00 (0.0000E+00)  0.0000E+00 (0.0000E+00)  0.0000E+00 (0.0000E+00)
   13.8500  0.0000E+00 (0.0000E+00)  0.0000E+00 (0.0000E+00)  0.0000E+00 (0.0000E+00)  0.0000E+00 (0.0000E+00)
   13.9500  0.0000E+00 (0.0000E+00)  0.0000E+00 (0.0000E+00)  0.0000E+00 (0.0000E+00)  0.0000E+00 (0.0000E+00)
   14.0500  0.0000E+00 (0.0000E+00)  0.0000E+00 (0.0000E+00)  0.0000E+00 (0.0000E+00)  0.0000E+00 (0.0000E+00)
   14.1500  0.0000E+00 (0.0000E+00)  0.0000E+00 (0.0000E+00)  0.0000E+00 (0.0000E+00)  0.0000E+00 (0.0000E+00)
   14.2500  0.0000E+00 (0.0000E+00)  0.0000E+00 (0.0000E+00)  0.0000E+00 (0.0000E+00)  0.0000E+00 (0.0000E+00)
   14.3500  0.0000E+00 (0.0000E+00)  0.0000E+00 (0.0000E+00)  0.0000E+00 (0.0000E+00)  0.0000E+00 (0.0000E+00)
   14.4500  0.0000E+00 (0.0000E+00)  0.0000E+00 (0.0000E+00)  0.0000E+00 (0.0000E+00)  0.0000E+00 (0.0000E+00)
   14.5500  0.0000E+00 (0.0000E+00)  0.0000E+00 (0.0000E+00)  0.0000E+00 (0.0000E+00)  0.0000E+00 (0.0000E+00)
   14.6500  0.0000E+00 (0.0000E+00)  0.0000E+00 (0.0000E+00)  0.0000E+00 (0.0000E+00)  0.0000E+00 (0.0000E+00)
   14.7500  0.0000E+00 (0.0000E+00)  0.0000E+00 (0.0000E+00)  0.0000E+00 (0.0000E+00)  0.0000E+00 (0.0000E+00)
   14.8500  0.0000E+00 (0.0000E+00)  0.0000E+00 (0.0000E+00)  0.0000E+00 (0.0000E+00)  0.0000E+00 (0.0000E+00)
   14.9500  0.0000E+00 (0.0000E+00)  0.0000E+00 (0.0000E+00)  0.0000E+00 (0.0000E+00)  0.0000E+00 (0.0000E+00)
   15.0500  0.0000E+00 (0.0000E+00)  0.0000E+00 (0.0000E+00)  0.0000E+00 (0.0000E+00)  0.0000E+00 (0.0000E+00)
   15.1500  0.0000E+00 (0.0000E+00)  0.0000E+00 (0.0000E+00)  0.0000E+00 (0.0000E+00)  0.0000E+00 (0.0000E+00)
   15.2500  0.0000E+00 (0.0000E+00)  0.0000E+00 (0.0000E+00)  0.0000E+00 (0.0000E+00)  0.0000E+00 (0.0000E+00)
   15.3500  0.0000E+00 (0.0000E+00)  0.0000E+00 (0.0000E+00)  0.0000E+00 (0.0000E+00)  0.0000E+00 (0.0000E+00)
   15.4500  0.0000E+00 (0.0000E+00)  0.0000E+00 (0.0000E+00)  0.0000E+00 (0.0000E+00)  0.0000E+00 (0.0000E+00)
   15.5500  0.0000E+00 (0.0000E+00)  0.0000E+00 (0.0000E+00)  0.0000E+00 (0.0000E+00)  0.0000E+00 (0.0000E+00)
   15.6500  0.0000E+00 (0.0000E+00)  0.0000E+00 (0.0000E+00)  0.0000E+00 (0.0000E+00)  0.0000E+00 (0.0000E+00)
   15.7500  0.0000E+00 (0.0000E+00)  0.0000E+00 (0.0000E+00)  0.0000E+00 (0.0000E+00)  0.0000E+00 (0.0000E+00)
   15.8500  0.0000E+00 (0.0000E+00)  0.0000E+00 (0.0000E+00)  0.0000E+00 (0.0000E+00)  0.0000E+00 (0.0000E+00)
   15.9500  0.0000E+00 (0.0000E+00)  0.0000E+00 (0.0000E+00)  0.0000E+00 (0.0000E+00)  0.0000E+00 (0.0000E+00)
   16.0500  0.0000E+00 (0.0000E+00)  0.0000E+00 (0.0000E+00)  0.0000E+00 (0.0000E+00)  0.0000E+00 (0.0000E+00)
   16.1500  0.0000E+00 (0.0000E+00)  0.0000E+00 (0.0000E+00)  0.0000E+00 (0.0000E+00)  0.0000E+00 (0.0000E+00)
   16.2500  0.0000E+00 (0.0000E+00)  0.0000E+00 (0.0000E+00)  0.0000E+00 (0.0000E+00)  0.0000E+00 (0.0000E+00)
   16.3500  0.0000E+00 (0.0000E+00)  0.0000E+00 (0.0000E+00)  0.0000E+00 (0.0000E+00)  0.0000E+00 (0.0000E+00)
   16.4500  0.0000E+00 (0.0000E+00)  0.0000E+00 (0.0000E+00)  0.0000E+00 (0.0000E+00)  0.0000E+00 (0.0000E+00)
   16.5500  0.0000E+00 (0.0000E+00)  0.0000E+00 (0.0000E+00)  0.0000E+00 (0.0000E+00)  0.0000E+00 (0.0000E+00)
   16.6500  0.0000E+00 (0.0000E+00)  0.0000E+00 (0.0000E+00)  0.0000E+00 (0.0000E+00)  0.0000E+00 (0.0000E+00)
   16.7500  0.0000E+00 (0.0000E+00)  0.0000E+00 (0.0000E+00)  0.0000E+00 (0.0000E+00)  0.0000E+00 (0.0000E+00)
   16.8500  0.0000E+00 (0.0000E+00)  0.0000E+00 (0.0000E+00)  0.0000E+00 (0.0000E+00)  0.0000E+00 (0.0000E+00)
   16.9500  0.0000E+00 (0.0000E+00)  0.0000E+00 (0.0000E+00)  0.0000E+00 (0.0000E+00)  0.0000E+00 (0.0000E+00)
   17.0500  0.0000E+00 (0.0000E+00)  0.0000E+00 (0.0000E+00)  0.0000E+00 (0.0000E+00)  0.0000E+00 (0.0000E+00)
   17.1500  0.0000E+00 (0.0000E+00)  0.0000E+00 (0.0000E+00)  0.0000E+00 (0.0000E+00)  0.0000E+00 (0.0000E+00)
   17.2500  0.0000E+00 (0.0000E+00)  0.0000E+00 (0.0000E+00)  0.0000E+00 (0.0000E+00)  0.0000E+00 (0.0000E+00)
   17.3500  0.0000E+00 (0.0000E+00)  0.0000E+00 (0.0000E+00)  0.0000E+00 (0.0000E+00)  0.0000E+00 (0.0000E+00)
   17.4500  0.0000E+00 (0.0000E+00)  0.0000E+00 (0.0000E+00)  0.0000E+00 (0.0000E+00)  0.0000E+00 (0.0000E+00)
   17.5500  0.0000E+00 (0.0000E+00)  0.0000E+00 (0.0000E+00)  0.0000E+00 (0.0000E+00)  0.0000E+00 (0.0000E+00)
   17.6500  0.0000E+00 (0.0000E+00)  0.0000E+00 (0.0000E+00)  0.0000E+00 (0.0000E+00)  0.0000E+00 (0.0000E+00)
   17.7500  0.0000E+00 (0.0000E+00)  0.0000E+00 (0.0000E+00)  0.0000E+00 (0.0000E+00)  0.0000E+00 (0.0000E+00)
   17.8500  0.0000E+00 (0.0000E+00)  0.0000E+00 (0.0000E+00)  0.0000E+00 (0.0000E+00)  0.0000E+00 (0.0000E+00)
   17.9500  0.0000E+00 (0.0000E+00)  0.0000E+00 (0.0000E+00)  0.0000E+00 (0.0000E+00)  0.0000E+00 (0.0000E+00)
   18.0500  0.0000E+00 (0.0000E+00)  0.0000E+00 (0.0000E+00)  0.0000E+00 (0.0000E+00)  0.0000E+00 (0.0000E+00)
   18.1500  0.0000E+00 (0.0000E+00)  0.0000E+00 (0.0000E+00)  0.0000E+00 (0.0000E+00)  0.0000E+00 (0.0000E+00)
   18.2500  0.0000E+00 (0.0000E+00)  0.0000E+00 (0.0000E+00)  0.0000E+00 (0.0000E+00)  0.0000E+00 (0.0000E+00)
   18.3500  0.0000E+00 (0.0000E+00)  0.0000E+00 (0.0000E+00)  0.0000E+00 (0.0000E+00)  0.0000E+00 (0.0000E+00)
   18.4500  0.0000E+00 (0.0000E+00)  0.0000E+00 (0.0000E+00)  0.0000E+00 (0.0000E+00)  0.0000E+00 (0.0000E+00)
   18.5500  0.0000E+00 (0.0000E+00)  0.0000E+00 (0.0000E+00)  0.0000E+00 (0.0000E+00)  0.0000E+00 (0.0000E+00)
   18.6500  0.0000E+00 (0.0000E+00)  0.0000E+00 (0.0000E+00)  0.0000E+00 (0.0000E+00)  0.0000E+00 (0.0000E+00)
   18.7500  0.0000E+00 (0.0000E+00)  0.0000E+00 (0.0000E+00)  0.0000E+00 (0.0000E+00)  0.0000E+00 (0.0000E+00)
   18.8500  0.0000E+00 (0.0000E+00)  0.0000E+00 (0.0000E+00)  0.0000E+00 (0.0000E+00)  0.0000E+00 (0.0000E+00)
   18.9500  0.0000E+00 (0.0000E+00)  0.0000E+00 (0.0000E+00)  0.0000E+00 (0.0000E+00)  0.0000E+00 (0.0000E+00)
   19.0500  0.0000E+00 (0.0000E+00)  0.0000E+00 (0.0000E+00)  0.0000E+00 (0.0000E+00)  0.0000E+00 (0.0000E+00)
   19.1500  0.0000E+00 (0.0000E+00)  0.0000E+00 (0.0000E+00)  0.0000E+00 (0.0000E+00)  0.0000E+00 (0.0000E+00)
   19.2500  0.0000E+00 (0.0000E+00)  0.0000E+00 (0.0000E+00)  0.0000E+00 (0.0000E+00)  0.0000E+00 (0.0000E+00)
   19.3500  0.0000E+00 (0.0000E+00)  0.0000E+00 (0.0000E+00)  0.0000E+00 (0.0000E+00)  0.0000E+00 (0.0000E+00)
   19.4500  0.0000E+00 (0.0000E+00)  0.0000E+00 (0.0000E+00)  0.0000E+00 (0.0000E+00)  0.0000E+00 (0.0000E+00)
   19.5500  0.0000E+00 (0.0000E+00)  0.0000E+00 (0.0000E+00)  0.0000E+00 (0.0000E+00)  0.0000E+00 (0.0000E+00)
   19.6500  0.0000E+00 (0.0000E+00)  0.0000E+00 (0.0000E+00)  0.0000E+00 (0.0000E+00)  0.0000E+00 (0.0000E+00)
   19.7500  0.0000E+00 (0.0000E+00)  0.0000E+00 (0.0000E+00)  0.0000E+00 (0.0000E+00)  0.0000E+00 (0.0000E+00)
   19.8500  0.0000E+00 (0.0000E+00)  0.0000E+00 (0.0000E+00)  0.0000E+00 (0.0000E+00)  0.0000E+00 (0.0000E+00)
   19.9500  0.0000E+00 (0.0000E+00)  0.0000E+00 (0.0000E+00)  0.0000E+00 (0.0000E+00)  0.0000E+00 (0.0000E+00)
   --------------------------------------------------------------------
                   TWO-BODY R-SPACE DISTRIBUTIONS
   --------------------------------------------------------------------
   R_ij (fm)      NN (S=0)                NP (S=0)               PP (S=0)
    0.0500  0.4146E-01 (0.9769E-02)  0.3866E-01 (0.9047E-02)  0.3571E-01 (0.8360E-02)
    0.1500  0.3116E-01 (0.3072E-02)  0.2850E-01 (0.2788E-02)  0.2510E-01 (0.2498E-02)
    0.2500  0.3127E-01 (0.1890E-02)  0.2919E-01 (0.1747E-02)  0.2587E-01 (0.1571E-02)
    0.3500  0.3422E-01 (0.1426E-02)  0.3240E-01 (0.1338E-02)  0.2803E-01 (0.1174E-02)
    0.4500  0.4183E-01 (0.1263E-02)  0.4005E-01 (0.1196E-02)  0.3467E-01 (0.1049E-02)
    0.5500  0.4435E-01 (0.1097E-02)  0.4299E-01 (0.1050E-02)  0.3658E-01 (0.9097E-03)
    0.6500  0.5326E-01 (0.1037E-02)  0.5208E-01 (0.1002E-02)  0.4390E-01 (0.8608E-03)
    0.7500  0.5614E-01 (0.9334E-03)  0.5565E-01 (0.9138E-03)  0.4667E-01 (0.7801E-03)
    0.8500  0.6388E-01 (0.8839E-03)  0.6382E-01 (0.8737E-03)  0.5263E-01 (0.7316E-03)
    0.9500  0.6911E-01 (0.8221E-03)  0.6978E-01 (0.8226E-03)  0.5715E-01 (0.6849E-03)
    1.0500  0.7011E-01 (0.7589E-03)  0.7185E-01 (0.7729E-03)  0.5816E-01 (0.6348E-03)
    1.1500  0.6944E-01 (0.6817E-03)  0.7221E-01 (0.7054E-03)  0.5771E-01 (0.5723E-03)
    1.2500  0.6796E-01 (0.6111E-03)  0.7181E-01 (0.6426E-03)  0.5626E-01 (0.5125E-03)
    1.3500  0.6621E-01 (0.5520E-03)  0.7098E-01 (0.5887E-03)  0.5483E-01 (0.4629E-03)
    1.4500  0.6183E-01 (0.4888E-03)  0.6751E-01 (0.5297E-03)  0.5081E-01 (0.4021E-03)
    1.5500  0.5768E-01 (0.4424E-03)  0.6434E-01 (0.4923E-03)  0.4743E-01 (0.3678E-03)
    1.6500  0.5421E-01 (0.4020E-03)  0.6168E-01 (0.4562E-03)  0.4423E-01 (0.3302E-03)
    1.7500  0.4961E-01 (0.3591E-03)  0.5789E-01 (0.4160E-03)  0.4046E-01 (0.2935E-03)
    1.8500  0.4533E-01 (0.3225E-03)  0.5417E-01 (0.3824E-03)  0.3678E-01 (0.2637E-03)
    1.9500  0.4219E-01 (0.2857E-03)  0.5150E-01 (0.3456E-03)  0.3396E-01 (0.2332E-03)
    2.0500  0.3811E-01 (0.2569E-03)  0.4765E-01 (0.3167E-03)  0.3041E-01 (0.2074E-03)
    2.1500  0.3436E-01 (0.2327E-03)  0.4411E-01 (0.2945E-03)  0.2741E-01 (0.1875E-03)
    2.2500  0.3203E-01 (0.2103E-03)  0.4206E-01 (0.2700E-03)  0.2534E-01 (0.1680E-03)
    2.3500  0.2910E-01 (0.1899E-03)  0.3935E-01 (0.2505E-03)  0.2299E-01 (0.1512E-03)
    2.4500  0.2680E-01 (0.1731E-03)  0.3708E-01 (0.2320E-03)  0.2092E-01 (0.1361E-03)
    2.5500  0.2437E-01 (0.1532E-03)  0.3473E-01 (0.2116E-03)  0.1907E-01 (0.1212E-03)
    2.6500  0.2232E-01 (0.1403E-03)  0.3238E-01 (0.1968E-03)  0.1730E-01 (0.1099E-03)
    2.7500  0.2029E-01 (0.1275E-03)  0.3013E-01 (0.1836E-03)  0.1572E-01 (0.9976E-04)
    2.8500  0.1871E-01 (0.1159E-03)  0.2826E-01 (0.1696E-03)  0.1431E-01 (0.8972E-04)
    2.9500  0.1722E-01 (0.1060E-03)  0.2657E-01 (0.1577E-03)  0.1323E-01 (0.8202E-04)
    3.0500  0.1558E-01 (0.9660E-04)  0.2451E-01 (0.1466E-03)  0.1190E-01 (0.7434E-04)
    3.1500  0.1435E-01 (0.8802E-04)  0.2287E-01 (0.1359E-03)  0.1091E-01 (0.6802E-04)
    3.2500  0.1326E-01 (0.8225E-04)  0.2144E-01 (0.1278E-03)  0.1013E-01 (0.6303E-04)
    3.3500  0.1205E-01 (0.7571E-04)  0.1965E-01 (0.1193E-03)  0.9131E-02 (0.5796E-04)
    3.4500  0.1113E-01 (0.7047E-04)  0.1830E-01 (0.1117E-03)  0.8419E-02 (0.5349E-04)
    3.5500  0.1006E-01 (0.6474E-04)  0.1670E-01 (0.1039E-03)  0.7616E-02 (0.4930E-04)
    3.6500  0.9248E-02 (0.6080E-04)  0.1545E-01 (0.9830E-04)  0.6991E-02 (0.4630E-04)
    3.7500  0.8351E-02 (0.5553E-04)  0.1401E-01 (0.9030E-04)  0.6287E-02 (0.4198E-04)
    3.8500  0.7664E-02 (0.5146E-04)  0.1290E-01 (0.8444E-04)  0.5757E-02 (0.3903E-04)
    3.9500  0.6956E-02 (0.4788E-04)  0.1179E-01 (0.7908E-04)  0.5259E-02 (0.3663E-04)
    4.0500  0.6286E-02 (0.4468E-04)  0.1063E-01 (0.7361E-04)  0.4775E-02 (0.3427E-04)
    4.1500  0.5676E-02 (0.4159E-04)  0.9573E-02 (0.6828E-04)  0.4274E-02 (0.3157E-04)
    4.2500  0.5151E-02 (0.3920E-04)  0.8695E-02 (0.6465E-04)  0.3874E-02 (0.2964E-04)
    4.3500  0.4600E-02 (0.3638E-04)  0.7747E-02 (0.6000E-04)  0.3469E-02 (0.2774E-04)
    4.4500  0.4101E-02 (0.3390E-04)  0.6876E-02 (0.5571E-04)  0.3083E-02 (0.2564E-04)
    4.5500  0.3743E-02 (0.3157E-04)  0.6262E-02 (0.5199E-04)  0.2816E-02 (0.2414E-04)
    4.6500  0.3342E-02 (0.2940E-04)  0.5553E-02 (0.4803E-04)  0.2497E-02 (0.2225E-04)
    4.7500  0.2905E-02 (0.2706E-04)  0.4805E-02 (0.4417E-04)  0.2175E-02 (0.2061E-04)
    4.8500  0.2603E-02 (0.2535E-04)  0.4303E-02 (0.4135E-04)  0.1956E-02 (0.1932E-04)
    4.9500  0.2289E-02 (0.2329E-04)  0.3752E-02 (0.3780E-04)  0.1700E-02 (0.1769E-04)
    5.0500  0.2046E-02 (0.2186E-04)  0.3329E-02 (0.3515E-04)  0.1518E-02 (0.1646E-04)
    5.1500  0.1786E-02 (0.2012E-04)  0.2898E-02 (0.3221E-04)  0.1334E-02 (0.1522E-04)
    5.2500  0.1578E-02 (0.1876E-04)  0.2549E-02 (0.2997E-04)  0.1183E-02 (0.1428E-04)
    5.3500  0.1340E-02 (0.1734E-04)  0.2142E-02 (0.2748E-04)  0.9921E-03 (0.1306E-04)
    5.4500  0.1201E-02 (0.1589E-04)  0.1917E-02 (0.2504E-04)  0.8976E-03 (0.1198E-04)
    5.5500  0.1046E-02 (0.1476E-04)  0.1663E-02 (0.2317E-04)  0.7801E-03 (0.1115E-04)
    5.6500  0.8938E-03 (0.1339E-04)  0.1402E-02 (0.2082E-04)  0.6572E-03 (0.1006E-04)
    5.7500  0.7571E-03 (0.1207E-04)  0.1184E-02 (0.1861E-04)  0.5582E-03 (0.9068E-05)
    5.8500  0.6622E-03 (0.1127E-04)  0.1022E-02 (0.1723E-04)  0.4809E-03 (0.8369E-05)
    5.9500  0.5422E-03 (0.1005E-04)  0.8318E-03 (0.1518E-04)  0.3978E-03 (0.7502E-05)
    6.0500  0.4682E-03 (0.9256E-05)  0.7123E-03 (0.1388E-04)  0.3387E-03 (0.6825E-05)
    6.1500  0.4139E-03 (0.8640E-05)  0.6248E-03 (0.1284E-04)  0.2970E-03 (0.6290E-05)
    6.2500  0.3449E-03 (0.7716E-05)  0.5159E-03 (0.1137E-04)  0.2482E-03 (0.5636E-05)
    6.3500  0.3001E-03 (0.7187E-05)  0.4453E-03 (0.1052E-04)  0.2153E-03 (0.5294E-05)
    6.4500  0.2486E-03 (0.6508E-05)  0.3671E-03 (0.9457E-05)  0.1753E-03 (0.4695E-05)
    6.5500  0.2175E-03 (0.5915E-05)  0.3171E-03 (0.8465E-05)  0.1531E-03 (0.4236E-05)
    6.6500  0.1850E-03 (0.5405E-05)  0.2668E-03 (0.7670E-05)  0.1288E-03 (0.3898E-05)
    6.7500  0.1520E-03 (0.4881E-05)  0.2175E-03 (0.6850E-05)  0.1075E-03 (0.3500E-05)
    6.8500  0.1258E-03 (0.4368E-05)  0.1787E-03 (0.6081E-05)  0.8748E-04 (0.3126E-05)
    6.9500  0.1080E-03 (0.4075E-05)  0.1513E-03 (0.5561E-05)  0.7281E-04 (0.2830E-05)
    7.0500  0.9224E-04 (0.3703E-05)  0.1290E-03 (0.5082E-05)  0.6244E-04 (0.2572E-05)
    7.1500  0.7010E-04 (0.3148E-05)  0.9572E-04 (0.4189E-05)  0.4741E-04 (0.2193E-05)
    7.2500  0.5901E-04 (0.2976E-05)  0.8035E-04 (0.3969E-05)  0.3909E-04 (0.2050E-05)
    7.3500  0.5612E-04 (0.2816E-05)  0.7548E-04 (0.3704E-05)  0.3741E-04 (0.1949E-05)
    7.4500  0.4386E-04 (0.2434E-05)  0.5881E-04 (0.3204E-05)  0.2827E-04 (0.1623E-05)
    7.5500  0.3635E-04 (0.2196E-05)  0.4904E-04 (0.2878E-05)  0.2429E-04 (0.1522E-05)
    7.6500  0.3235E-04 (0.2069E-05)  0.4243E-04 (0.2664E-05)  0.2108E-04 (0.1398E-05)
    7.7500  0.2491E-04 (0.1839E-05)  0.3188E-04 (0.2310E-05)  0.1610E-04 (0.1241E-05)
    7.8500  0.1973E-04 (0.1579E-05)  0.2569E-04 (0.2010E-05)  0.1232E-04 (0.1031E-05)
    7.9500  0.1631E-04 (0.1398E-05)  0.2099E-04 (0.1771E-05)  0.1023E-04 (0.9188E-06)
    8.0500  0.1577E-04 (0.1401E-05)  0.2020E-04 (0.1749E-05)  0.1017E-04 (0.9330E-06)
    8.1500  0.1052E-04 (0.1148E-05)  0.1293E-04 (0.1389E-05)  0.6246E-05 (0.7105E-06)
    8.2500  0.9331E-05 (0.1057E-05)  0.1163E-04 (0.1306E-05)  0.6200E-05 (0.7365E-06)
    8.3500  0.6646E-05 (0.8417E-06)  0.8421E-05 (0.1036E-05)  0.4294E-05 (0.5724E-06)
    8.4500  0.5917E-05 (0.7923E-06)  0.7330E-05 (0.9535E-06)  0.3564E-05 (0.5008E-06)
    8.5500  0.5310E-05 (0.7830E-06)  0.6779E-05 (0.9709E-06)  0.3436E-05 (0.5287E-06)
    8.6500  0.4703E-05 (0.7113E-06)  0.5564E-05 (0.8205E-06)  0.3038E-05 (0.4828E-06)
    8.7500  0.3709E-05 (0.6174E-06)  0.4415E-05 (0.7166E-06)  0.2157E-05 (0.3780E-06)
    8.8500  0.4652E-05 (0.7197E-06)  0.5239E-05 (0.7973E-06)  0.2785E-05 (0.4580E-06)
    8.9500  0.3013E-05 (0.5469E-06)  0.3753E-05 (0.6773E-06)  0.1916E-05 (0.3609E-06)
    9.0500  0.1998E-05 (0.5154E-06)  0.2169E-05 (0.5326E-06)  0.1174E-05 (0.3164E-06)
    9.1500  0.1472E-05 (0.3752E-06)  0.1819E-05 (0.4421E-06)  0.9773E-06 (0.2558E-06)
    9.2500  0.1644E-05 (0.4119E-06)  0.1825E-05 (0.4430E-06)  0.9640E-06 (0.2469E-06)
    9.3500  0.1097E-05 (0.3170E-06)  0.1340E-05 (0.3723E-06)  0.6329E-06 (0.1908E-06)
    9.4500  0.1061E-05 (0.3444E-06)  0.1047E-05 (0.3318E-06)  0.5198E-06 (0.1785E-06)
    9.5500  0.6901E-06 (0.2359E-06)  0.8708E-06 (0.2905E-06)  0.4321E-06 (0.1580E-06)
    9.6500  0.1845E-06 (0.1317E-06)  0.2038E-06 (0.1442E-06)  0.1210E-06 (0.8606E-07)
    9.7500  0.6557E-06 (0.2603E-06)  0.6805E-06 (0.2578E-06)  0.4267E-06 (0.1667E-06)
    9.8500  0.2521E-06 (0.1286E-06)  0.3514E-06 (0.1757E-06)  0.1888E-06 (0.9608E-07)
    9.9500  0.4947E-06 (0.2106E-06)  0.5593E-06 (0.2290E-06)  0.2793E-06 (0.1280E-06)
   10.0500  0.1500E-06 (0.1072E-06)  0.1743E-06 (0.1233E-06)  0.7160E-07 (0.5071E-07)
   10.1500  0.8682E-07 (0.8682E-07)  0.9430E-07 (0.9429E-07)  0.7340E-07 (0.7340E-07)
   10.2500  0.3565E-06 (0.2128E-06)  0.3709E-06 (0.2236E-06)  0.2967E-06 (0.1754E-06)
   10.3500  0.2113E-06 (0.1309E-06)  0.2544E-06 (0.1477E-06)  0.1611E-06 (0.9858E-07)
   10.4500  0.2797E-06 (0.1620E-06)  0.2592E-06 (0.1497E-06)  0.1304E-06 (0.8592E-07)
   10.5500  0.4305E-07 (0.4305E-07)  0.7626E-07 (0.7626E-07)  0.3938E-07 (0.3938E-07)
   10.6500  0.8274E-07 (0.8274E-07)  0.8156E-07 (0.8156E-07)  0.4498E-07 (0.4497E-07)
   10.7500  0.4223E-07 (0.4223E-07)  0.7132E-07 (0.7132E-07)  0.3309E-07 (0.3309E-07)
   10.8500  0.5644E-07 (0.5644E-07)  0.7505E-07 (0.7504E-07)  0.4976E-07 (0.4975E-07)
   10.9500  0.0000E+00 (0.0000E+00)  0.0000E+00 (0.0000E+00)  0.0000E+00 (0.0000E+00)
   11.0500  0.7307E-07 (0.7307E-07)  0.8174E-07 (0.8174E-07)  0.4876E-07 (0.4876E-07)
   11.1500  0.8006E-07 (0.8005E-07)  0.7723E-07 (0.7723E-07)  0.4882E-07 (0.4882E-07)
   11.2500  0.5410E-07 (0.5410E-07)  0.7227E-07 (0.7226E-07)  0.4246E-07 (0.4246E-07)
   11.3500  0.0000E+00 (0.0000E+00)  0.0000E+00 (0.0000E+00)  0.0000E+00 (0.0000E+00)
   11.4500  0.0000E+00 (0.0000E+00)  0.0000E+00 (0.0000E+00)  0.0000E+00 (0.0000E+00)
   11.5500  0.0000E+00 (0.0000E+00)  0.0000E+00 (0.0000E+00)  0.0000E+00 (0.0000E+00)
   11.6500  0.0000E+00 (0.0000E+00)  0.0000E+00 (0.0000E+00)  0.0000E+00 (0.0000E+00)
   11.7500  0.0000E+00 (0.0000E+00)  0.0000E+00 (0.0000E+00)  0.0000E+00 (0.0000E+00)
   11.8500  0.0000E+00 (0.0000E+00)  0.0000E+00 (0.0000E+00)  0.0000E+00 (0.0000E+00)
   11.9500  0.0000E+00 (0.0000E+00)  0.0000E+00 (0.0000E+00)  0.0000E+00 (0.0000E+00)
   12.0500  0.0000E+00 (0.0000E+00)  0.0000E+00 (0.0000E+00)  0.0000E+00 (0.0000E+00)
   12.1500  0.0000E+00 (0.0000E+00)  0.0000E+00 (0.0000E+00)  0.0000E+00 (0.0000E+00)
   12.2500  0.0000E+00 (0.0000E+00)  0.0000E+00 (0.0000E+00)  0.0000E+00 (0.0000E+00)
   12.3500  0.0000E+00 (0.0000E+00)  0.0000E+00 (0.0000E+00)  0.0000E+00 (0.0000E+00)
   12.4500  0.0000E+00 (0.0000E+00)  0.0000E+00 (0.0000E+00)  0.0000E+00 (0.0000E+00)
   12.5500  0.0000E+00 (0.0000E+00)  0.0000E+00 (0.0000E+00)  0.0000E+00 (0.0000E+00)
   12.6500  0.0000E+00 (0.0000E+00)  0.0000E+00 (0.0000E+00)  0.0000E+00 (0.0000E+00)
   12.7500  0.0000E+00 (0.0000E+00)  0.0000E+00 (0.0000E+00)  0.0000E+00 (0.0000E+00)
   12.8500  0.0000E+00 (0.0000E+00)  0.0000E+00 (0.0000E+00)  0.0000E+00 (0.0000E+00)
   12.9500  0.0000E+00 (0.0000E+00)  0.0000E+00 (0.0000E+00)  0.0000E+00 (0.0000E+00)
   13.0500  0.0000E+00 (0.0000E+00)  0.0000E+00 (0.0000E+00)  0.0000E+00 (0.0000E+00)
   13.1500  0.0000E+00 (0.0000E+00)  0.0000E+00 (0.0000E+00)  0.0000E+00 (0.0000E+00)
   13.2500  0.0000E+00 (0.0000E+00)  0.0000E+00 (0.0000E+00)  0.0000E+00 (0.0000E+00)
   13.3500  0.0000E+00 (0.0000E+00)  0.0000E+00 (0.0000E+00)  0.0000E+00 (0.0000E+00)
   13.4500  0.0000E+00 (0.0000E+00)  0.0000E+00 (0.0000E+00)  0.0000E+00 (0.0000E+00)
   13.5500  0.0000E+00 (0.0000E+00)  0.0000E+00 (0.0000E+00)  0.0000E+00 (0.0000E+00)
   13.6500  0.0000E+00 (0.0000E+00)  0.0000E+00 (0.0000E+00)  0.0000E+00 (0.0000E+00)
   13.7500  0.0000E+00 (0.0000E+00)  0.0000E+00 (0.0000E+00)  0.0000E+00 (0.0000E+00)
   13.8500  0.0000E+00 (0.0000E+00)  0.0000E+00 (0.0000E+00)  0.0000E+00 (0.0000E+00)
   13.9500  0.0000E+00 (0.0000E+00)  0.0000E+00 (0.0000E+00)  0.0000E+00 (0.0000E+00)
   14.0500  0.0000E+00 (0.0000E+00)  0.0000E+00 (0.0000E+00)  0.0000E+00 (0.0000E+00)
   14.1500  0.0000E+00 (0.0000E+00)  0.0000E+00 (0.0000E+00)  0.0000E+00 (0.0000E+00)
   14.2500  0.0000E+00 (0.0000E+00)  0.0000E+00 (0.0000E+00)  0.0000E+00 (0.0000E+00)
   14.3500  0.0000E+00 (0.0000E+00)  0.0000E+00 (0.0000E+00)  0.0000E+00 (0.0000E+00)
   14.4500  0.0000E+00 (0.0000E+00)  0.0000E+00 (0.0000E+00)  0.0000E+00 (0.0000E+00)
   14.5500  0.0000E+00 (0.0000E+00)  0.0000E+00 (0.0000E+00)  0.0000E+00 (0.0000E+00)
   14.6500  0.0000E+00 (0.0000E+00)  0.0000E+00 (0.0000E+00)  0.0000E+00 (0.0000E+00)
   14.7500  0.0000E+00 (0.0000E+00)  0.0000E+00 (0.0000E+00)  0.0000E+00 (0.0000E+00)
   14.8500  0.0000E+00 (0.0000E+00)  0.0000E+00 (0.0000E+00)  0.0000E+00 (0.0000E+00)
   14.9500  0.0000E+00 (0.0000E+00)  0.0000E+00 (0.0000E+00)  0.0000E+00 (0.0000E+00)
   15.0500  0.0000E+00 (0.0000E+00)  0.0000E+00 (0.0000E+00)  0.0000E+00 (0.0000E+00)
   15.1500  0.0000E+00 (0.0000E+00)  0.0000E+00 (0.0000E+00)  0.0000E+00 (0.0000E+00)
   15.2500  0.0000E+00 (0.0000E+00)  0.0000E+00 (0.0000E+00)  0.0000E+00 (0.0000E+00)
   15.3500  0.0000E+00 (0.0000E+00)  0.0000E+00 (0.0000E+00)  0.0000E+00 (0.0000E+00)
   15.4500  0.0000E+00 (0.0000E+00)  0.0000E+00 (0.0000E+00)  0.0000E+00 (0.0000E+00)
   15.5500  0.0000E+00 (0.0000E+00)  0.0000E+00 (0.0000E+00)  0.0000E+00 (0.0000E+00)
   15.6500  0.0000E+00 (0.0000E+00)  0.0000E+00 (0.0000E+00)  0.0000E+00 (0.0000E+00)
   15.7500  0.0000E+00 (0.0000E+00)  0.0000E+00 (0.0000E+00)  0.0000E+00 (0.0000E+00)
   15.8500  0.0000E+00 (0.0000E+00)  0.0000E+00 (0.0000E+00)  0.0000E+00 (0.0000E+00)
   15.9500  0.0000E+00 (0.0000E+00)  0.0000E+00 (0.0000E+00)  0.0000E+00 (0.0000E+00)
   16.0500  0.0000E+00 (0.0000E+00)  0.0000E+00 (0.0000E+00)  0.0000E+00 (0.0000E+00)
   16.1500  0.0000E+00 (0.0000E+00)  0.0000E+00 (0.0000E+00)  0.0000E+00 (0.0000E+00)
   16.2500  0.0000E+00 (0.0000E+00)  0.0000E+00 (0.0000E+00)  0.0000E+00 (0.0000E+00)
   16.3500  0.0000E+00 (0.0000E+00)  0.0000E+00 (0.0000E+00)  0.0000E+00 (0.0000E+00)
   16.4500  0.0000E+00 (0.0000E+00)  0.0000E+00 (0.0000E+00)  0.0000E+00 (0.0000E+00)
   16.5500  0.0000E+00 (0.0000E+00)  0.0000E+00 (0.0000E+00)  0.0000E+00 (0.0000E+00)
   16.6500  0.0000E+00 (0.0000E+00)  0.0000E+00 (0.0000E+00)  0.0000E+00 (0.0000E+00)
   16.7500  0.0000E+00 (0.0000E+00)  0.0000E+00 (0.0000E+00)  0.0000E+00 (0.0000E+00)
   16.8500  0.0000E+00 (0.0000E+00)  0.0000E+00 (0.0000E+00)  0.0000E+00 (0.0000E+00)
   16.9500  0.0000E+00 (0.0000E+00)  0.0000E+00 (0.0000E+00)  0.0000E+00 (0.0000E+00)
   17.0500  0.0000E+00 (0.0000E+00)  0.0000E+00 (0.0000E+00)  0.0000E+00 (0.0000E+00)
   17.1500  0.0000E+00 (0.0000E+00)  0.0000E+00 (0.0000E+00)  0.0000E+00 (0.0000E+00)
   17.2500  0.0000E+00 (0.0000E+00)  0.0000E+00 (0.0000E+00)  0.0000E+00 (0.0000E+00)
   17.3500  0.0000E+00 (0.0000E+00)  0.0000E+00 (0.0000E+00)  0.0000E+00 (0.0000E+00)
   17.4500  0.0000E+00 (0.0000E+00)  0.0000E+00 (0.0000E+00)  0.0000E+00 (0.0000E+00)
   17.5500  0.0000E+00 (0.0000E+00)  0.0000E+00 (0.0000E+00)  0.0000E+00 (0.0000E+00)
   17.6500  0.0000E+00 (0.0000E+00)  0.0000E+00 (0.0000E+00)  0.0000E+00 (0.0000E+00)
   17.7500  0.0000E+00 (0.0000E+00)  0.0000E+00 (0.0000E+00)  0.0000E+00 (0.0000E+00)
   17.8500  0.0000E+00 (0.0000E+00)  0.0000E+00 (0.0000E+00)  0.0000E+00 (0.0000E+00)
   17.9500  0.0000E+00 (0.0000E+00)  0.0000E+00 (0.0000E+00)  0.0000E+00 (0.0000E+00)
   18.0500  0.0000E+00 (0.0000E+00)  0.0000E+00 (0.0000E+00)  0.0000E+00 (0.0000E+00)
   18.1500  0.0000E+00 (0.0000E+00)  0.0000E+00 (0.0000E+00)  0.0000E+00 (0.0000E+00)
   18.2500  0.0000E+00 (0.0000E+00)  0.0000E+00 (0.0000E+00)  0.0000E+00 (0.0000E+00)
   18.3500  0.0000E+00 (0.0000E+00)  0.0000E+00 (0.0000E+00)  0.0000E+00 (0.0000E+00)
   18.4500  0.0000E+00 (0.0000E+00)  0.0000E+00 (0.0000E+00)  0.0000E+00 (0.0000E+00)
   18.5500  0.0000E+00 (0.0000E+00)  0.0000E+00 (0.0000E+00)  0.0000E+00 (0.0000E+00)
   18.6500  0.0000E+00 (0.0000E+00)  0.0000E+00 (0.0000E+00)  0.0000E+00 (0.0000E+00)
   18.7500  0.0000E+00 (0.0000E+00)  0.0000E+00 (0.0000E+00)  0.0000E+00 (0.0000E+00)
   18.8500  0.0000E+00 (0.0000E+00)  0.0000E+00 (0.0000E+00)  0.0000E+00 (0.0000E+00)
   18.9500  0.0000E+00 (0.0000E+00)  0.0000E+00 (0.0000E+00)  0.0000E+00 (0.0000E+00)
   19.0500  0.0000E+00 (0.0000E+00)  0.0000E+00 (0.0000E+00)  0.0000E+00 (0.0000E+00)
   19.1500  0.0000E+00 (0.0000E+00)  0.0000E+00 (0.0000E+00)  0.0000E+00 (0.0000E+00)
   19.2500  0.0000E+00 (0.0000E+00)  0.0000E+00 (0.0000E+00)  0.0000E+00 (0.0000E+00)
   19.3500  0.0000E+00 (0.0000E+00)  0.0000E+00 (0.0000E+00)  0.0000E+00 (0.0000E+00)
   19.4500  0.0000E+00 (0.0000E+00)  0.0000E+00 (0.0000E+00)  0.0000E+00 (0.0000E+00)
   19.5500  0.0000E+00 (0.0000E+00)  0.0000E+00 (0.0000E+00)  0.0000E+00 (0.0000E+00)
   19.6500  0.0000E+00 (0.0000E+00)  0.0000E+00 (0.0000E+00)  0.0000E+00 (0.0000E+00)
   19.7500  0.0000E+00 (0.0000E+00)  0.0000E+00 (0.0000E+00)  0.0000E+00 (0.0000E+00)
   19.8500  0.0000E+00 (0.0000E+00)  0.0000E+00 (0.0000E+00)  0.0000E+00 (0.0000E+00)
   19.9500  0.0000E+00 (0.0000E+00)  0.0000E+00 (0.0000E+00)  0.0000E+00 (0.0000E+00)
   --------------------------------------------------------------------
   R_ij (fm)      NN (S=1)                NP (S=1)               PP (S=1)
    0.0500  0.9038E-03 (0.3194E-03)  0.2712E+00 (0.6376E-01)  0.6520E-03 (0.2391E-03)
    0.1500  0.2716E-02 (0.4050E-03)  0.2020E+00 (0.1966E-01)  0.1924E-02 (0.3023E-03)
    0.2500  0.4213E-02 (0.3514E-03)  0.1909E+00 (0.1138E-01)  0.2827E-02 (0.2486E-03)
    0.3500  0.7285E-02 (0.4540E-03)  0.1966E+00 (0.8079E-02)  0.4959E-02 (0.3354E-03)
    0.4500  0.9916E-02 (0.4463E-03)  0.2220E+00 (0.6585E-02)  0.6646E-02 (0.2948E-03)
    0.5500  0.1221E-01 (0.3973E-03)  0.2167E+00 (0.5258E-02)  0.8388E-02 (0.2853E-03)
    0.6500  0.1582E-01 (0.4072E-03)  0.2418E+00 (0.4616E-02)  0.1097E-01 (0.2891E-03)
    0.7500  0.1788E-01 (0.3828E-03)  0.2421E+00 (0.3957E-02)  0.1263E-01 (0.2763E-03)
    0.8500  0.2271E-01 (0.4138E-03)  0.2630E+00 (0.3574E-02)  0.1603E-01 (0.3013E-03)
    0.9500  0.2667E-01 (0.4161E-03)  0.2760E+00 (0.3230E-02)  0.1870E-01 (0.2974E-03)
    1.0500  0.3098E-01 (0.4340E-03)  0.2740E+00 (0.2931E-02)  0.2184E-01 (0.3148E-03)
    1.1500  0.3506E-01 (0.4482E-03)  0.2676E+00 (0.2597E-02)  0.2484E-01 (0.3268E-03)
    1.2500  0.3973E-01 (0.4550E-03)  0.2612E+00 (0.2331E-02)  0.2806E-01 (0.3313E-03)
    1.3500  0.4391E-01 (0.4657E-03)  0.2546E+00 (0.2100E-02)  0.3079E-01 (0.3371E-03)
    1.4500  0.4729E-01 (0.4729E-03)  0.2384E+00 (0.1870E-02)  0.3296E-01 (0.3356E-03)
    1.5500  0.5018E-01 (0.4795E-03)  0.2235E+00 (0.1708E-02)  0.3489E-01 (0.3411E-03)
    1.6500  0.5298E-01 (0.4829E-03)  0.2116E+00 (0.1560E-02)  0.3674E-01 (0.3437E-03)
    1.7500  0.5424E-01 (0.4740E-03)  0.1961E+00 (0.1405E-02)  0.3760E-01 (0.3352E-03)
    1.8500  0.5506E-01 (0.4616E-03)  0.1810E+00 (0.1275E-02)  0.3783E-01 (0.3234E-03)
    1.9500  0.5580E-01 (0.4391E-03)  0.1707E+00 (0.1143E-02)  0.3825E-01 (0.3088E-03)
    2.0500  0.5499E-01 (0.4206E-03)  0.1566E+00 (0.1039E-02)  0.3763E-01 (0.2955E-03)
    2.1500  0.5362E-01 (0.4053E-03)  0.1435E+00 (0.9574E-03)  0.3658E-01 (0.2837E-03)
    2.2500  0.5355E-01 (0.3838E-03)  0.1357E+00 (0.8704E-03)  0.3637E-01 (0.2674E-03)
    2.3500  0.5240E-01 (0.3686E-03)  0.1259E+00 (0.8010E-03)  0.3567E-01 (0.2559E-03)
    2.4500  0.5140E-01 (0.3495E-03)  0.1179E+00 (0.7376E-03)  0.3466E-01 (0.2412E-03)
    2.5500  0.4974E-01 (0.3268E-03)  0.1097E+00 (0.6674E-03)  0.3385E-01 (0.2284E-03)
    2.6500  0.4751E-01 (0.3082E-03)  0.1016E+00 (0.6174E-03)  0.3220E-01 (0.2149E-03)
    2.7500  0.4522E-01 (0.2928E-03)  0.9409E-01 (0.5729E-03)  0.3084E-01 (0.2051E-03)
    2.8500  0.4339E-01 (0.2752E-03)  0.8775E-01 (0.5260E-03)  0.2944E-01 (0.1923E-03)
    2.9500  0.4139E-01 (0.2575E-03)  0.8207E-01 (0.4864E-03)  0.2822E-01 (0.1795E-03)
    3.0500  0.3888E-01 (0.2428E-03)  0.7536E-01 (0.4506E-03)  0.2648E-01 (0.1693E-03)
    3.1500  0.3668E-01 (0.2265E-03)  0.7007E-01 (0.4160E-03)  0.2509E-01 (0.1593E-03)
    3.2500  0.3463E-01 (0.2139E-03)  0.6546E-01 (0.3902E-03)  0.2377E-01 (0.1488E-03)
    3.3500  0.3214E-01 (0.2014E-03)  0.5983E-01 (0.3629E-03)  0.2195E-01 (0.1400E-03)
    3.4500  0.3002E-01 (0.1888E-03)  0.5552E-01 (0.3391E-03)  0.2058E-01 (0.1318E-03)
    3.5500  0.2756E-01 (0.1765E-03)  0.5053E-01 (0.3141E-03)  0.1889E-01 (0.1229E-03)
    3.6500  0.2562E-01 (0.1676E-03)  0.4663E-01 (0.2971E-03)  0.1755E-01 (0.1167E-03)
    3.7500  0.2333E-01 (0.1549E-03)  0.4220E-01 (0.2721E-03)  0.1594E-01 (0.1071E-03)
    3.8500  0.2153E-01 (0.1446E-03)  0.3880E-01 (0.2542E-03)  0.1475E-01 (0.1012E-03)
    3.9500  0.1964E-01 (0.1351E-03)  0.3538E-01 (0.2374E-03)  0.1357E-01 (0.9517E-04)
    4.0500  0.1763E-01 (0.1253E-03)  0.3190E-01 (0.2210E-03)  0.1222E-01 (0.8812E-04)
    4.1500  0.1592E-01 (0.1166E-03)  0.2868E-01 (0.2048E-03)  0.1098E-01 (0.8156E-04)
    4.2500  0.1448E-01 (0.1107E-03)  0.2604E-01 (0.1937E-03)  0.9962E-02 (0.7718E-04)
    4.3500  0.1285E-01 (0.1020E-03)  0.2318E-01 (0.1795E-03)  0.8866E-02 (0.7134E-04)
    4.4500  0.1139E-01 (0.9491E-04)  0.2056E-01 (0.1666E-03)  0.7833E-02 (0.6617E-04)
    4.5500  0.1032E-01 (0.8781E-04)  0.1872E-01 (0.1555E-03)  0.7127E-02 (0.6196E-04)
    4.6500  0.9167E-02 (0.8165E-04)  0.1658E-01 (0.1434E-03)  0.6261E-02 (0.5663E-04)
    4.7500  0.7904E-02 (0.7476E-04)  0.1434E-01 (0.1318E-03)  0.5394E-02 (0.5190E-04)
    4.8500  0.7037E-02 (0.6958E-04)  0.1284E-01 (0.1233E-03)  0.4843E-02 (0.4856E-04)
    4.9500  0.6149E-02 (0.6349E-04)  0.1119E-01 (0.1127E-03)  0.4171E-02 (0.4419E-04)
    5.0500  0.5429E-02 (0.5910E-04)  0.9930E-02 (0.1048E-03)  0.3676E-02 (0.4052E-04)
    5.1500  0.4697E-02 (0.5397E-04)  0.8632E-02 (0.9592E-04)  0.3185E-02 (0.3701E-04)
    5.2500  0.4098E-02 (0.4968E-04)  0.7595E-02 (0.8926E-04)  0.2798E-02 (0.3434E-04)
    5.3500  0.3446E-02 (0.4574E-04)  0.6377E-02 (0.8175E-04)  0.2315E-02 (0.3109E-04)
    5.4500  0.3058E-02 (0.4141E-04)  0.5708E-02 (0.7456E-04)  0.2071E-02 (0.2825E-04)
    5.5500  0.2649E-02 (0.3830E-04)  0.4944E-02 (0.6889E-04)  0.1781E-02 (0.2587E-04)
    5.6500  0.2236E-02 (0.3443E-04)  0.4169E-02 (0.6182E-04)  0.1478E-02 (0.2302E-04)
    5.7500  0.1875E-02 (0.3049E-04)  0.3521E-02 (0.5534E-04)  0.1238E-02 (0.2051E-04)
    5.8500  0.1617E-02 (0.2831E-04)  0.3036E-02 (0.5116E-04)  0.1052E-02 (0.1877E-04)
    5.9500  0.1300E-02 (0.2457E-04)  0.2469E-02 (0.4501E-04)  0.8547E-03 (0.1640E-04)
    6.0500  0.1115E-02 (0.2262E-04)  0.2116E-02 (0.4118E-04)  0.7202E-03 (0.1479E-04)
    6.1500  0.9775E-03 (0.2105E-04)  0.1855E-02 (0.3811E-04)  0.6244E-03 (0.1346E-04)
    6.2500  0.7948E-03 (0.1827E-04)  0.1529E-02 (0.3372E-04)  0.5125E-03 (0.1195E-04)
    6.3500  0.6817E-03 (0.1666E-04)  0.1319E-02 (0.3116E-04)  0.4340E-03 (0.1087E-04)
    6.4500  0.5682E-03 (0.1531E-04)  0.1085E-02 (0.2793E-04)  0.3526E-03 (0.9562E-05)
    6.5500  0.4835E-03 (0.1365E-04)  0.9366E-03 (0.2498E-04)  0.3013E-03 (0.8521E-05)
    6.6500  0.4069E-03 (0.1217E-04)  0.7886E-03 (0.2267E-04)  0.2492E-03 (0.7666E-05)
    6.7500  0.3249E-03 (0.1074E-04)  0.6427E-03 (0.2023E-04)  0.2014E-03 (0.6693E-05)
    6.8500  0.2684E-03 (0.9644E-05)  0.5274E-03 (0.1795E-04)  0.1607E-03 (0.5826E-05)
    6.9500  0.2284E-03 (0.8800E-05)  0.4436E-03 (0.1630E-04)  0.1329E-03 (0.5232E-05)
    7.0500  0.1934E-03 (0.7940E-05)  0.3800E-03 (0.1497E-04)  0.1136E-03 (0.4770E-05)
    7.1500  0.1392E-03 (0.6432E-05)  0.2810E-03 (0.1228E-04)  0.8098E-04 (0.3772E-05)
    7.2500  0.1188E-03 (0.6154E-05)  0.2356E-03 (0.1161E-04)  0.6710E-04 (0.3592E-05)
    7.3500  0.1103E-03 (0.5701E-05)  0.2217E-03 (0.1088E-04)  0.6119E-04 (0.3215E-05)
    7.4500  0.8718E-04 (0.4992E-05)  0.1726E-03 (0.9395E-05)  0.4799E-04 (0.2865E-05)
    7.5500  0.7122E-04 (0.4329E-05)  0.1445E-03 (0.8487E-05)  0.4045E-04 (0.2508E-05)
    7.6500  0.6026E-04 (0.4035E-05)  0.1244E-03 (0.7804E-05)  0.3262E-04 (0.2217E-05)
    7.7500  0.4416E-04 (0.3400E-05)  0.9345E-04 (0.6778E-05)  0.2347E-04 (0.1849E-05)
    7.8500  0.3735E-04 (0.3020E-05)  0.7459E-04 (0.5820E-05)  0.1949E-04 (0.1672E-05)
    7.9500  0.3077E-04 (0.2811E-05)  0.6143E-04 (0.5191E-05)  0.1499E-04 (0.1385E-05)
    8.0500  0.2820E-04 (0.2583E-05)  0.5890E-04 (0.5104E-05)  0.1466E-04 (0.1371E-05)
    8.1500  0.1828E-04 (0.2068E-05)  0.3807E-04 (0.4077E-05)  0.8538E-05 (0.1001E-05)
    8.2500  0.1517E-04 (0.1833E-05)  0.3432E-04 (0.3855E-05)  0.8029E-05 (0.1002E-05)
    8.3500  0.1123E-04 (0.1471E-05)  0.2486E-04 (0.3060E-05)  0.5850E-05 (0.7951E-06)
    8.4500  0.1024E-04 (0.1408E-05)  0.2147E-04 (0.2795E-05)  0.4987E-05 (0.7104E-06)
    8.5500  0.9272E-05 (0.1398E-05)  0.1983E-04 (0.2819E-05)  0.4985E-05 (0.7785E-06)
    8.6500  0.6727E-05 (0.1057E-05)  0.1642E-04 (0.2420E-05)  0.3367E-05 (0.5473E-06)
    8.7500  0.5951E-05 (0.1012E-05)  0.1311E-04 (0.2128E-05)  0.2799E-05 (0.4922E-06)
    8.8500  0.6304E-05 (0.1023E-05)  0.1542E-04 (0.2361E-05)  0.2803E-05 (0.4728E-06)
    8.9500  0.4971E-05 (0.9420E-06)  0.1125E-04 (0.2033E-05)  0.2583E-05 (0.5298E-06)
    9.0500  0.2405E-05 (0.5958E-06)  0.6286E-05 (0.1520E-05)  0.9919E-06 (0.2630E-06)
    9.1500  0.2276E-05 (0.5895E-06)  0.5370E-05 (0.1304E-05)  0.1235E-05 (0.3353E-06)
    9.2500  0.2074E-05 (0.5294E-06)  0.5375E-05 (0.1306E-05)  0.9853E-06 (0.2734E-06)
    9.3500  0.1886E-05 (0.5526E-06)  0.3895E-05 (0.1082E-05)  0.7788E-06 (0.2425E-06)
    9.4500  0.1119E-05 (0.3836E-06)  0.3044E-05 (0.9637E-06)  0.4615E-06 (0.1685E-06)
    9.5500  0.1274E-05 (0.4541E-06)  0.2610E-05 (0.8719E-06)  0.5139E-06 (0.1925E-06)
    9.6500  0.1851E-06 (0.1314E-06)  0.5683E-06 (0.4019E-06)  0.1280E-06 (0.9229E-07)
    9.7500  0.5286E-06 (0.2140E-06)  0.2118E-05 (0.8031E-06)  0.3594E-06 (0.1651E-06)
    9.8500  0.4642E-06 (0.2366E-06)  0.1132E-05 (0.5676E-06)  0.2811E-06 (0.1478E-06)
    9.9500  0.6581E-06 (0.2926E-06)  0.1629E-05 (0.6665E-06)  0.3047E-06 (0.1514E-06)
   10.0500  0.2505E-06 (0.1775E-06)  0.5165E-06 (0.3652E-06)  0.1195E-06 (0.8509E-07)
   10.1500  0.5674E-07 (0.5674E-07)  0.2982E-06 (0.2982E-06)  0.1913E-07 (0.1913E-07)
   10.2500  0.2424E-06 (0.1700E-06)  0.1079E-05 (0.6612E-06)  0.1196E-06 (0.7598E-07)
   10.3500  0.2372E-06 (0.1504E-06)  0.7726E-06 (0.4473E-06)  0.1771E-06 (0.1194E-06)
   10.4500  0.2650E-06 (0.1663E-06)  0.8046E-06 (0.4655E-06)  0.4025E-07 (0.2588E-07)
   10.5500  0.1121E-06 (0.1121E-06)  0.2205E-06 (0.2205E-06)  0.9055E-07 (0.9055E-07)
   10.6500  0.6641E-07 (0.6640E-07)  0.2472E-06 (0.2472E-06)  0.4809E-07 (0.4809E-07)
   10.7500  0.1124E-06 (0.1124E-06)  0.2305E-06 (0.2305E-06)  0.7078E-07 (0.7078E-07)
   10.8500  0.8134E-07 (0.8134E-07)  0.2228E-06 (0.2227E-06)  0.6477E-07 (0.6476E-07)
   10.9500  0.0000E+00 (0.0000E+00)  0.0000E+00 (0.0000E+00)  0.0000E+00 (0.0000E+00)
   11.0500  0.6329E-07 (0.6329E-07)  0.2173E-06 (0.2173E-06)  0.4625E-07 (0.4625E-07)
   11.1500  0.5933E-07 (0.5933E-07)  0.2368E-06 (0.2367E-06)  0.1871E-07 (0.1870E-07)
   11.2500  0.8878E-07 (0.8878E-07)  0.2050E-06 (0.2050E-06)  0.4904E-07 (0.4904E-07)
   11.3500  0.0000E+00 (0.0000E+00)  0.0000E+00 (0.0000E+00)  0.0000E+00 (0.0000E+00)
   11.4500  0.0000E+00 (0.0000E+00)  0.0000E+00 (0.0000E+00)  0.0000E+00 (0.0000E+00)
   11.5500  0.0000E+00 (0.0000E+00)  0.0000E+00 (0.0000E+00)  0.0000E+00 (0.0000E+00)
   11.6500  0.0000E+00 (0.0000E+00)  0.0000E+00 (0.0000E+00)  0.0000E+00 (0.0000E+00)
   11.7500  0.0000E+00 (0.0000E+00)  0.0000E+00 (0.0000E+00)  0.0000E+00 (0.0000E+00)
   11.8500  0.0000E+00 (0.0000E+00)  0.0000E+00 (0.0000E+00)  0.0000E+00 (0.0000E+00)
   11.9500  0.0000E+00 (0.0000E+00)  0.0000E+00 (0.0000E+00)  0.0000E+00 (0.0000E+00)
   12.0500  0.0000E+00 (0.0000E+00)  0.0000E+00 (0.0000E+00)  0.0000E+00 (0.0000E+00)
   12.1500  0.0000E+00 (0.0000E+00)  0.0000E+00 (0.0000E+00)  0.0000E+00 (0.0000E+00)
   12.2500  0.0000E+00 (0.0000E+00)  0.0000E+00 (0.0000E+00)  0.0000E+00 (0.0000E+00)
   12.3500  0.0000E+00 (0.0000E+00)  0.0000E+00 (0.0000E+00)  0.0000E+00 (0.0000E+00)
   12.4500  0.0000E+00 (0.0000E+00)  0.0000E+00 (0.0000E+00)  0.0000E+00 (0.0000E+00)
   12.5500  0.0000E+00 (0.0000E+00)  0.0000E+00 (0.0000E+00)  0.0000E+00 (0.0000E+00)
   12.6500  0.0000E+00 (0.0000E+00)  0.0000E+00 (0.0000E+00)  0.0000E+00 (0.0000E+00)
   12.7500  0.0000E+00 (0.0000E+00)  0.0000E+00 (0.0000E+00)  0.0000E+00 (0.0000E+00)
   12.8500  0.0000E+00 (0.0000E+00)  0.0000E+00 (0.0000E+00)  0.0000E+00 (0.0000E+00)
   12.9500  0.0000E+00 (0.0000E+00)  0.0000E+00 (0.0000E+00)  0.0000E+00 (0.0000E+00)
   13.0500  0.0000E+00 (0.0000E+00)  0.0000E+00 (0.0000E+00)  0.0000E+00 (0.0000E+00)
   13.1500  0.0000E+00 (0.0000E+00)  0.0000E+00 (0.0000E+00)  0.0000E+00 (0.0000E+00)
   13.2500  0.0000E+00 (0.0000E+00)  0.0000E+00 (0.0000E+00)  0.0000E+00 (0.0000E+00)
   13.3500  0.0000E+00 (0.0000E+00)  0.0000E+00 (0.0000E+00)  0.0000E+00 (0.0000E+00)
   13.4500  0.0000E+00 (0.0000E+00)  0.0000E+00 (0.0000E+00)  0.0000E+00 (0.0000E+00)
   13.5500  0.0000E+00 (0.0000E+00)  0.0000E+00 (0.0000E+00)  0.0000E+00 (0.0000E+00)
   13.6500  0.0000E+00 (0.0000E+00)  0.0000E+00 (0.0000E+00)  0.0000E+00 (0.0000E+00)
   13.7500  0.0000E+00 (0.0000E+00)  0.0000E+00 (0.0000E+00)  0.0000E+00 (0.0000E+00)
   13.8500  0.0000E+00 (0.0000E+00)  0.0000E+00 (0.0000E+00)  0.0000E+00 (0.0000E+00)
   13.9500  0.0000E+00 (0.0000E+00)  0.0000E+00 (0.0000E+00)  0.0000E+00 (0.0000E+00)
   14.0500  0.0000E+00 (0.0000E+00)  0.0000E+00 (0.0000E+00)  0.0000E+00 (0.0000E+00)
   14.1500  0.0000E+00 (0.0000E+00)  0.0000E+00 (0.0000E+00)  0.0000E+00 (0.0000E+00)
   14.2500  0.0000E+00 (0.0000E+00)  0.0000E+00 (0.0000E+00)  0.0000E+00 (0.0000E+00)
   14.3500  0.0000E+00 (0.0000E+00)  0.0000E+00 (0.0000E+00)  0.0000E+00 (0.0000E+00)
   14.4500  0.0000E+00 (0.0000E+00)  0.0000E+00 (0.0000E+00)  0.0000E+00 (0.0000E+00)
   14.5500  0.0000E+00 (0.0000E+00)  0.0000E+00 (0.0000E+00)  0.0000E+00 (0.0000E+00)
   14.6500  0.0000E+00 (0.0000E+00)  0.0000E+00 (0.0000E+00)  0.0000E+00 (0.0000E+00)
   14.7500  0.0000E+00 (0.0000E+00)  0.0000E+00 (0.0000E+00)  0.0000E+00 (0.0000E+00)
   14.8500  0.0000E+00 (0.0000E+00)  0.0000E+00 (0.0000E+00)  0.0000E+00 (0.0000E+00)
   14.9500  0.0000E+00 (0.0000E+00)  0.0000E+00 (0.0000E+00)  0.0000E+00 (0.0000E+00)
   15.0500  0.0000E+00 (0.0000E+00)  0.0000E+00 (0.0000E+00)  0.0000E+00 (0.0000E+00)
   15.1500  0.0000E+00 (0.0000E+00)  0.0000E+00 (0.0000E+00)  0.0000E+00 (0.0000E+00)
   15.2500  0.0000E+00 (0.0000E+00)  0.0000E+00 (0.0000E+00)  0.0000E+00 (0.0000E+00)
   15.3500  0.0000E+00 (0.0000E+00)  0.0000E+00 (0.0000E+00)  0.0000E+00 (0.0000E+00)
   15.4500  0.0000E+00 (0.0000E+00)  0.0000E+00 (0.0000E+00)  0.0000E+00 (0.0000E+00)
   15.5500  0.0000E+00 (0.0000E+00)  0.0000E+00 (0.0000E+00)  0.0000E+00 (0.0000E+00)
   15.6500  0.0000E+00 (0.0000E+00)  0.0000E+00 (0.0000E+00)  0.0000E+00 (0.0000E+00)
   15.7500  0.0000E+00 (0.0000E+00)  0.0000E+00 (0.0000E+00)  0.0000E+00 (0.0000E+00)
   15.8500  0.0000E+00 (0.0000E+00)  0.0000E+00 (0.0000E+00)  0.0000E+00 (0.0000E+00)
   15.9500  0.0000E+00 (0.0000E+00)  0.0000E+00 (0.0000E+00)  0.0000E+00 (0.0000E+00)
   16.0500  0.0000E+00 (0.0000E+00)  0.0000E+00 (0.0000E+00)  0.0000E+00 (0.0000E+00)
   16.1500  0.0000E+00 (0.0000E+00)  0.0000E+00 (0.0000E+00)  0.0000E+00 (0.0000E+00)
   16.2500  0.0000E+00 (0.0000E+00)  0.0000E+00 (0.0000E+00)  0.0000E+00 (0.0000E+00)
   16.3500  0.0000E+00 (0.0000E+00)  0.0000E+00 (0.0000E+00)  0.0000E+00 (0.0000E+00)
   16.4500  0.0000E+00 (0.0000E+00)  0.0000E+00 (0.0000E+00)  0.0000E+00 (0.0000E+00)
   16.5500  0.0000E+00 (0.0000E+00)  0.0000E+00 (0.0000E+00)  0.0000E+00 (0.0000E+00)
   16.6500  0.0000E+00 (0.0000E+00)  0.0000E+00 (0.0000E+00)  0.0000E+00 (0.0000E+00)
   16.7500  0.0000E+00 (0.0000E+00)  0.0000E+00 (0.0000E+00)  0.0000E+00 (0.0000E+00)
   16.8500  0.0000E+00 (0.0000E+00)  0.0000E+00 (0.0000E+00)  0.0000E+00 (0.0000E+00)
   16.9500  0.0000E+00 (0.0000E+00)  0.0000E+00 (0.0000E+00)  0.0000E+00 (0.0000E+00)
   17.0500  0.0000E+00 (0.0000E+00)  0.0000E+00 (0.0000E+00)  0.0000E+00 (0.0000E+00)
   17.1500  0.0000E+00 (0.0000E+00)  0.0000E+00 (0.0000E+00)  0.0000E+00 (0.0000E+00)
   17.2500  0.0000E+00 (0.0000E+00)  0.0000E+00 (0.0000E+00)  0.0000E+00 (0.0000E+00)
   17.3500  0.0000E+00 (0.0000E+00)  0.0000E+00 (0.0000E+00)  0.0000E+00 (0.0000E+00)
   17.4500  0.0000E+00 (0.0000E+00)  0.0000E+00 (0.0000E+00)  0.0000E+00 (0.0000E+00)
   17.5500  0.0000E+00 (0.0000E+00)  0.0000E+00 (0.0000E+00)  0.0000E+00 (0.0000E+00)
   17.6500  0.0000E+00 (0.0000E+00)  0.0000E+00 (0.0000E+00)  0.0000E+00 (0.0000E+00)
   17.7500  0.0000E+00 (0.0000E+00)  0.0000E+00 (0.0000E+00)  0.0000E+00 (0.0000E+00)
   17.8500  0.0000E+00 (0.0000E+00)  0.0000E+00 (0.0000E+00)  0.0000E+00 (0.0000E+00)
   17.9500  0.0000E+00 (0.0000E+00)  0.0000E+00 (0.0000E+00)  0.0000E+00 (0.0000E+00)
   18.0500  0.0000E+00 (0.0000E+00)  0.0000E+00 (0.0000E+00)  0.0000E+00 (0.0000E+00)
   18.1500  0.0000E+00 (0.0000E+00)  0.0000E+00 (0.0000E+00)  0.0000E+00 (0.0000E+00)
   18.2500  0.0000E+00 (0.0000E+00)  0.0000E+00 (0.0000E+00)  0.0000E+00 (0.0000E+00)
   18.3500  0.0000E+00 (0.0000E+00)  0.0000E+00 (0.0000E+00)  0.0000E+00 (0.0000E+00)
   18.4500  0.0000E+00 (0.0000E+00)  0.0000E+00 (0.0000E+00)  0.0000E+00 (0.0000E+00)
   18.5500  0.0000E+00 (0.0000E+00)  0.0000E+00 (0.0000E+00)  0.0000E+00 (0.0000E+00)
   18.6500  0.0000E+00 (0.0000E+00)  0.0000E+00 (0.0000E+00)  0.0000E+00 (0.0000E+00)
   18.7500  0.0000E+00 (0.0000E+00)  0.0000E+00 (0.0000E+00)  0.0000E+00 (0.0000E+00)
   18.8500  0.0000E+00 (0.0000E+00)  0.0000E+00 (0.0000E+00)  0.0000E+00 (0.0000E+00)
   18.9500  0.0000E+00 (0.0000E+00)  0.0000E+00 (0.0000E+00)  0.0000E+00 (0.0000E+00)
   19.0500  0.0000E+00 (0.0000E+00)  0.0000E+00 (0.0000E+00)  0.0000E+00 (0.0000E+00)
   19.1500  0.0000E+00 (0.0000E+00)  0.0000E+00 (0.0000E+00)  0.0000E+00 (0.0000E+00)
   19.2500  0.0000E+00 (0.0000E+00)  0.0000E+00 (0.0000E+00)  0.0000E+00 (0.0000E+00)
   19.3500  0.0000E+00 (0.0000E+00)  0.0000E+00 (0.0000E+00)  0.0000E+00 (0.0000E+00)
   19.4500  0.0000E+00 (0.0000E+00)  0.0000E+00 (0.0000E+00)  0.0000E+00 (0.0000E+00)
   19.5500  0.0000E+00 (0.0000E+00)  0.0000E+00 (0.0000E+00)  0.0000E+00 (0.0000E+00)
   19.6500  0.0000E+00 (0.0000E+00)  0.0000E+00 (0.0000E+00)  0.0000E+00 (0.0000E+00)
   19.7500  0.0000E+00 (0.0000E+00)  0.0000E+00 (0.0000E+00)  0.0000E+00 (0.0000E+00)
   19.8500  0.0000E+00 (0.0000E+00)  0.0000E+00 (0.0000E+00)  0.0000E+00 (0.0000E+00)
   19.9500  0.0000E+00 (0.0000E+00)  0.0000E+00 (0.0000E+00)  0.0000E+00 (0.0000E+00)
   --------------------------------------------------------------------
                           PARTICLE COUNTS
   --------------------------------------------------------------------
  NEUTRON-DOWN            NEUTRON-UP             NEUTRONS
    3.6520 (0.9265E-02)     3.3480 (0.8368E-02)     7.0000 (0.1248E-01)
  PROTON-DOWN             PROTON-UP              PROTONS 
    2.9896 (0.7438E-02)     3.0104 (0.7491E-02)     6.0000 (0.1056E-01)
  DOWN PARTICLES          UP PARTICLES           PARTICLES 
    6.6416 (0.1188E-01)     6.3584 (0.1123E-01)    13.0000 (0.1635E-01)
   --------------------------------------------------------------------
                           PAIR COUNTS
   --------------------------------------------------------------------
  NN (S=0)                NN (S=1)               NN PAIRS
    7.0424 (0.7608E-02)    13.9576 (0.1586E-01)    21.0000 (0.1759E-01)
  NP (S=0)                NP (S=1)               NP PAIRS
   10.0682 (0.1049E-01)    31.9318 (0.3336E-01)    42.0000 (0.3497E-01)
  PP (S=0)                PP (S=1)               PP PAIRS
    5.4781 (0.6016E-02)     9.5219 (0.1102E-01)    15.0000 (0.1256E-01)
  S=0 PAIRS               S=1 PAIRS              PAIRS
   22.5887 (0.1429E-01)    55.4113 (0.3855E-01)    78.0000 (0.4111E-01)
   --------------------------------------------------------------------

                H =     -78.3303 (0.1531)

                Ti =    347.3026 (0.6111)

                Vij =  -405.9338 (0.4901)

                Vijk =  -28.0038 (0.1777)

                Vem =     8.3047 (0.0031)
  ----
  T(ci)     = 347.3258 (0.6111)  T(csb)    =  -0.0232 (0.0001)
  ----
  CENTRAL   =-108.6668 (0.4951)  T         =  76.3186 (0.4787)
  S         = -17.4423 (0.1576)  S.T       = -76.0443 (0.0941)
  TNSR      = -37.0252 (0.0808)  TNSR.T    =-321.8984 (0.4729)
  L.S       =  28.7313 (0.1009)  (L.S).T   =   5.0751 (0.0279)
  L^2       =  63.3287 (0.2309)  L^2.T     =   0.0000 (0.0000)
  L^2.S     =   4.0306 (0.0137)  L^2.S.T   =   0.0000 (0.0000)
  (L.S)^2   = -22.2763 (0.0669)  (L.S)^2.T =   0.0000 (0.0000)
  CD        =   0.0000 (0.0000)  CD.S      =   0.0000 (0.0000)
  CD.TNSR   =  -0.0000 (0.0000)  (L.S).CD  =   0.0000 (0.0000)
  CSB       =  -0.0647 (0.0003)  CSB.S     =   0.0000 (0.0000)
  CSB.TNSR  =   0.0000 (0.0000)  (L.S).CSB =   0.0000 (0.0000)
  ----
  2PI-AC    =  -8.4028 (0.0534)  2PI-C     = -11.6180 (0.0334)
  V3U       =   0.0000 (0.0000)  CD        = -24.4357 (0.0761)
  CE        =  16.2208 (0.1444)  2PI-SWAVE =   0.2321 (0.0023)
  v3b7      =   0.0000 (0.0000)  v3b8      =   0.0000 (0.0000)
  ----
  COULOMB   =   7.8281 (0.0026)  DF        =  -0.0131 (0.0000)
  C2   (pp) =  -0.0053 (0.0000)  VP        =   0.0444 (0.0000)
  C1   (np) =   0.0991 (0.0002)  S    (pp) =   0.1221 (0.0003)
  S    (np) =   0.0671 (0.0002)  S    (nn) =   0.0447 (0.0002)
  TNSR (pp) =   0.0143 (0.0000)  TNSR (np) =   0.0094 (0.0000)
  TNSR (nn) =   0.1365 (0.0001)  L.S  (pp) =   0.0185 (0.0000)
  L.S  (nn) =   0.0000 (0.0000)  L.S  (np) =  -0.0611 (0.0001)

  POINT NEUTRON RMS RADIUS =  2.3588 (0.0010)
  POINT PROTON  RMS RADIUS =  2.3191 (0.0009)

  NEUTRON MAGNETIC MOMENT CONTRIBUTION =  0.5816 (0.0026)
  PROTON  MAGNETIC MOMENT CONTRIBUTION =  0.0580 (0.0004)
  ORBITAL MAGNETIC MOMENT CONTRIBUTION =  0.3949 (0.0005)
  MAGNETIC MOMENT                      =  1.0345 (0.0031)

  CHARGE SYMMETRIC NEUTRON MAGNETIC MOMENT CONTRIBUTION = -0.0397 (0.0003)
  CHARGE SYMMETRIC PROTON  MAGNETIC MOMENT CONTRIBUTION = -0.8491 (0.0037)
  CHARGE SYMMETRIC ORBITAL MAGNETIC MOMENT CONTRIBUTION =  0.2467 (0.0003)
  CHARGE SYMMETRIC MAGNETIC MOMENT                      = -0.6421 (0.0036)
 ************************************************************************
                      -------------
                      TOTAL AVERAGE
                      -------------
                    BLOCKS:         1
                    SAMPLES:    12288

 ************************************************************************
   --------------------------------------------------------------------
                   SAMPLE COUNT DISTRIBUTIONS
   --------------------------------------------------------------------
    R (fm)      N(R_i)     N(R_ij)
    0.0500          6         20
    0.1500         39        105
    0.2500        114        278
    0.3500        274        578
    0.4500        507       1115
    0.5500        779       1692
    0.6500       1071       2731
    0.7500       1585       3750
    0.8500       2024       5384
    0.9500       2652       7217
    1.0500       3406       8978
    1.1500       3985      10766
    1.2500       4663      12674
    1.3500       5492      14679
    1.4500       6027      16201
    1.5500       6621      17741
    1.6500       7307      19405
    1.7500       7444      20618
    1.8500       7745      21681
    1.9500       7821      23043
    2.0500       7823      23715
    2.1500       7795      24241
    2.2500       7883      25411
    2.3500       7389      26048
    2.4500       7112      26768
    2.5500       6535      27258
    2.6500       5948      27469
    2.7500       5513      27597
    2.8500       4842      27830
    2.9500       4418      28047
    3.0500       3836      27684
    3.1500       3304      27578
    3.2500       2849      27517
    3.3500       2473      26818
    3.4500       2029      26461
    3.5500       1828      25566
    3.6500       1573      24995
    3.7500       1228      23914
    3.8500       1077      23211
    3.9500        859      22310
    4.0500        733      21134
    4.1500        614      19976
    4.2500        452      19021
    4.3500        362      17741
    4.4500        292      16465
    4.5500        255      15662
    4.6500        210      14492
    4.7500        199      13075
    4.8500        139      12197
    4.9500        123      11066
    5.0500         87      10211
    5.1500         76       9228
    5.2500         61       8428
    5.3500         52       7342
    5.4500         41       6813
    5.5500         36       6119
    5.6500         29       5342
    5.7500         21       4663
    5.8500         14       4159
    5.9500         19       3496
    6.0500         17       3092
    6.1500          9       2799
    6.2500          7       2380
    6.3500          5       2114
    6.4500          5       1797
    6.5500          3       1596
    6.6500          1       1383
    6.7500          2       1158
    6.8500          0        977
    6.9500          0        848
    7.0500          0        745
    7.1500          0        564
    7.2500          2        487
    7.3500          0        469
    7.4500          0        376
    7.5500          1        322
    7.6500          0        283
    7.7500          0        217
    7.8500          0        180
    7.9500          0        151
    8.0500          0        148
    8.1500          1         97
    8.2500          0         89
    8.3500          0         66
    8.4500          0         59
    8.5500          0         56
    8.6500          0         46
    8.7500          0         38
    8.8500          0         45
    8.9500          0         34
    9.0500          0         19
    9.1500          0         17
    9.2500          0         17
    9.3500          0         13
    9.4500          0         10
    9.5500          0          9
    9.6500          0          2
    9.7500          0          7
    9.8500          0          4
    9.9500          0          6
   10.0500          0          2
   10.1500          0          1
   10.2500          0          4
   10.3500          0          3
   10.4500          0          3
   10.5500          0          1
   10.6500          0          1
   10.7500          0          1
   10.8500          0          1
   10.9500          0          0
   11.0500          0          1
   11.1500          0          1
   11.2500          0          1
   11.3500          0          0
   11.4500          0          0
   11.5500          0          0
   11.6500          0          0
   11.7500          0          0
   11.8500          0          0
   11.9500          0          0
   12.0500          0          0
   12.1500          0          0
   12.2500          0          0
   12.3500          0          0
   12.4500          0          0
   12.5500          0          0
   12.6500          0          0
   12.7500          0          0
   12.8500          0          0
   12.9500          0          0
   13.0500          0          0
   13.1500          0          0
   13.2500          0          0
   13.3500          0          0
   13.4500          0          0
   13.5500          0          0
   13.6500          0          0
   13.7500          0          0
   13.8500          0          0
   13.9500          0          0
   14.0500          0          0
   14.1500          0          0
   14.2500          0          0
   14.3500          0          0
   14.4500          0          0
   14.5500          0          0
   14.6500          0          0
   14.7500          0          0
   14.8500          0          0
   14.9500          0          0
   15.0500          0          0
   15.1500          0          0
   15.2500          0          0
   15.3500          0          0
   15.4500          0          0
   15.5500          0          0
   15.6500          0          0
   15.7500          0          0
   15.8500          0          0
   15.9500          0          0
   16.0500          0          0
   16.1500          0          0
   16.2500          0          0
   16.3500          0          0
   16.4500          0          0
   16.5500          0          0
   16.6500          0          0
   16.7500          0          0
   16.8500          0          0
   16.9500          0          0
   17.0500          0          0
   17.1500          0          0
   17.2500          0          0
   17.3500          0          0
   17.4500          0          0
   17.5500          0          0
   17.6500          0          0
   17.7500          0          0
   17.8500          0          0
   17.9500          0          0
   18.0500          0          0
   18.1500          0          0
   18.2500          0          0
   18.3500          0          0
   18.4500          0          0
   18.5500          0          0
   18.6500          0          0
   18.7500          0          0
   18.8500          0          0
   18.9500          0          0
   19.0500          0          0
   19.1500          0          0
   19.2500          0          0
   19.3500          0          0
   19.4500          0          0
   19.5500          0          0
   19.6500          0          0
   19.7500          0          0
   19.8500          0          0
   19.9500          0          0
   --------------------------------------------------------------------
                   ONE-BODY R-SPACE DISTRIBUTIONS
   --------------------------------------------------------------------
   R_i (fm)     NEUTRON-DOWN             NEUTRON-UP               PROTON-DOWN              PROTON-UP
    0.0500  0.2977E-01 (0.1215E-01)  0.2790E-01 (0.1139E-01)  0.2634E-01 (0.1075E-01)  0.3257E-01 (0.1330E-01)
    0.1500  0.2664E-01 (0.4264E-02)  0.2710E-01 (0.4336E-02)  0.2547E-01 (0.4077E-02)  0.2903E-01 (0.4647E-02)
    0.2500  0.2934E-01 (0.2745E-02)  0.2918E-01 (0.2723E-02)  0.2727E-01 (0.2545E-02)  0.3078E-01 (0.2875E-02)
    0.3500  0.3639E-01 (0.2218E-02)  0.3588E-01 (0.2186E-02)  0.3374E-01 (0.2056E-02)  0.3787E-01 (0.2306E-02)
    0.4500  0.4161E-01 (0.1851E-02)  0.4037E-01 (0.1790E-02)  0.3766E-01 (0.1670E-02)  0.4184E-01 (0.1857E-02)
    0.5500  0.4321E-01 (0.1537E-02)  0.4189E-01 (0.1485E-02)  0.3877E-01 (0.1373E-02)  0.4244E-01 (0.1505E-02)
    0.6500  0.4339E-01 (0.1322E-02)  0.4088E-01 (0.1237E-02)  0.3819E-01 (0.1155E-02)  0.4137E-01 (0.1251E-02)
    0.7500  0.4868E-01 (0.1230E-02)  0.4551E-01 (0.1145E-02)  0.4246E-01 (0.1067E-02)  0.4556E-01 (0.1147E-02)
    0.8500  0.4894E-01 (0.1084E-02)  0.4572E-01 (0.1008E-02)  0.4209E-01 (0.9225E-03)  0.4446E-01 (0.9774E-03)
    0.9500  0.5137E-01 (0.1003E-02)  0.4776E-01 (0.9253E-03)  0.4434E-01 (0.8555E-03)  0.4666E-01 (0.9028E-03)
    1.0500  0.5480E-01 (0.9563E-03)  0.5015E-01 (0.8645E-03)  0.4651E-01 (0.7991E-03)  0.4846E-01 (0.8347E-03)
    1.1500  0.5358E-01 (0.8576E-03)  0.4924E-01 (0.7801E-03)  0.4536E-01 (0.7153E-03)  0.4683E-01 (0.7396E-03)
    1.2500  0.5372E-01 (0.7974E-03)  0.4866E-01 (0.7154E-03)  0.4484E-01 (0.6532E-03)  0.4594E-01 (0.6707E-03)
    1.3500  0.5380E-01 (0.7306E-03)  0.4943E-01 (0.6624E-03)  0.4547E-01 (0.6057E-03)  0.4636E-01 (0.6192E-03)
    1.4500  0.5183E-01 (0.6730E-03)  0.4700E-01 (0.6033E-03)  0.4302E-01 (0.5497E-03)  0.4372E-01 (0.5589E-03)
    1.5500  0.4961E-01 (0.6175E-03)  0.4535E-01 (0.5582E-03)  0.4146E-01 (0.5092E-03)  0.4199E-01 (0.5162E-03)
    1.6500  0.4845E-01 (0.5686E-03)  0.4437E-01 (0.5164E-03)  0.4032E-01 (0.4667E-03)  0.4062E-01 (0.4705E-03)
    1.7500  0.4410E-01 (0.5139E-03)  0.4021E-01 (0.4621E-03)  0.3642E-01 (0.4176E-03)  0.3664E-01 (0.4207E-03)
    1.8500  0.4087E-01 (0.4621E-03)  0.3755E-01 (0.4203E-03)  0.3401E-01 (0.3780E-03)  0.3408E-01 (0.3789E-03)
    1.9500  0.3719E-01 (0.4193E-03)  0.3419E-01 (0.3814E-03)  0.3086E-01 (0.3426E-03)  0.3092E-01 (0.3434E-03)
    2.0500  0.3371E-01 (0.3843E-03)  0.3098E-01 (0.3486E-03)  0.2795E-01 (0.3136E-03)  0.2788E-01 (0.3132E-03)
    2.1500  0.3046E-01 (0.3447E-03)  0.2815E-01 (0.3121E-03)  0.2533E-01 (0.2796E-03)  0.2524E-01 (0.2783E-03)
    2.2500  0.2818E-01 (0.3191E-03)  0.2600E-01 (0.2900E-03)  0.2338E-01 (0.2588E-03)  0.2327E-01 (0.2575E-03)
    2.3500  0.2436E-01 (0.2884E-03)  0.2241E-01 (0.2596E-03)  0.1999E-01 (0.2308E-03)  0.1988E-01 (0.2297E-03)
    2.4500  0.2140E-01 (0.2554E-03)  0.1995E-01 (0.2356E-03)  0.1773E-01 (0.2082E-03)  0.1763E-01 (0.2067E-03)
    2.5500  0.1825E-01 (0.2266E-03)  0.1694E-01 (0.2076E-03)  0.1499E-01 (0.1831E-03)  0.1490E-01 (0.1816E-03)
    2.6500  0.1545E-01 (0.2016E-03)  0.1416E-01 (0.1809E-03)  0.1266E-01 (0.1613E-03)  0.1258E-01 (0.1601E-03)
    2.7500  0.1332E-01 (0.1840E-03)  0.1223E-01 (0.1656E-03)  0.1086E-01 (0.1472E-03)  0.1080E-01 (0.1460E-03)
    2.8500  0.1094E-01 (0.1607E-03)  0.1005E-01 (0.1452E-03)  0.8827E-02 (0.1274E-03)  0.8786E-02 (0.1266E-03)
    2.9500  0.9306E-02 (0.1420E-03)  0.8583E-02 (0.1292E-03)  0.7506E-02 (0.1129E-03)  0.7479E-02 (0.1123E-03)
    3.0500  0.7633E-02 (0.1276E-03)  0.6995E-02 (0.1156E-03)  0.6055E-02 (0.9953E-04)  0.6020E-02 (0.9875E-04)
    3.1500  0.6124E-02 (0.1091E-03)  0.5661E-02 (0.9916E-04)  0.4897E-02 (0.8536E-04)  0.4880E-02 (0.8485E-04)
    3.2500  0.5032E-02 (0.9840E-04)  0.4562E-02 (0.8743E-04)  0.3944E-02 (0.7548E-04)  0.3929E-02 (0.7501E-04)
    3.3500  0.4140E-02 (0.8703E-04)  0.3751E-02 (0.7717E-04)  0.3193E-02 (0.6536E-04)  0.3185E-02 (0.6512E-04)
    3.4500  0.3184E-02 (0.7262E-04)  0.2913E-02 (0.6498E-04)  0.2477E-02 (0.5513E-04)  0.2465E-02 (0.5484E-04)
    3.5500  0.2761E-02 (0.6726E-04)  0.2468E-02 (0.5903E-04)  0.2083E-02 (0.4978E-04)  0.2080E-02 (0.4956E-04)
    3.6500  0.2236E-02 (0.5883E-04)  0.2013E-02 (0.5187E-04)  0.1699E-02 (0.4379E-04)  0.1698E-02 (0.4365E-04)
    3.7500  0.1656E-02 (0.4942E-04)  0.1496E-02 (0.4386E-04)  0.1251E-02 (0.3658E-04)  0.1251E-02 (0.3648E-04)
    3.8500  0.1381E-02 (0.4378E-04)  0.1256E-02 (0.3953E-04)  0.1034E-02 (0.3219E-04)  0.1034E-02 (0.3215E-04)
    3.9500  0.1077E-02 (0.3887E-04)  0.9403E-03 (0.3309E-04)  0.7738E-03 (0.2702E-04)  0.7744E-03 (0.2699E-04)
    4.0500  0.8844E-03 (0.3436E-04)  0.7673E-03 (0.2915E-04)  0.6195E-03 (0.2342E-04)  0.6227E-03 (0.2347E-04)
    4.1500  0.7010E-03 (0.2981E-04)  0.6178E-03 (0.2570E-04)  0.4940E-03 (0.2049E-04)  0.4958E-03 (0.2053E-04)
    4.2500  0.4815E-03 (0.2394E-04)  0.4451E-03 (0.2174E-04)  0.3466E-03 (0.1693E-04)  0.3474E-03 (0.1692E-04)
    4.3500  0.3973E-03 (0.2241E-04)  0.3357E-03 (0.1845E-04)  0.2526E-03 (0.1398E-04)  0.2532E-03 (0.1397E-04)
    4.4500  0.3017E-03 (0.1872E-04)  0.2606E-03 (0.1585E-04)  0.1964E-03 (0.1182E-04)  0.1961E-03 (0.1176E-04)
    4.5500  0.2664E-03 (0.1784E-04)  0.2121E-03 (0.1381E-04)  0.1592E-03 (0.1034E-04)  0.1599E-03 (0.1034E-04)
    4.6500  0.1997E-03 (0.1462E-04)  0.1704E-03 (0.1212E-04)  0.1295E-03 (0.9174E-05)  0.1293E-03 (0.9136E-05)
    4.7500  0.1828E-03 (0.1363E-04)  0.1552E-03 (0.1125E-04)  0.1165E-03 (0.8449E-05)  0.1167E-03 (0.8441E-05)
    4.8500  0.1177E-03 (0.1037E-04)  0.1053E-03 (0.9203E-05)  0.7971E-04 (0.6880E-05)  0.7993E-04 (0.6893E-05)
    4.9500  0.1099E-03 (0.1060E-04)  0.8793E-04 (0.8199E-05)  0.6355E-04 (0.5933E-05)  0.6366E-04 (0.5929E-05)
    5.0500  0.7465E-04 (0.8383E-05)  0.5861E-04 (0.6421E-05)  0.4352E-04 (0.4777E-05)  0.4414E-04 (0.4837E-05)
    5.1500  0.6069E-04 (0.7510E-05)  0.5292E-04 (0.6468E-05)  0.3594E-04 (0.4315E-05)  0.3601E-04 (0.4300E-05)
    5.2500  0.4995E-04 (0.6721E-05)  0.3993E-04 (0.5411E-05)  0.2628E-04 (0.3492E-05)  0.2717E-04 (0.3605E-05)
    5.3500  0.3932E-04 (0.5670E-05)  0.3222E-04 (0.4593E-05)  0.2297E-04 (0.3317E-05)  0.2313E-04 (0.3319E-05)
    5.4500  0.3240E-04 (0.5558E-05)  0.2313E-04 (0.3794E-05)  0.1700E-04 (0.2795E-05)  0.1685E-04 (0.2761E-05)
    5.5500  0.2574E-04 (0.4632E-05)  0.2018E-04 (0.3549E-05)  0.1469E-04 (0.2549E-05)  0.1508E-04 (0.2609E-05)
    5.6500  0.2366E-04 (0.4826E-05)  0.1493E-04 (0.2954E-05)  0.1003E-04 (0.1994E-05)  0.1021E-04 (0.2016E-05)
    5.7500  0.1361E-04 (0.3100E-05)  0.1140E-04 (0.2601E-05)  0.8007E-05 (0.1792E-05)  0.8114E-05 (0.1807E-05)
    5.8500  0.1122E-04 (0.3310E-05)  0.7600E-05 (0.2143E-05)  0.3773E-05 (0.1183E-05)  0.3894E-05 (0.1216E-05)
    5.9500  0.1476E-04 (0.3659E-05)  0.9192E-05 (0.2210E-05)  0.5380E-05 (0.1349E-05)  0.5421E-05 (0.1342E-05)
    6.0500  0.1065E-04 (0.2788E-05)  0.9096E-05 (0.2368E-05)  0.5177E-05 (0.1353E-05)  0.5152E-05 (0.1331E-05)
    6.1500  0.6162E-05 (0.2221E-05)  0.3860E-05 (0.1361E-05)  0.2656E-05 (0.9245E-06)  0.2732E-05 (0.9454E-06)
    6.2500  0.4419E-05 (0.1807E-05)  0.2825E-05 (0.1079E-05)  0.2153E-05 (0.8566E-06)  0.2208E-05 (0.8787E-06)
    6.3500  0.3294E-05 (0.1576E-05)  0.1949E-05 (0.9186E-06)  0.1407E-05 (0.6498E-06)  0.1380E-05 (0.6335E-06)
    6.4500  0.3231E-05 (0.1622E-05)  0.1714E-05 (0.8059E-06)  0.1403E-05 (0.6750E-06)  0.1435E-05 (0.6864E-06)
    6.5500  0.1814E-05 (0.1066E-05)  0.1263E-05 (0.7473E-06)  0.7523E-06 (0.4762E-06)  0.6981E-06 (0.4368E-06)
    6.6500  0.5282E-06 (0.5282E-06)  0.8023E-06 (0.8023E-06)  0.6344E-07 (0.6343E-07)  0.7048E-07 (0.7048E-07)
    6.7500  0.6372E-06 (0.4529E-06)  0.1109E-05 (0.8054E-06)  0.5352E-06 (0.3809E-06)  0.5610E-06 (0.4074E-06)
    6.8500  0.0000E+00 (0.0000E+00)  0.0000E+00 (0.0000E+00)  0.0000E+00 (0.0000E+00)  0.0000E+00 (0.0000E+00)
    6.9500  0.0000E+00 (0.0000E+00)  0.0000E+00 (0.0000E+00)  0.0000E+00 (0.0000E+00)  0.0000E+00 (0.0000E+00)
    7.0500  0.0000E+00 (0.0000E+00)  0.0000E+00 (0.0000E+00)  0.0000E+00 (0.0000E+00)  0.0000E+00 (0.0000E+00)
    7.1500  0.0000E+00 (0.0000E+00)  0.0000E+00 (0.0000E+00)  0.0000E+00 (0.0000E+00)  0.0000E+00 (0.0000E+00)
    7.2500  0.8690E-06 (0.6166E-06)  0.5812E-06 (0.4116E-06)  0.4879E-06 (0.3468E-06)  0.5260E-06 (0.3719E-06)
    7.3500  0.0000E+00 (0.0000E+00)  0.0000E+00 (0.0000E+00)  0.0000E+00 (0.0000E+00)  0.0000E+00 (0.0000E+00)
    7.4500  0.0000E+00 (0.0000E+00)  0.0000E+00 (0.0000E+00)  0.0000E+00 (0.0000E+00)  0.0000E+00 (0.0000E+00)
    7.5500  0.3139E-06 (0.3138E-06)  0.3114E-06 (0.3113E-06)  0.2520E-06 (0.2520E-06)  0.2589E-06 (0.2589E-06)
    7.6500  0.0000E+00 (0.0000E+00)  0.0000E+00 (0.0000E+00)  0.0000E+00 (0.0000E+00)  0.0000E+00 (0.0000E+00)
    7.7500  0.0000E+00 (0.0000E+00)  0.0000E+00 (0.0000E+00)  0.0000E+00 (0.0000E+00)  0.0000E+00 (0.0000E+00)
    7.8500  0.0000E+00 (0.0000E+00)  0.0000E+00 (0.0000E+00)  0.0000E+00 (0.0000E+00)  0.0000E+00 (0.0000E+00)
    7.9500  0.0000E+00 (0.0000E+00)  0.0000E+00 (0.0000E+00)  0.0000E+00 (0.0000E+00)  0.0000E+00 (0.0000E+00)
    8.0500  0.0000E+00 (0.0000E+00)  0.0000E+00 (0.0000E+00)  0.0000E+00 (0.0000E+00)  0.0000E+00 (0.0000E+00)
    8.1500  0.2542E-06 (0.2542E-06)  0.2605E-06 (0.2605E-06)  0.2250E-06 (0.2250E-06)  0.2352E-06 (0.2352E-06)
    8.2500  0.0000E+00 (0.0000E+00)  0.0000E+00 (0.0000E+00)  0.0000E+00 (0.0000E+00)  0.0000E+00 (0.0000E+00)
    8.3500  0.0000E+00 (0.0000E+00)  0.0000E+00 (0.0000E+00)  0.0000E+00 (0.0000E+00)  0.0000E+00 (0.0000E+00)
    8.4500  0.0000E+00 (0.0000E+00)  0.0000E+00 (0.0000E+00)  0.0000E+00 (0.0000E+00)  0.0000E+00 (0.0000E+00)
    8.5500  0.0000E+00 (0.0000E+00)  0.0000E+00 (0.0000E+00)  0.0000E+00 (0.0000E+00)  0.0000E+00 (0.0000E+00)
    8.6500  0.0000E+00 (0.0000E+00)  0.0000E+00 (0.0000E+00)  0.0000E+00 (0.0000E+00)  0.0000E+00 (0.0000E+00)
    8.7500  0.0000E+00 (0.0000E+00)  0.0000E+00 (0.0000E+00)  0.0000E+00 (0.0000E+00)  0.0000E+00 (0.0000E+00)
    8.8500  0.0000E+00 (0.0000E+00)  0.0000E+00 (0.0000E+00)  0.0000E+00 (0.0000E+00)  0.0000E+00 (0.0000E+00)
    8.9500  0.0000E+00 (0.0000E+00)  0.0000E+00 (0.0000E+00)  0.0000E+00 (0.0000E+00)  0.0000E+00 (0.0000E+00)
    9.0500  0.0000E+00 (0.0000E+00)  0.0000E+00 (0.0000E+00)  0.0000E+00 (0.0000E+00)  0.0000E+00 (0.0000E+00)
    9.1500  0.0000E+00 (0.0000E+00)  0.0000E+00 (0.0000E+00)  0.0000E+00 (0.0000E+00)  0.0000E+00 (0.0000E+00)
    9.2500  0.0000E+00 (0.0000E+00)  0.0000E+00 (0.0000E+00)  0.0000E+00 (0.0000E+00)  0.0000E+00 (0.0000E+00)
    9.3500  0.0000E+00 (0.0000E+00)  0.0000E+00 (0.0000E+00)  0.0000E+00 (0.0000E+00)  0.0000E+00 (0.0000E+00)
    9.4500  0.0000E+00 (0.0000E+00)  0.0000E+00 (0.0000E+00)  0.0000E+00 (0.0000E+00)  0.0000E+00 (0.0000E+00)
    9.5500  0.0000E+00 (0.0000E+00)  0.0000E+00 (0.0000E+00)  0.0000E+00 (0.0000E+00)  0.0000E+00 (0.0000E+00)
    9.6500  0.0000E+00 (0.0000E+00)  0.0000E+00 (0.0000E+00)  0.0000E+00 (0.0000E+00)  0.0000E+00 (0.0000E+00)
    9.7500  0.0000E+00 (0.0000E+00)  0.0000E+00 (0.0000E+00)  0.0000E+00 (0.0000E+00)  0.0000E+00 (0.0000E+00)
    9.8500  0.0000E+00 (0.0000E+00)  0.0000E+00 (0.0000E+00)  0.0000E+00 (0.0000E+00)  0.0000E+00 (0.0000E+00)
    9.9500  0.0000E+00 (0.0000E+00)  0.0000E+00 (0.0000E+00)  0.0000E+00 (0.0000E+00)  0.0000E+00 (0.0000E+00)
   10.0500  0.0000E+00 (0.0000E+00)  0.0000E+00 (0.0000E+00)  0.0000E+00 (0.0000E+00)  0.0000E+00 (0.0000E+00)
   10.1500  0.0000E+00 (0.0000E+00)  0.0000E+00 (0.0000E+00)  0.0000E+00 (0.0000E+00)  0.0000E+00 (0.0000E+00)
   10.2500  0.0000E+00 (0.0000E+00)  0.0000E+00 (0.0000E+00)  0.0000E+00 (0.0000E+00)  0.0000E+00 (0.0000E+00)
   10.3500  0.0000E+00 (0.0000E+00)  0.0000E+00 (0.0000E+00)  0.0000E+00 (0.0000E+00)  0.0000E+00 (0.0000E+00)
   10.4500  0.0000E+00 (0.0000E+00)  0.0000E+00 (0.0000E+00)  0.0000E+00 (0.0000E+00)  0.0000E+00 (0.0000E+00)
   10.5500  0.0000E+00 (0.0000E+00)  0.0000E+00 (0.0000E+00)  0.0000E+00 (0.0000E+00)  0.0000E+00 (0.0000E+00)
   10.6500  0.0000E+00 (0.0000E+00)  0.0000E+00 (0.0000E+00)  0.0000E+00 (0.0000E+00)  0.0000E+00 (0.0000E+00)
   10.7500  0.0000E+00 (0.0000E+00)  0.0000E+00 (0.0000E+00)  0.0000E+00 (0.0000E+00)  0.0000E+00 (0.0000E+00)
   10.8500  0.0000E+00 (0.0000E+00)  0.0000E+00 (0.0000E+00)  0.0000E+00 (0.0000E+00)  0.0000E+00 (0.0000E+00)
   10.9500  0.0000E+00 (0.0000E+00)  0.0000E+00 (0.0000E+00)  0.0000E+00 (0.0000E+00)  0.0000E+00 (0.0000E+00)
   11.0500  0.0000E+00 (0.0000E+00)  0.0000E+00 (0.0000E+00)  0.0000E+00 (0.0000E+00)  0.0000E+00 (0.0000E+00)
   11.1500  0.0000E+00 (0.0000E+00)  0.0000E+00 (0.0000E+00)  0.0000E+00 (0.0000E+00)  0.0000E+00 (0.0000E+00)
   11.2500  0.0000E+00 (0.0000E+00)  0.0000E+00 (0.0000E+00)  0.0000E+00 (0.0000E+00)  0.0000E+00 (0.0000E+00)
   11.3500  0.0000E+00 (0.0000E+00)  0.0000E+00 (0.0000E+00)  0.0000E+00 (0.0000E+00)  0.0000E+00 (0.0000E+00)
   11.4500  0.0000E+00 (0.0000E+00)  0.0000E+00 (0.0000E+00)  0.0000E+00 (0.0000E+00)  0.0000E+00 (0.0000E+00)
   11.5500  0.0000E+00 (0.0000E+00)  0.0000E+00 (0.0000E+00)  0.0000E+00 (0.0000E+00)  0.0000E+00 (0.0000E+00)
   11.6500  0.0000E+00 (0.0000E+00)  0.0000E+00 (0.0000E+00)  0.0000E+00 (0.0000E+00)  0.0000E+00 (0.0000E+00)
   11.7500  0.0000E+00 (0.0000E+00)  0.0000E+00 (0.0000E+00)  0.0000E+00 (0.0000E+00)  0.0000E+00 (0.0000E+00)
   11.8500  0.0000E+00 (0.0000E+00)  0.0000E+00 (0.0000E+00)  0.0000E+00 (0.0000E+00)  0.0000E+00 (0.0000E+00)
   11.9500  0.0000E+00 (0.0000E+00)  0.0000E+00 (0.0000E+00)  0.0000E+00 (0.0000E+00)  0.0000E+00 (0.0000E+00)
   12.0500  0.0000E+00 (0.0000E+00)  0.0000E+00 (0.0000E+00)  0.0000E+00 (0.0000E+00)  0.0000E+00 (0.0000E+00)
   12.1500  0.0000E+00 (0.0000E+00)  0.0000E+00 (0.0000E+00)  0.0000E+00 (0.0000E+00)  0.0000E+00 (0.0000E+00)
   12.2500  0.0000E+00 (0.0000E+00)  0.0000E+00 (0.0000E+00)  0.0000E+00 (0.0000E+00)  0.0000E+00 (0.0000E+00)
   12.3500  0.0000E+00 (0.0000E+00)  0.0000E+00 (0.0000E+00)  0.0000E+00 (0.0000E+00)  0.0000E+00 (0.0000E+00)
   12.4500  0.0000E+00 (0.0000E+00)  0.0000E+00 (0.0000E+00)  0.0000E+00 (0.0000E+00)  0.0000E+00 (0.0000E+00)
   12.5500  0.0000E+00 (0.0000E+00)  0.0000E+00 (0.0000E+00)  0.0000E+00 (0.0000E+00)  0.0000E+00 (0.0000E+00)
   12.6500  0.0000E+00 (0.0000E+00)  0.0000E+00 (0.0000E+00)  0.0000E+00 (0.0000E+00)  0.0000E+00 (0.0000E+00)
   12.7500  0.0000E+00 (0.0000E+00)  0.0000E+00 (0.0000E+00)  0.0000E+00 (0.0000E+00)  0.0000E+00 (0.0000E+00)
   12.8500  0.0000E+00 (0.0000E+00)  0.0000E+00 (0.0000E+00)  0.0000E+00 (0.0000E+00)  0.0000E+00 (0.0000E+00)
   12.9500  0.0000E+00 (0.0000E+00)  0.0000E+00 (0.0000E+00)  0.0000E+00 (0.0000E+00)  0.0000E+00 (0.0000E+00)
   13.0500  0.0000E+00 (0.0000E+00)  0.0000E+00 (0.0000E+00)  0.0000E+00 (0.0000E+00)  0.0000E+00 (0.0000E+00)
   13.1500  0.0000E+00 (0.0000E+00)  0.0000E+00 (0.0000E+00)  0.0000E+00 (0.0000E+00)  0.0000E+00 (0.0000E+00)
   13.2500  0.0000E+00 (0.0000E+00)  0.0000E+00 (0.0000E+00)  0.0000E+00 (0.0000E+00)  0.0000E+00 (0.0000E+00)
   13.3500  0.0000E+00 (0.0000E+00)  0.0000E+00 (0.0000E+00)  0.0000E+00 (0.0000E+00)  0.0000E+00 (0.0000E+00)
   13.4500  0.0000E+00 (0.0000E+00)  0.0000E+00 (0.0000E+00)  0.0000E+00 (0.0000E+00)  0.0000E+00 (0.0000E+00)
   13.5500  0.0000E+00 (0.0000E+00)  0.0000E+00 (0.0000E+00)  0.0000E+00 (0.0000E+00)  0.0000E+00 (0.0000E+00)
   13.6500  0.0000E+00 (0.0000E+00)  0.0000E+00 (0.0000E+00)  0.0000E+00 (0.0000E+00)  0.0000E+00 (0.0000E+00)
   13.7500  0.0000E+00 (0.0000E+00)  0.0000E+00 (0.0000E+00)  0.0000E+00 (0.0000E+00)  0.0000E+00 (0.0000E+00)
   13.8500  0.0000E+00 (0.0000E+00)  0.0000E+00 (0.0000E+00)  0.0000E+00 (0.0000E+00)  0.0000E+00 (0.0000E+00)
   13.9500  0.0000E+00 (0.0000E+00)  0.0000E+00 (0.0000E+00)  0.0000E+00 (0.0000E+00)  0.0000E+00 (0.0000E+00)
   14.0500  0.0000E+00 (0.0000E+00)  0.0000E+00 (0.0000E+00)  0.0000E+00 (0.0000E+00)  0.0000E+00 (0.0000E+00)
   14.1500  0.0000E+00 (0.0000E+00)  0.0000E+00 (0.0000E+00)  0.0000E+00 (0.0000E+00)  0.0000E+00 (0.0000E+00)
   14.2500  0.0000E+00 (0.0000E+00)  0.0000E+00 (0.0000E+00)  0.0000E+00 (0.0000E+00)  0.0000E+00 (0.0000E+00)
   14.3500  0.0000E+00 (0.0000E+00)  0.0000E+00 (0.0000E+00)  0.0000E+00 (0.0000E+00)  0.0000E+00 (0.0000E+00)
   14.4500  0.0000E+00 (0.0000E+00)  0.0000E+00 (0.0000E+00)  0.0000E+00 (0.0000E+00)  0.0000E+00 (0.0000E+00)
   14.5500  0.0000E+00 (0.0000E+00)  0.0000E+00 (0.0000E+00)  0.0000E+00 (0.0000E+00)  0.0000E+00 (0.0000E+00)
   14.6500  0.0000E+00 (0.0000E+00)  0.0000E+00 (0.0000E+00)  0.0000E+00 (0.0000E+00)  0.0000E+00 (0.0000E+00)
   14.7500  0.0000E+00 (0.0000E+00)  0.0000E+00 (0.0000E+00)  0.0000E+00 (0.0000E+00)  0.0000E+00 (0.0000E+00)
   14.8500  0.0000E+00 (0.0000E+00)  0.0000E+00 (0.0000E+00)  0.0000E+00 (0.0000E+00)  0.0000E+00 (0.0000E+00)
   14.9500  0.0000E+00 (0.0000E+00)  0.0000E+00 (0.0000E+00)  0.0000E+00 (0.0000E+00)  0.0000E+00 (0.0000E+00)
   15.0500  0.0000E+00 (0.0000E+00)  0.0000E+00 (0.0000E+00)  0.0000E+00 (0.0000E+00)  0.0000E+00 (0.0000E+00)
   15.1500  0.0000E+00 (0.0000E+00)  0.0000E+00 (0.0000E+00)  0.0000E+00 (0.0000E+00)  0.0000E+00 (0.0000E+00)
   15.2500  0.0000E+00 (0.0000E+00)  0.0000E+00 (0.0000E+00)  0.0000E+00 (0.0000E+00)  0.0000E+00 (0.0000E+00)
   15.3500  0.0000E+00 (0.0000E+00)  0.0000E+00 (0.0000E+00)  0.0000E+00 (0.0000E+00)  0.0000E+00 (0.0000E+00)
   15.4500  0.0000E+00 (0.0000E+00)  0.0000E+00 (0.0000E+00)  0.0000E+00 (0.0000E+00)  0.0000E+00 (0.0000E+00)
   15.5500  0.0000E+00 (0.0000E+00)  0.0000E+00 (0.0000E+00)  0.0000E+00 (0.0000E+00)  0.0000E+00 (0.0000E+00)
   15.6500  0.0000E+00 (0.0000E+00)  0.0000E+00 (0.0000E+00)  0.0000E+00 (0.0000E+00)  0.0000E+00 (0.0000E+00)
   15.7500  0.0000E+00 (0.0000E+00)  0.0000E+00 (0.0000E+00)  0.0000E+00 (0.0000E+00)  0.0000E+00 (0.0000E+00)
   15.8500  0.0000E+00 (0.0000E+00)  0.0000E+00 (0.0000E+00)  0.0000E+00 (0.0000E+00)  0.0000E+00 (0.0000E+00)
   15.9500  0.0000E+00 (0.0000E+00)  0.0000E+00 (0.0000E+00)  0.0000E+00 (0.0000E+00)  0.0000E+00 (0.0000E+00)
   16.0500  0.0000E+00 (0.0000E+00)  0.0000E+00 (0.0000E+00)  0.0000E+00 (0.0000E+00)  0.0000E+00 (0.0000E+00)
   16.1500  0.0000E+00 (0.0000E+00)  0.0000E+00 (0.0000E+00)  0.0000E+00 (0.0000E+00)  0.0000E+00 (0.0000E+00)
   16.2500  0.0000E+00 (0.0000E+00)  0.0000E+00 (0.0000E+00)  0.0000E+00 (0.0000E+00)  0.0000E+00 (0.0000E+00)
   16.3500  0.0000E+00 (0.0000E+00)  0.0000E+00 (0.0000E+00)  0.0000E+00 (0.0000E+00)  0.0000E+00 (0.0000E+00)
   16.4500  0.0000E+00 (0.0000E+00)  0.0000E+00 (0.0000E+00)  0.0000E+00 (0.0000E+00)  0.0000E+00 (0.0000E+00)
   16.5500  0.0000E+00 (0.0000E+00)  0.0000E+00 (0.0000E+00)  0.0000E+00 (0.0000E+00)  0.0000E+00 (0.0000E+00)
   16.6500  0.0000E+00 (0.0000E+00)  0.0000E+00 (0.0000E+00)  0.0000E+00 (0.0000E+00)  0.0000E+00 (0.0000E+00)
   16.7500  0.0000E+00 (0.0000E+00)  0.0000E+00 (0.0000E+00)  0.0000E+00 (0.0000E+00)  0.0000E+00 (0.0000E+00)
   16.8500  0.0000E+00 (0.0000E+00)  0.0000E+00 (0.0000E+00)  0.0000E+00 (0.0000E+00)  0.0000E+00 (0.0000E+00)
   16.9500  0.0000E+00 (0.0000E+00)  0.0000E+00 (0.0000E+00)  0.0000E+00 (0.0000E+00)  0.0000E+00 (0.0000E+00)
   17.0500  0.0000E+00 (0.0000E+00)  0.0000E+00 (0.0000E+00)  0.0000E+00 (0.0000E+00)  0.0000E+00 (0.0000E+00)
   17.1500  0.0000E+00 (0.0000E+00)  0.0000E+00 (0.0000E+00)  0.0000E+00 (0.0000E+00)  0.0000E+00 (0.0000E+00)
   17.2500  0.0000E+00 (0.0000E+00)  0.0000E+00 (0.0000E+00)  0.0000E+00 (0.0000E+00)  0.0000E+00 (0.0000E+00)
   17.3500  0.0000E+00 (0.0000E+00)  0.0000E+00 (0.0000E+00)  0.0000E+00 (0.0000E+00)  0.0000E+00 (0.0000E+00)
   17.4500  0.0000E+00 (0.0000E+00)  0.0000E+00 (0.0000E+00)  0.0000E+00 (0.0000E+00)  0.0000E+00 (0.0000E+00)
   17.5500  0.0000E+00 (0.0000E+00)  0.0000E+00 (0.0000E+00)  0.0000E+00 (0.0000E+00)  0.0000E+00 (0.0000E+00)
   17.6500  0.0000E+00 (0.0000E+00)  0.0000E+00 (0.0000E+00)  0.0000E+00 (0.0000E+00)  0.0000E+00 (0.0000E+00)
   17.7500  0.0000E+00 (0.0000E+00)  0.0000E+00 (0.0000E+00)  0.0000E+00 (0.0000E+00)  0.0000E+00 (0.0000E+00)
   17.8500  0.0000E+00 (0.0000E+00)  0.0000E+00 (0.0000E+00)  0.0000E+00 (0.0000E+00)  0.0000E+00 (0.0000E+00)
   17.9500  0.0000E+00 (0.0000E+00)  0.0000E+00 (0.0000E+00)  0.0000E+00 (0.0000E+00)  0.0000E+00 (0.0000E+00)
   18.0500  0.0000E+00 (0.0000E+00)  0.0000E+00 (0.0000E+00)  0.0000E+00 (0.0000E+00)  0.0000E+00 (0.0000E+00)
   18.1500  0.0000E+00 (0.0000E+00)  0.0000E+00 (0.0000E+00)  0.0000E+00 (0.0000E+00)  0.0000E+00 (0.0000E+00)
   18.2500  0.0000E+00 (0.0000E+00)  0.0000E+00 (0.0000E+00)  0.0000E+00 (0.0000E+00)  0.0000E+00 (0.0000E+00)
   18.3500  0.0000E+00 (0.0000E+00)  0.0000E+00 (0.0000E+00)  0.0000E+00 (0.0000E+00)  0.0000E+00 (0.0000E+00)
   18.4500  0.0000E+00 (0.0000E+00)  0.0000E+00 (0.0000E+00)  0.0000E+00 (0.0000E+00)  0.0000E+00 (0.0000E+00)
   18.5500  0.0000E+00 (0.0000E+00)  0.0000E+00 (0.0000E+00)  0.0000E+00 (0.0000E+00)  0.0000E+00 (0.0000E+00)
   18.6500  0.0000E+00 (0.0000E+00)  0.0000E+00 (0.0000E+00)  0.0000E+00 (0.0000E+00)  0.0000E+00 (0.0000E+00)
   18.7500  0.0000E+00 (0.0000E+00)  0.0000E+00 (0.0000E+00)  0.0000E+00 (0.0000E+00)  0.0000E+00 (0.0000E+00)
   18.8500  0.0000E+00 (0.0000E+00)  0.0000E+00 (0.0000E+00)  0.0000E+00 (0.0000E+00)  0.0000E+00 (0.0000E+00)
   18.9500  0.0000E+00 (0.0000E+00)  0.0000E+00 (0.0000E+00)  0.0000E+00 (0.0000E+00)  0.0000E+00 (0.0000E+00)
   19.0500  0.0000E+00 (0.0000E+00)  0.0000E+00 (0.0000E+00)  0.0000E+00 (0.0000E+00)  0.0000E+00 (0.0000E+00)
   19.1500  0.0000E+00 (0.0000E+00)  0.0000E+00 (0.0000E+00)  0.0000E+00 (0.0000E+00)  0.0000E+00 (0.0000E+00)
   19.2500  0.0000E+00 (0.0000E+00)  0.0000E+00 (0.0000E+00)  0.0000E+00 (0.0000E+00)  0.0000E+00 (0.0000E+00)
   19.3500  0.0000E+00 (0.0000E+00)  0.0000E+00 (0.0000E+00)  0.0000E+00 (0.0000E+00)  0.0000E+00 (0.0000E+00)
   19.4500  0.0000E+00 (0.0000E+00)  0.0000E+00 (0.0000E+00)  0.0000E+00 (0.0000E+00)  0.0000E+00 (0.0000E+00)
   19.5500  0.0000E+00 (0.0000E+00)  0.0000E+00 (0.0000E+00)  0.0000E+00 (0.0000E+00)  0.0000E+00 (0.0000E+00)
   19.6500  0.0000E+00 (0.0000E+00)  0.0000E+00 (0.0000E+00)  0.0000E+00 (0.0000E+00)  0.0000E+00 (0.0000E+00)
   19.7500  0.0000E+00 (0.0000E+00)  0.0000E+00 (0.0000E+00)  0.0000E+00 (0.0000E+00)  0.0000E+00 (0.0000E+00)
   19.8500  0.0000E+00 (0.0000E+00)  0.0000E+00 (0.0000E+00)  0.0000E+00 (0.0000E+00)  0.0000E+00 (0.0000E+00)
   19.9500  0.0000E+00 (0.0000E+00)  0.0000E+00 (0.0000E+00)  0.0000E+00 (0.0000E+00)  0.0000E+00 (0.0000E+00)
   --------------------------------------------------------------------
                   TWO-BODY R-SPACE DISTRIBUTIONS
   --------------------------------------------------------------------
   R_ij (fm)      NN (S=0)                NP (S=0)               PP (S=0)
    0.0500  0.4146E-01 (0.9769E-02)  0.3866E-01 (0.9047E-02)  0.3571E-01 (0.8360E-02)
    0.1500  0.3116E-01 (0.3072E-02)  0.2850E-01 (0.2788E-02)  0.2510E-01 (0.2498E-02)
    0.2500  0.3127E-01 (0.1890E-02)  0.2919E-01 (0.1747E-02)  0.2587E-01 (0.1571E-02)
    0.3500  0.3422E-01 (0.1426E-02)  0.3240E-01 (0.1338E-02)  0.2803E-01 (0.1174E-02)
    0.4500  0.4183E-01 (0.1263E-02)  0.4005E-01 (0.1196E-02)  0.3467E-01 (0.1049E-02)
    0.5500  0.4435E-01 (0.1097E-02)  0.4299E-01 (0.1050E-02)  0.3658E-01 (0.9097E-03)
    0.6500  0.5326E-01 (0.1037E-02)  0.5208E-01 (0.1002E-02)  0.4390E-01 (0.8608E-03)
    0.7500  0.5614E-01 (0.9334E-03)  0.5565E-01 (0.9138E-03)  0.4667E-01 (0.7801E-03)
    0.8500  0.6388E-01 (0.8839E-03)  0.6382E-01 (0.8737E-03)  0.5263E-01 (0.7316E-03)
    0.9500  0.6911E-01 (0.8221E-03)  0.6978E-01 (0.8226E-03)  0.5715E-01 (0.6849E-03)
    1.0500  0.7011E-01 (0.7589E-03)  0.7185E-01 (0.7729E-03)  0.5816E-01 (0.6348E-03)
    1.1500  0.6944E-01 (0.6817E-03)  0.7221E-01 (0.7054E-03)  0.5771E-01 (0.5723E-03)
    1.2500  0.6796E-01 (0.6111E-03)  0.7181E-01 (0.6426E-03)  0.5626E-01 (0.5125E-03)
    1.3500  0.6621E-01 (0.5520E-03)  0.7098E-01 (0.5887E-03)  0.5483E-01 (0.4629E-03)
    1.4500  0.6183E-01 (0.4888E-03)  0.6751E-01 (0.5297E-03)  0.5081E-01 (0.4021E-03)
    1.5500  0.5768E-01 (0.4424E-03)  0.6434E-01 (0.4923E-03)  0.4743E-01 (0.3678E-03)
    1.6500  0.5421E-01 (0.4020E-03)  0.6168E-01 (0.4562E-03)  0.4423E-01 (0.3302E-03)
    1.7500  0.4961E-01 (0.3591E-03)  0.5789E-01 (0.4160E-03)  0.4046E-01 (0.2935E-03)
    1.8500  0.4533E-01 (0.3225E-03)  0.5417E-01 (0.3824E-03)  0.3678E-01 (0.2637E-03)
    1.9500  0.4219E-01 (0.2857E-03)  0.5150E-01 (0.3456E-03)  0.3396E-01 (0.2332E-03)
    2.0500  0.3811E-01 (0.2569E-03)  0.4765E-01 (0.3167E-03)  0.3041E-01 (0.2074E-03)
    2.1500  0.3436E-01 (0.2327E-03)  0.4411E-01 (0.2945E-03)  0.2741E-01 (0.1875E-03)
    2.2500  0.3203E-01 (0.2103E-03)  0.4206E-01 (0.2700E-03)  0.2534E-01 (0.1680E-03)
    2.3500  0.2910E-01 (0.1899E-03)  0.3935E-01 (0.2505E-03)  0.2299E-01 (0.1512E-03)
    2.4500  0.2680E-01 (0.1731E-03)  0.3708E-01 (0.2320E-03)  0.2092E-01 (0.1361E-03)
    2.5500  0.2437E-01 (0.1532E-03)  0.3473E-01 (0.2116E-03)  0.1907E-01 (0.1212E-03)
    2.6500  0.2232E-01 (0.1403E-03)  0.3238E-01 (0.1968E-03)  0.1730E-01 (0.1099E-03)
    2.7500  0.2029E-01 (0.1275E-03)  0.3013E-01 (0.1836E-03)  0.1572E-01 (0.9976E-04)
    2.8500  0.1871E-01 (0.1159E-03)  0.2826E-01 (0.1696E-03)  0.1431E-01 (0.8972E-04)
    2.9500  0.1722E-01 (0.1060E-03)  0.2657E-01 (0.1577E-03)  0.1323E-01 (0.8202E-04)
    3.0500  0.1558E-01 (0.9660E-04)  0.2451E-01 (0.1466E-03)  0.1190E-01 (0.7434E-04)
    3.1500  0.1435E-01 (0.8802E-04)  0.2287E-01 (0.1359E-03)  0.1091E-01 (0.6802E-04)
    3.2500  0.1326E-01 (0.8225E-04)  0.2144E-01 (0.1278E-03)  0.1013E-01 (0.6303E-04)
    3.3500  0.1205E-01 (0.7571E-04)  0.1965E-01 (0.1193E-03)  0.9131E-02 (0.5796E-04)
    3.4500  0.1113E-01 (0.7047E-04)  0.1830E-01 (0.1117E-03)  0.8419E-02 (0.5349E-04)
    3.5500  0.1006E-01 (0.6474E-04)  0.1670E-01 (0.1039E-03)  0.7616E-02 (0.4930E-04)
    3.6500  0.9248E-02 (0.6080E-04)  0.1545E-01 (0.9830E-04)  0.6991E-02 (0.4630E-04)
    3.7500  0.8351E-02 (0.5553E-04)  0.1401E-01 (0.9030E-04)  0.6287E-02 (0.4198E-04)
    3.8500  0.7664E-02 (0.5146E-04)  0.1290E-01 (0.8444E-04)  0.5757E-02 (0.3903E-04)
    3.9500  0.6956E-02 (0.4788E-04)  0.1179E-01 (0.7908E-04)  0.5259E-02 (0.3663E-04)
    4.0500  0.6286E-02 (0.4468E-04)  0.1063E-01 (0.7361E-04)  0.4775E-02 (0.3427E-04)
    4.1500  0.5676E-02 (0.4159E-04)  0.9573E-02 (0.6828E-04)  0.4274E-02 (0.3157E-04)
    4.2500  0.5151E-02 (0.3920E-04)  0.8695E-02 (0.6465E-04)  0.3874E-02 (0.2964E-04)
    4.3500  0.4600E-02 (0.3638E-04)  0.7747E-02 (0.6000E-04)  0.3469E-02 (0.2774E-04)
    4.4500  0.4101E-02 (0.3390E-04)  0.6876E-02 (0.5571E-04)  0.3083E-02 (0.2564E-04)
    4.5500  0.3743E-02 (0.3157E-04)  0.6262E-02 (0.5199E-04)  0.2816E-02 (0.2414E-04)
    4.6500  0.3342E-02 (0.2940E-04)  0.5553E-02 (0.4803E-04)  0.2497E-02 (0.2225E-04)
    4.7500  0.2905E-02 (0.2706E-04)  0.4805E-02 (0.4417E-04)  0.2175E-02 (0.2061E-04)
    4.8500  0.2603E-02 (0.2535E-04)  0.4303E-02 (0.4135E-04)  0.1956E-02 (0.1932E-04)
    4.9500  0.2289E-02 (0.2329E-04)  0.3752E-02 (0.3780E-04)  0.1700E-02 (0.1769E-04)
    5.0500  0.2046E-02 (0.2186E-04)  0.3329E-02 (0.3515E-04)  0.1518E-02 (0.1646E-04)
    5.1500  0.1786E-02 (0.2012E-04)  0.2898E-02 (0.3221E-04)  0.1334E-02 (0.1522E-04)
    5.2500  0.1578E-02 (0.1876E-04)  0.2549E-02 (0.2997E-04)  0.1183E-02 (0.1428E-04)
    5.3500  0.1340E-02 (0.1734E-04)  0.2142E-02 (0.2748E-04)  0.9921E-03 (0.1306E-04)
    5.4500  0.1201E-02 (0.1589E-04)  0.1917E-02 (0.2504E-04)  0.8976E-03 (0.1198E-04)
    5.5500  0.1046E-02 (0.1476E-04)  0.1663E-02 (0.2317E-04)  0.7801E-03 (0.1115E-04)
    5.6500  0.8938E-03 (0.1339E-04)  0.1402E-02 (0.2082E-04)  0.6572E-03 (0.1006E-04)
    5.7500  0.7571E-03 (0.1207E-04)  0.1184E-02 (0.1861E-04)  0.5582E-03 (0.9068E-05)
    5.8500  0.6622E-03 (0.1127E-04)  0.1022E-02 (0.1723E-04)  0.4809E-03 (0.8369E-05)
    5.9500  0.5422E-03 (0.1005E-04)  0.8318E-03 (0.1518E-04)  0.3978E-03 (0.7502E-05)
    6.0500  0.4682E-03 (0.9256E-05)  0.7123E-03 (0.1388E-04)  0.3387E-03 (0.6825E-05)
    6.1500  0.4139E-03 (0.8640E-05)  0.6248E-03 (0.1284E-04)  0.2970E-03 (0.6290E-05)
    6.2500  0.3449E-03 (0.7716E-05)  0.5159E-03 (0.1137E-04)  0.2482E-03 (0.5636E-05)
    6.3500  0.3001E-03 (0.7187E-05)  0.4453E-03 (0.1052E-04)  0.2153E-03 (0.5294E-05)
    6.4500  0.2486E-03 (0.6508E-05)  0.3671E-03 (0.9457E-05)  0.1753E-03 (0.4695E-05)
    6.5500  0.2175E-03 (0.5915E-05)  0.3171E-03 (0.8465E-05)  0.1531E-03 (0.4236E-05)
    6.6500  0.1850E-03 (0.5405E-05)  0.2668E-03 (0.7670E-05)  0.1288E-03 (0.3898E-05)
    6.7500  0.1520E-03 (0.4881E-05)  0.2175E-03 (0.6850E-05)  0.1075E-03 (0.3500E-05)
    6.8500  0.1258E-03 (0.4368E-05)  0.1787E-03 (0.6081E-05)  0.8748E-04 (0.3126E-05)
    6.9500  0.1080E-03 (0.4075E-05)  0.1513E-03 (0.5561E-05)  0.7281E-04 (0.2830E-05)
    7.0500  0.9224E-04 (0.3703E-05)  0.1290E-03 (0.5082E-05)  0.6244E-04 (0.2572E-05)
    7.1500  0.7010E-04 (0.3148E-05)  0.9572E-04 (0.4189E-05)  0.4741E-04 (0.2193E-05)
    7.2500  0.5901E-04 (0.2976E-05)  0.8035E-04 (0.3969E-05)  0.3909E-04 (0.2050E-05)
    7.3500  0.5612E-04 (0.2816E-05)  0.7548E-04 (0.3704E-05)  0.3741E-04 (0.1949E-05)
    7.4500  0.4386E-04 (0.2434E-05)  0.5881E-04 (0.3204E-05)  0.2827E-04 (0.1623E-05)
    7.5500  0.3635E-04 (0.2196E-05)  0.4904E-04 (0.2878E-05)  0.2429E-04 (0.1522E-05)
    7.6500  0.3235E-04 (0.2069E-05)  0.4243E-04 (0.2664E-05)  0.2108E-04 (0.1398E-05)
    7.7500  0.2491E-04 (0.1839E-05)  0.3188E-04 (0.2310E-05)  0.1610E-04 (0.1241E-05)
    7.8500  0.1973E-04 (0.1579E-05)  0.2569E-04 (0.2010E-05)  0.1232E-04 (0.1031E-05)
    7.9500  0.1631E-04 (0.1398E-05)  0.2099E-04 (0.1771E-05)  0.1023E-04 (0.9188E-06)
    8.0500  0.1577E-04 (0.1401E-05)  0.2020E-04 (0.1749E-05)  0.1017E-04 (0.9330E-06)
    8.1500  0.1052E-04 (0.1148E-05)  0.1293E-04 (0.1389E-05)  0.6246E-05 (0.7105E-06)
    8.2500  0.9331E-05 (0.1057E-05)  0.1163E-04 (0.1306E-05)  0.6200E-05 (0.7365E-06)
    8.3500  0.6646E-05 (0.8417E-06)  0.8421E-05 (0.1036E-05)  0.4294E-05 (0.5724E-06)
    8.4500  0.5917E-05 (0.7923E-06)  0.7330E-05 (0.9535E-06)  0.3564E-05 (0.5008E-06)
    8.5500  0.5310E-05 (0.7830E-06)  0.6779E-05 (0.9709E-06)  0.3436E-05 (0.5287E-06)
    8.6500  0.4703E-05 (0.7113E-06)  0.5564E-05 (0.8205E-06)  0.3038E-05 (0.4828E-06)
    8.7500  0.3709E-05 (0.6174E-06)  0.4415E-05 (0.7166E-06)  0.2157E-05 (0.3780E-06)
    8.8500  0.4652E-05 (0.7197E-06)  0.5239E-05 (0.7973E-06)  0.2785E-05 (0.4580E-06)
    8.9500  0.3013E-05 (0.5469E-06)  0.3753E-05 (0.6773E-06)  0.1916E-05 (0.3609E-06)
    9.0500  0.1998E-05 (0.5154E-06)  0.2169E-05 (0.5326E-06)  0.1174E-05 (0.3164E-06)
    9.1500  0.1472E-05 (0.3752E-06)  0.1819E-05 (0.4421E-06)  0.9773E-06 (0.2558E-06)
    9.2500  0.1644E-05 (0.4119E-06)  0.1825E-05 (0.4430E-06)  0.9640E-06 (0.2469E-06)
    9.3500  0.1097E-05 (0.3170E-06)  0.1340E-05 (0.3723E-06)  0.6329E-06 (0.1908E-06)
    9.4500  0.1061E-05 (0.3444E-06)  0.1047E-05 (0.3318E-06)  0.5198E-06 (0.1785E-06)
    9.5500  0.6901E-06 (0.2359E-06)  0.8708E-06 (0.2905E-06)  0.4321E-06 (0.1580E-06)
    9.6500  0.1845E-06 (0.1317E-06)  0.2038E-06 (0.1442E-06)  0.1210E-06 (0.8606E-07)
    9.7500  0.6557E-06 (0.2603E-06)  0.6805E-06 (0.2578E-06)  0.4267E-06 (0.1667E-06)
    9.8500  0.2521E-06 (0.1286E-06)  0.3514E-06 (0.1757E-06)  0.1888E-06 (0.9608E-07)
    9.9500  0.4947E-06 (0.2106E-06)  0.5593E-06 (0.2290E-06)  0.2793E-06 (0.1280E-06)
   10.0500  0.1500E-06 (0.1072E-06)  0.1743E-06 (0.1233E-06)  0.7160E-07 (0.5071E-07)
   10.1500  0.8682E-07 (0.8682E-07)  0.9430E-07 (0.9429E-07)  0.7340E-07 (0.7340E-07)
   10.2500  0.3565E-06 (0.2128E-06)  0.3709E-06 (0.2236E-06)  0.2967E-06 (0.1754E-06)
   10.3500  0.2113E-06 (0.1309E-06)  0.2544E-06 (0.1477E-06)  0.1611E-06 (0.9858E-07)
   10.4500  0.2797E-06 (0.1620E-06)  0.2592E-06 (0.1497E-06)  0.1304E-06 (0.8592E-07)
   10.5500  0.4305E-07 (0.4305E-07)  0.7626E-07 (0.7626E-07)  0.3938E-07 (0.3938E-07)
   10.6500  0.8274E-07 (0.8274E-07)  0.8156E-07 (0.8156E-07)  0.4498E-07 (0.4497E-07)
   10.7500  0.4223E-07 (0.4223E-07)  0.7132E-07 (0.7132E-07)  0.3309E-07 (0.3309E-07)
   10.8500  0.5644E-07 (0.5644E-07)  0.7505E-07 (0.7504E-07)  0.4976E-07 (0.4975E-07)
   10.9500  0.0000E+00 (0.0000E+00)  0.0000E+00 (0.0000E+00)  0.0000E+00 (0.0000E+00)
   11.0500  0.7307E-07 (0.7307E-07)  0.8174E-07 (0.8174E-07)  0.4876E-07 (0.4876E-07)
   11.1500  0.8006E-07 (0.8005E-07)  0.7723E-07 (0.7723E-07)  0.4882E-07 (0.4882E-07)
   11.2500  0.5410E-07 (0.5410E-07)  0.7227E-07 (0.7226E-07)  0.4246E-07 (0.4246E-07)
   11.3500  0.0000E+00 (0.0000E+00)  0.0000E+00 (0.0000E+00)  0.0000E+00 (0.0000E+00)
   11.4500  0.0000E+00 (0.0000E+00)  0.0000E+00 (0.0000E+00)  0.0000E+00 (0.0000E+00)
   11.5500  0.0000E+00 (0.0000E+00)  0.0000E+00 (0.0000E+00)  0.0000E+00 (0.0000E+00)
   11.6500  0.0000E+00 (0.0000E+00)  0.0000E+00 (0.0000E+00)  0.0000E+00 (0.0000E+00)
   11.7500  0.0000E+00 (0.0000E+00)  0.0000E+00 (0.0000E+00)  0.0000E+00 (0.0000E+00)
   11.8500  0.0000E+00 (0.0000E+00)  0.0000E+00 (0.0000E+00)  0.0000E+00 (0.0000E+00)
   11.9500  0.0000E+00 (0.0000E+00)  0.0000E+00 (0.0000E+00)  0.0000E+00 (0.0000E+00)
   12.0500  0.0000E+00 (0.0000E+00)  0.0000E+00 (0.0000E+00)  0.0000E+00 (0.0000E+00)
   12.1500  0.0000E+00 (0.0000E+00)  0.0000E+00 (0.0000E+00)  0.0000E+00 (0.0000E+00)
   12.2500  0.0000E+00 (0.0000E+00)  0.0000E+00 (0.0000E+00)  0.0000E+00 (0.0000E+00)
   12.3500  0.0000E+00 (0.0000E+00)  0.0000E+00 (0.0000E+00)  0.0000E+00 (0.0000E+00)
   12.4500  0.0000E+00 (0.0000E+00)  0.0000E+00 (0.0000E+00)  0.0000E+00 (0.0000E+00)
   12.5500  0.0000E+00 (0.0000E+00)  0.0000E+00 (0.0000E+00)  0.0000E+00 (0.0000E+00)
   12.6500  0.0000E+00 (0.0000E+00)  0.0000E+00 (0.0000E+00)  0.0000E+00 (0.0000E+00)
   12.7500  0.0000E+00 (0.0000E+00)  0.0000E+00 (0.0000E+00)  0.0000E+00 (0.0000E+00)
   12.8500  0.0000E+00 (0.0000E+00)  0.0000E+00 (0.0000E+00)  0.0000E+00 (0.0000E+00)
   12.9500  0.0000E+00 (0.0000E+00)  0.0000E+00 (0.0000E+00)  0.0000E+00 (0.0000E+00)
   13.0500  0.0000E+00 (0.0000E+00)  0.0000E+00 (0.0000E+00)  0.0000E+00 (0.0000E+00)
   13.1500  0.0000E+00 (0.0000E+00)  0.0000E+00 (0.0000E+00)  0.0000E+00 (0.0000E+00)
   13.2500  0.0000E+00 (0.0000E+00)  0.0000E+00 (0.0000E+00)  0.0000E+00 (0.0000E+00)
   13.3500  0.0000E+00 (0.0000E+00)  0.0000E+00 (0.0000E+00)  0.0000E+00 (0.0000E+00)
   13.4500  0.0000E+00 (0.0000E+00)  0.0000E+00 (0.0000E+00)  0.0000E+00 (0.0000E+00)
   13.5500  0.0000E+00 (0.0000E+00)  0.0000E+00 (0.0000E+00)  0.0000E+00 (0.0000E+00)
   13.6500  0.0000E+00 (0.0000E+00)  0.0000E+00 (0.0000E+00)  0.0000E+00 (0.0000E+00)
   13.7500  0.0000E+00 (0.0000E+00)  0.0000E+00 (0.0000E+00)  0.0000E+00 (0.0000E+00)
   13.8500  0.0000E+00 (0.0000E+00)  0.0000E+00 (0.0000E+00)  0.0000E+00 (0.0000E+00)
   13.9500  0.0000E+00 (0.0000E+00)  0.0000E+00 (0.0000E+00)  0.0000E+00 (0.0000E+00)
   14.0500  0.0000E+00 (0.0000E+00)  0.0000E+00 (0.0000E+00)  0.0000E+00 (0.0000E+00)
   14.1500  0.0000E+00 (0.0000E+00)  0.0000E+00 (0.0000E+00)  0.0000E+00 (0.0000E+00)
   14.2500  0.0000E+00 (0.0000E+00)  0.0000E+00 (0.0000E+00)  0.0000E+00 (0.0000E+00)
   14.3500  0.0000E+00 (0.0000E+00)  0.0000E+00 (0.0000E+00)  0.0000E+00 (0.0000E+00)
   14.4500  0.0000E+00 (0.0000E+00)  0.0000E+00 (0.0000E+00)  0.0000E+00 (0.0000E+00)
   14.5500  0.0000E+00 (0.0000E+00)  0.0000E+00 (0.0000E+00)  0.0000E+00 (0.0000E+00)
   14.6500  0.0000E+00 (0.0000E+00)  0.0000E+00 (0.0000E+00)  0.0000E+00 (0.0000E+00)
   14.7500  0.0000E+00 (0.0000E+00)  0.0000E+00 (0.0000E+00)  0.0000E+00 (0.0000E+00)
   14.8500  0.0000E+00 (0.0000E+00)  0.0000E+00 (0.0000E+00)  0.0000E+00 (0.0000E+00)
   14.9500  0.0000E+00 (0.0000E+00)  0.0000E+00 (0.0000E+00)  0.0000E+00 (0.0000E+00)
   15.0500  0.0000E+00 (0.0000E+00)  0.0000E+00 (0.0000E+00)  0.0000E+00 (0.0000E+00)
   15.1500  0.0000E+00 (0.0000E+00)  0.0000E+00 (0.0000E+00)  0.0000E+00 (0.0000E+00)
   15.2500  0.0000E+00 (0.0000E+00)  0.0000E+00 (0.0000E+00)  0.0000E+00 (0.0000E+00)
   15.3500  0.0000E+00 (0.0000E+00)  0.0000E+00 (0.0000E+00)  0.0000E+00 (0.0000E+00)
   15.4500  0.0000E+00 (0.0000E+00)  0.0000E+00 (0.0000E+00)  0.0000E+00 (0.0000E+00)
   15.5500  0.0000E+00 (0.0000E+00)  0.0000E+00 (0.0000E+00)  0.0000E+00 (0.0000E+00)
   15.6500  0.0000E+00 (0.0000E+00)  0.0000E+00 (0.0000E+00)  0.0000E+00 (0.0000E+00)
   15.7500  0.0000E+00 (0.0000E+00)  0.0000E+00 (0.0000E+00)  0.0000E+00 (0.0000E+00)
   15.8500  0.0000E+00 (0.0000E+00)  0.0000E+00 (0.0000E+00)  0.0000E+00 (0.0000E+00)
   15.9500  0.0000E+00 (0.0000E+00)  0.0000E+00 (0.0000E+00)  0.0000E+00 (0.0000E+00)
   16.0500  0.0000E+00 (0.0000E+00)  0.0000E+00 (0.0000E+00)  0.0000E+00 (0.0000E+00)
   16.1500  0.0000E+00 (0.0000E+00)  0.0000E+00 (0.0000E+00)  0.0000E+00 (0.0000E+00)
   16.2500  0.0000E+00 (0.0000E+00)  0.0000E+00 (0.0000E+00)  0.0000E+00 (0.0000E+00)
   16.3500  0.0000E+00 (0.0000E+00)  0.0000E+00 (0.0000E+00)  0.0000E+00 (0.0000E+00)
   16.4500  0.0000E+00 (0.0000E+00)  0.0000E+00 (0.0000E+00)  0.0000E+00 (0.0000E+00)
   16.5500  0.0000E+00 (0.0000E+00)  0.0000E+00 (0.0000E+00)  0.0000E+00 (0.0000E+00)
   16.6500  0.0000E+00 (0.0000E+00)  0.0000E+00 (0.0000E+00)  0.0000E+00 (0.0000E+00)
   16.7500  0.0000E+00 (0.0000E+00)  0.0000E+00 (0.0000E+00)  0.0000E+00 (0.0000E+00)
   16.8500  0.0000E+00 (0.0000E+00)  0.0000E+00 (0.0000E+00)  0.0000E+00 (0.0000E+00)
   16.9500  0.0000E+00 (0.0000E+00)  0.0000E+00 (0.0000E+00)  0.0000E+00 (0.0000E+00)
   17.0500  0.0000E+00 (0.0000E+00)  0.0000E+00 (0.0000E+00)  0.0000E+00 (0.0000E+00)
   17.1500  0.0000E+00 (0.0000E+00)  0.0000E+00 (0.0000E+00)  0.0000E+00 (0.0000E+00)
   17.2500  0.0000E+00 (0.0000E+00)  0.0000E+00 (0.0000E+00)  0.0000E+00 (0.0000E+00)
   17.3500  0.0000E+00 (0.0000E+00)  0.0000E+00 (0.0000E+00)  0.0000E+00 (0.0000E+00)
   17.4500  0.0000E+00 (0.0000E+00)  0.0000E+00 (0.0000E+00)  0.0000E+00 (0.0000E+00)
   17.5500  0.0000E+00 (0.0000E+00)  0.0000E+00 (0.0000E+00)  0.0000E+00 (0.0000E+00)
   17.6500  0.0000E+00 (0.0000E+00)  0.0000E+00 (0.0000E+00)  0.0000E+00 (0.0000E+00)
   17.7500  0.0000E+00 (0.0000E+00)  0.0000E+00 (0.0000E+00)  0.0000E+00 (0.0000E+00)
   17.8500  0.0000E+00 (0.0000E+00)  0.0000E+00 (0.0000E+00)  0.0000E+00 (0.0000E+00)
   17.9500  0.0000E+00 (0.0000E+00)  0.0000E+00 (0.0000E+00)  0.0000E+00 (0.0000E+00)
   18.0500  0.0000E+00 (0.0000E+00)  0.0000E+00 (0.0000E+00)  0.0000E+00 (0.0000E+00)
   18.1500  0.0000E+00 (0.0000E+00)  0.0000E+00 (0.0000E+00)  0.0000E+00 (0.0000E+00)
   18.2500  0.0000E+00 (0.0000E+00)  0.0000E+00 (0.0000E+00)  0.0000E+00 (0.0000E+00)
   18.3500  0.0000E+00 (0.0000E+00)  0.0000E+00 (0.0000E+00)  0.0000E+00 (0.0000E+00)
   18.4500  0.0000E+00 (0.0000E+00)  0.0000E+00 (0.0000E+00)  0.0000E+00 (0.0000E+00)
   18.5500  0.0000E+00 (0.0000E+00)  0.0000E+00 (0.0000E+00)  0.0000E+00 (0.0000E+00)
   18.6500  0.0000E+00 (0.0000E+00)  0.0000E+00 (0.0000E+00)  0.0000E+00 (0.0000E+00)
   18.7500  0.0000E+00 (0.0000E+00)  0.0000E+00 (0.0000E+00)  0.0000E+00 (0.0000E+00)
   18.8500  0.0000E+00 (0.0000E+00)  0.0000E+00 (0.0000E+00)  0.0000E+00 (0.0000E+00)
   18.9500  0.0000E+00 (0.0000E+00)  0.0000E+00 (0.0000E+00)  0.0000E+00 (0.0000E+00)
   19.0500  0.0000E+00 (0.0000E+00)  0.0000E+00 (0.0000E+00)  0.0000E+00 (0.0000E+00)
   19.1500  0.0000E+00 (0.0000E+00)  0.0000E+00 (0.0000E+00)  0.0000E+00 (0.0000E+00)
   19.2500  0.0000E+00 (0.0000E+00)  0.0000E+00 (0.0000E+00)  0.0000E+00 (0.0000E+00)
   19.3500  0.0000E+00 (0.0000E+00)  0.0000E+00 (0.0000E+00)  0.0000E+00 (0.0000E+00)
   19.4500  0.0000E+00 (0.0000E+00)  0.0000E+00 (0.0000E+00)  0.0000E+00 (0.0000E+00)
   19.5500  0.0000E+00 (0.0000E+00)  0.0000E+00 (0.0000E+00)  0.0000E+00 (0.0000E+00)
   19.6500  0.0000E+00 (0.0000E+00)  0.0000E+00 (0.0000E+00)  0.0000E+00 (0.0000E+00)
   19.7500  0.0000E+00 (0.0000E+00)  0.0000E+00 (0.0000E+00)  0.0000E+00 (0.0000E+00)
   19.8500  0.0000E+00 (0.0000E+00)  0.0000E+00 (0.0000E+00)  0.0000E+00 (0.0000E+00)
   19.9500  0.0000E+00 (0.0000E+00)  0.0000E+00 (0.0000E+00)  0.0000E+00 (0.0000E+00)
   --------------------------------------------------------------------
   R_ij (fm)      NN (S=1)                NP (S=1)               PP (S=1)
    0.0500  0.9038E-03 (0.3194E-03)  0.2712E+00 (0.6376E-01)  0.6520E-03 (0.2391E-03)
    0.1500  0.2716E-02 (0.4050E-03)  0.2020E+00 (0.1966E-01)  0.1924E-02 (0.3023E-03)
    0.2500  0.4213E-02 (0.3514E-03)  0.1909E+00 (0.1138E-01)  0.2827E-02 (0.2486E-03)
    0.3500  0.7285E-02 (0.4540E-03)  0.1966E+00 (0.8079E-02)  0.4959E-02 (0.3354E-03)
    0.4500  0.9916E-02 (0.4463E-03)  0.2220E+00 (0.6585E-02)  0.6646E-02 (0.2948E-03)
    0.5500  0.1221E-01 (0.3973E-03)  0.2167E+00 (0.5258E-02)  0.8388E-02 (0.2853E-03)
    0.6500  0.1582E-01 (0.4072E-03)  0.2418E+00 (0.4616E-02)  0.1097E-01 (0.2891E-03)
    0.7500  0.1788E-01 (0.3828E-03)  0.2421E+00 (0.3957E-02)  0.1263E-01 (0.2763E-03)
    0.8500  0.2271E-01 (0.4138E-03)  0.2630E+00 (0.3574E-02)  0.1603E-01 (0.3013E-03)
    0.9500  0.2667E-01 (0.4161E-03)  0.2760E+00 (0.3230E-02)  0.1870E-01 (0.2974E-03)
    1.0500  0.3098E-01 (0.4340E-03)  0.2740E+00 (0.2931E-02)  0.2184E-01 (0.3148E-03)
    1.1500  0.3506E-01 (0.4482E-03)  0.2676E+00 (0.2597E-02)  0.2484E-01 (0.3268E-03)
    1.2500  0.3973E-01 (0.4550E-03)  0.2612E+00 (0.2331E-02)  0.2806E-01 (0.3313E-03)
    1.3500  0.4391E-01 (0.4657E-03)  0.2546E+00 (0.2100E-02)  0.3079E-01 (0.3371E-03)
    1.4500  0.4729E-01 (0.4729E-03)  0.2384E+00 (0.1870E-02)  0.3296E-01 (0.3356E-03)
    1.5500  0.5018E-01 (0.4795E-03)  0.2235E+00 (0.1708E-02)  0.3489E-01 (0.3411E-03)
    1.6500  0.5298E-01 (0.4829E-03)  0.2116E+00 (0.1560E-02)  0.3674E-01 (0.3437E-03)
    1.7500  0.5424E-01 (0.4740E-03)  0.1961E+00 (0.1405E-02)  0.3760E-01 (0.3352E-03)
    1.8500  0.5506E-01 (0.4616E-03)  0.1810E+00 (0.1275E-02)  0.3783E-01 (0.3234E-03)
    1.9500  0.5580E-01 (0.4391E-03)  0.1707E+00 (0.1143E-02)  0.3825E-01 (0.3088E-03)
    2.0500  0.5499E-01 (0.4206E-03)  0.1566E+00 (0.1039E-02)  0.3763E-01 (0.2955E-03)
    2.1500  0.5362E-01 (0.4053E-03)  0.1435E+00 (0.9574E-03)  0.3658E-01 (0.2837E-03)
    2.2500  0.5355E-01 (0.3838E-03)  0.1357E+00 (0.8704E-03)  0.3637E-01 (0.2674E-03)
    2.3500  0.5240E-01 (0.3686E-03)  0.1259E+00 (0.8010E-03)  0.3567E-01 (0.2559E-03)
    2.4500  0.5140E-01 (0.3495E-03)  0.1179E+00 (0.7376E-03)  0.3466E-01 (0.2412E-03)
    2.5500  0.4974E-01 (0.3268E-03)  0.1097E+00 (0.6674E-03)  0.3385E-01 (0.2284E-03)
    2.6500  0.4751E-01 (0.3082E-03)  0.1016E+00 (0.6174E-03)  0.3220E-01 (0.2149E-03)
    2.7500  0.4522E-01 (0.2928E-03)  0.9409E-01 (0.5729E-03)  0.3084E-01 (0.2051E-03)
    2.8500  0.4339E-01 (0.2752E-03)  0.8775E-01 (0.5260E-03)  0.2944E-01 (0.1923E-03)
    2.9500  0.4139E-01 (0.2575E-03)  0.8207E-01 (0.4864E-03)  0.2822E-01 (0.1795E-03)
    3.0500  0.3888E-01 (0.2428E-03)  0.7536E-01 (0.4506E-03)  0.2648E-01 (0.1693E-03)
    3.1500  0.3668E-01 (0.2265E-03)  0.7007E-01 (0.4160E-03)  0.2509E-01 (0.1593E-03)
    3.2500  0.3463E-01 (0.2139E-03)  0.6546E-01 (0.3902E-03)  0.2377E-01 (0.1488E-03)
    3.3500  0.3214E-01 (0.2014E-03)  0.5983E-01 (0.3629E-03)  0.2195E-01 (0.1400E-03)
    3.4500  0.3002E-01 (0.1888E-03)  0.5552E-01 (0.3391E-03)  0.2058E-01 (0.1318E-03)
    3.5500  0.2756E-01 (0.1765E-03)  0.5053E-01 (0.3141E-03)  0.1889E-01 (0.1229E-03)
    3.6500  0.2562E-01 (0.1676E-03)  0.4663E-01 (0.2971E-03)  0.1755E-01 (0.1167E-03)
    3.7500  0.2333E-01 (0.1549E-03)  0.4220E-01 (0.2721E-03)  0.1594E-01 (0.1071E-03)
    3.8500  0.2153E-01 (0.1446E-03)  0.3880E-01 (0.2542E-03)  0.1475E-01 (0.1012E-03)
    3.9500  0.1964E-01 (0.1351E-03)  0.3538E-01 (0.2374E-03)  0.1357E-01 (0.9517E-04)
    4.0500  0.1763E-01 (0.1253E-03)  0.3190E-01 (0.2210E-03)  0.1222E-01 (0.8812E-04)
    4.1500  0.1592E-01 (0.1166E-03)  0.2868E-01 (0.2048E-03)  0.1098E-01 (0.8156E-04)
    4.2500  0.1448E-01 (0.1107E-03)  0.2604E-01 (0.1937E-03)  0.9962E-02 (0.7718E-04)
    4.3500  0.1285E-01 (0.1020E-03)  0.2318E-01 (0.1795E-03)  0.8866E-02 (0.7134E-04)
    4.4500  0.1139E-01 (0.9491E-04)  0.2056E-01 (0.1666E-03)  0.7833E-02 (0.6617E-04)
    4.5500  0.1032E-01 (0.8781E-04)  0.1872E-01 (0.1555E-03)  0.7127E-02 (0.6196E-04)
    4.6500  0.9167E-02 (0.8165E-04)  0.1658E-01 (0.1434E-03)  0.6261E-02 (0.5663E-04)
    4.7500  0.7904E-02 (0.7476E-04)  0.1434E-01 (0.1318E-03)  0.5394E-02 (0.5190E-04)
    4.8500  0.7037E-02 (0.6958E-04)  0.1284E-01 (0.1233E-03)  0.4843E-02 (0.4856E-04)
    4.9500  0.6149E-02 (0.6349E-04)  0.1119E-01 (0.1127E-03)  0.4171E-02 (0.4419E-04)
    5.0500  0.5429E-02 (0.5910E-04)  0.9930E-02 (0.1048E-03)  0.3676E-02 (0.4052E-04)
    5.1500  0.4697E-02 (0.5397E-04)  0.8632E-02 (0.9592E-04)  0.3185E-02 (0.3701E-04)
    5.2500  0.4098E-02 (0.4968E-04)  0.7595E-02 (0.8926E-04)  0.2798E-02 (0.3434E-04)
    5.3500  0.3446E-02 (0.4574E-04)  0.6377E-02 (0.8175E-04)  0.2315E-02 (0.3109E-04)
    5.4500  0.3058E-02 (0.4141E-04)  0.5708E-02 (0.7456E-04)  0.2071E-02 (0.2825E-04)
    5.5500  0.2649E-02 (0.3830E-04)  0.4944E-02 (0.6889E-04)  0.1781E-02 (0.2587E-04)
    5.6500  0.2236E-02 (0.3443E-04)  0.4169E-02 (0.6182E-04)  0.1478E-02 (0.2302E-04)
    5.7500  0.1875E-02 (0.3049E-04)  0.3521E-02 (0.5534E-04)  0.1238E-02 (0.2051E-04)
    5.8500  0.1617E-02 (0.2831E-04)  0.3036E-02 (0.5116E-04)  0.1052E-02 (0.1877E-04)
    5.9500  0.1300E-02 (0.2457E-04)  0.2469E-02 (0.4501E-04)  0.8547E-03 (0.1640E-04)
    6.0500  0.1115E-02 (0.2262E-04)  0.2116E-02 (0.4118E-04)  0.7202E-03 (0.1479E-04)
    6.1500  0.9775E-03 (0.2105E-04)  0.1855E-02 (0.3811E-04)  0.6244E-03 (0.1346E-04)
    6.2500  0.7948E-03 (0.1827E-04)  0.1529E-02 (0.3372E-04)  0.5125E-03 (0.1195E-04)
    6.3500  0.6817E-03 (0.1666E-04)  0.1319E-02 (0.3116E-04)  0.4340E-03 (0.1087E-04)
    6.4500  0.5682E-03 (0.1531E-04)  0.1085E-02 (0.2793E-04)  0.3526E-03 (0.9562E-05)
    6.5500  0.4835E-03 (0.1365E-04)  0.9366E-03 (0.2498E-04)  0.3013E-03 (0.8521E-05)
    6.6500  0.4069E-03 (0.1217E-04)  0.7886E-03 (0.2267E-04)  0.2492E-03 (0.7666E-05)
    6.7500  0.3249E-03 (0.1074E-04)  0.6427E-03 (0.2023E-04)  0.2014E-03 (0.6693E-05)
    6.8500  0.2684E-03 (0.9644E-05)  0.5274E-03 (0.1795E-04)  0.1607E-03 (0.5826E-05)
    6.9500  0.2284E-03 (0.8800E-05)  0.4436E-03 (0.1630E-04)  0.1329E-03 (0.5232E-05)
    7.0500  0.1934E-03 (0.7940E-05)  0.3800E-03 (0.1497E-04)  0.1136E-03 (0.4770E-05)
    7.1500  0.1392E-03 (0.6432E-05)  0.2810E-03 (0.1228E-04)  0.8098E-04 (0.3772E-05)
    7.2500  0.1188E-03 (0.6154E-05)  0.2356E-03 (0.1161E-04)  0.6710E-04 (0.3592E-05)
    7.3500  0.1103E-03 (0.5701E-05)  0.2217E-03 (0.1088E-04)  0.6119E-04 (0.3215E-05)
    7.4500  0.8718E-04 (0.4992E-05)  0.1726E-03 (0.9395E-05)  0.4799E-04 (0.2865E-05)
    7.5500  0.7122E-04 (0.4329E-05)  0.1445E-03 (0.8487E-05)  0.4045E-04 (0.2508E-05)
    7.6500  0.6026E-04 (0.4035E-05)  0.1244E-03 (0.7804E-05)  0.3262E-04 (0.2217E-05)
    7.7500  0.4416E-04 (0.3400E-05)  0.9345E-04 (0.6778E-05)  0.2347E-04 (0.1849E-05)
    7.8500  0.3735E-04 (0.3020E-05)  0.7459E-04 (0.5820E-05)  0.1949E-04 (0.1672E-05)
    7.9500  0.3077E-04 (0.2811E-05)  0.6143E-04 (0.5191E-05)  0.1499E-04 (0.1385E-05)
    8.0500  0.2820E-04 (0.2583E-05)  0.5890E-04 (0.5104E-05)  0.1466E-04 (0.1371E-05)
    8.1500  0.1828E-04 (0.2068E-05)  0.3807E-04 (0.4077E-05)  0.8538E-05 (0.1001E-05)
    8.2500  0.1517E-04 (0.1833E-05)  0.3432E-04 (0.3855E-05)  0.8029E-05 (0.1002E-05)
    8.3500  0.1123E-04 (0.1471E-05)  0.2486E-04 (0.3060E-05)  0.5850E-05 (0.7951E-06)
    8.4500  0.1024E-04 (0.1408E-05)  0.2147E-04 (0.2795E-05)  0.4987E-05 (0.7104E-06)
    8.5500  0.9272E-05 (0.1398E-05)  0.1983E-04 (0.2819E-05)  0.4985E-05 (0.7785E-06)
    8.6500  0.6727E-05 (0.1057E-05)  0.1642E-04 (0.2420E-05)  0.3367E-05 (0.5473E-06)
    8.7500  0.5951E-05 (0.1012E-05)  0.1311E-04 (0.2128E-05)  0.2799E-05 (0.4922E-06)
    8.8500  0.6304E-05 (0.1023E-05)  0.1542E-04 (0.2361E-05)  0.2803E-05 (0.4728E-06)
    8.9500  0.4971E-05 (0.9420E-06)  0.1125E-04 (0.2033E-05)  0.2583E-05 (0.5298E-06)
    9.0500  0.2405E-05 (0.5958E-06)  0.6286E-05 (0.1520E-05)  0.9919E-06 (0.2630E-06)
    9.1500  0.2276E-05 (0.5895E-06)  0.5370E-05 (0.1304E-05)  0.1235E-05 (0.3353E-06)
    9.2500  0.2074E-05 (0.5294E-06)  0.5375E-05 (0.1306E-05)  0.9853E-06 (0.2734E-06)
    9.3500  0.1886E-05 (0.5526E-06)  0.3895E-05 (0.1082E-05)  0.7788E-06 (0.2425E-06)
    9.4500  0.1119E-05 (0.3836E-06)  0.3044E-05 (0.9637E-06)  0.4615E-06 (0.1685E-06)
    9.5500  0.1274E-05 (0.4541E-06)  0.2610E-05 (0.8719E-06)  0.5139E-06 (0.1925E-06)
    9.6500  0.1851E-06 (0.1314E-06)  0.5683E-06 (0.4019E-06)  0.1280E-06 (0.9229E-07)
    9.7500  0.5286E-06 (0.2140E-06)  0.2118E-05 (0.8031E-06)  0.3594E-06 (0.1651E-06)
    9.8500  0.4642E-06 (0.2366E-06)  0.1132E-05 (0.5676E-06)  0.2811E-06 (0.1478E-06)
    9.9500  0.6581E-06 (0.2926E-06)  0.1629E-05 (0.6665E-06)  0.3047E-06 (0.1514E-06)
   10.0500  0.2505E-06 (0.1775E-06)  0.5165E-06 (0.3652E-06)  0.1195E-06 (0.8509E-07)
   10.1500  0.5674E-07 (0.5674E-07)  0.2982E-06 (0.2982E-06)  0.1913E-07 (0.1913E-07)
   10.2500  0.2424E-06 (0.1700E-06)  0.1079E-05 (0.6612E-06)  0.1196E-06 (0.7598E-07)
   10.3500  0.2372E-06 (0.1504E-06)  0.7726E-06 (0.4473E-06)  0.1771E-06 (0.1194E-06)
   10.4500  0.2650E-06 (0.1663E-06)  0.8046E-06 (0.4655E-06)  0.4025E-07 (0.2588E-07)
   10.5500  0.1121E-06 (0.1121E-06)  0.2205E-06 (0.2205E-06)  0.9055E-07 (0.9055E-07)
   10.6500  0.6641E-07 (0.6640E-07)  0.2472E-06 (0.2472E-06)  0.4809E-07 (0.4809E-07)
   10.7500  0.1124E-06 (0.1124E-06)  0.2305E-06 (0.2305E-06)  0.7078E-07 (0.7078E-07)
   10.8500  0.8134E-07 (0.8134E-07)  0.2228E-06 (0.2227E-06)  0.6477E-07 (0.6476E-07)
   10.9500  0.0000E+00 (0.0000E+00)  0.0000E+00 (0.0000E+00)  0.0000E+00 (0.0000E+00)
   11.0500  0.6329E-07 (0.6329E-07)  0.2173E-06 (0.2173E-06)  0.4625E-07 (0.4625E-07)
   11.1500  0.5933E-07 (0.5933E-07)  0.2368E-06 (0.2367E-06)  0.1871E-07 (0.1870E-07)
   11.2500  0.8878E-07 (0.8878E-07)  0.2050E-06 (0.2050E-06)  0.4904E-07 (0.4904E-07)
   11.3500  0.0000E+00 (0.0000E+00)  0.0000E+00 (0.0000E+00)  0.0000E+00 (0.0000E+00)
   11.4500  0.0000E+00 (0.0000E+00)  0.0000E+00 (0.0000E+00)  0.0000E+00 (0.0000E+00)
   11.5500  0.0000E+00 (0.0000E+00)  0.0000E+00 (0.0000E+00)  0.0000E+00 (0.0000E+00)
   11.6500  0.0000E+00 (0.0000E+00)  0.0000E+00 (0.0000E+00)  0.0000E+00 (0.0000E+00)
   11.7500  0.0000E+00 (0.0000E+00)  0.0000E+00 (0.0000E+00)  0.0000E+00 (0.0000E+00)
   11.8500  0.0000E+00 (0.0000E+00)  0.0000E+00 (0.0000E+00)  0.0000E+00 (0.0000E+00)
   11.9500  0.0000E+00 (0.0000E+00)  0.0000E+00 (0.0000E+00)  0.0000E+00 (0.0000E+00)
   12.0500  0.0000E+00 (0.0000E+00)  0.0000E+00 (0.0000E+00)  0.0000E+00 (0.0000E+00)
   12.1500  0.0000E+00 (0.0000E+00)  0.0000E+00 (0.0000E+00)  0.0000E+00 (0.0000E+00)
   12.2500  0.0000E+00 (0.0000E+00)  0.0000E+00 (0.0000E+00)  0.0000E+00 (0.0000E+00)
   12.3500  0.0000E+00 (0.0000E+00)  0.0000E+00 (0.0000E+00)  0.0000E+00 (0.0000E+00)
   12.4500  0.0000E+00 (0.0000E+00)  0.0000E+00 (0.0000E+00)  0.0000E+00 (0.0000E+00)
   12.5500  0.0000E+00 (0.0000E+00)  0.0000E+00 (0.0000E+00)  0.0000E+00 (0.0000E+00)
   12.6500  0.0000E+00 (0.0000E+00)  0.0000E+00 (0.0000E+00)  0.0000E+00 (0.0000E+00)
   12.7500  0.0000E+00 (0.0000E+00)  0.0000E+00 (0.0000E+00)  0.0000E+00 (0.0000E+00)
   12.8500  0.0000E+00 (0.0000E+00)  0.0000E+00 (0.0000E+00)  0.0000E+00 (0.0000E+00)
   12.9500  0.0000E+00 (0.0000E+00)  0.0000E+00 (0.0000E+00)  0.0000E+00 (0.0000E+00)
   13.0500  0.0000E+00 (0.0000E+00)  0.0000E+00 (0.0000E+00)  0.0000E+00 (0.0000E+00)
   13.1500  0.0000E+00 (0.0000E+00)  0.0000E+00 (0.0000E+00)  0.0000E+00 (0.0000E+00)
   13.2500  0.0000E+00 (0.0000E+00)  0.0000E+00 (0.0000E+00)  0.0000E+00 (0.0000E+00)
   13.3500  0.0000E+00 (0.0000E+00)  0.0000E+00 (0.0000E+00)  0.0000E+00 (0.0000E+00)
   13.4500  0.0000E+00 (0.0000E+00)  0.0000E+00 (0.0000E+00)  0.0000E+00 (0.0000E+00)
   13.5500  0.0000E+00 (0.0000E+00)  0.0000E+00 (0.0000E+00)  0.0000E+00 (0.0000E+00)
   13.6500  0.0000E+00 (0.0000E+00)  0.0000E+00 (0.0000E+00)  0.0000E+00 (0.0000E+00)
   13.7500  0.0000E+00 (0.0000E+00)  0.0000E+00 (0.0000E+00)  0.0000E+00 (0.0000E+00)
   13.8500  0.0000E+00 (0.0000E+00)  0.0000E+00 (0.0000E+00)  0.0000E+00 (0.0000E+00)
   13.9500  0.0000E+00 (0.0000E+00)  0.0000E+00 (0.0000E+00)  0.0000E+00 (0.0000E+00)
   14.0500  0.0000E+00 (0.0000E+00)  0.0000E+00 (0.0000E+00)  0.0000E+00 (0.0000E+00)
   14.1500  0.0000E+00 (0.0000E+00)  0.0000E+00 (0.0000E+00)  0.0000E+00 (0.0000E+00)
   14.2500  0.0000E+00 (0.0000E+00)  0.0000E+00 (0.0000E+00)  0.0000E+00 (0.0000E+00)
   14.3500  0.0000E+00 (0.0000E+00)  0.0000E+00 (0.0000E+00)  0.0000E+00 (0.0000E+00)
   14.4500  0.0000E+00 (0.0000E+00)  0.0000E+00 (0.0000E+00)  0.0000E+00 (0.0000E+00)
   14.5500  0.0000E+00 (0.0000E+00)  0.0000E+00 (0.0000E+00)  0.0000E+00 (0.0000E+00)
   14.6500  0.0000E+00 (0.0000E+00)  0.0000E+00 (0.0000E+00)  0.0000E+00 (0.0000E+00)
   14.7500  0.0000E+00 (0.0000E+00)  0.0000E+00 (0.0000E+00)  0.0000E+00 (0.0000E+00)
   14.8500  0.0000E+00 (0.0000E+00)  0.0000E+00 (0.0000E+00)  0.0000E+00 (0.0000E+00)
   14.9500  0.0000E+00 (0.0000E+00)  0.0000E+00 (0.0000E+00)  0.0000E+00 (0.0000E+00)
   15.0500  0.0000E+00 (0.0000E+00)  0.0000E+00 (0.0000E+00)  0.0000E+00 (0.0000E+00)
   15.1500  0.0000E+00 (0.0000E+00)  0.0000E+00 (0.0000E+00)  0.0000E+00 (0.0000E+00)
   15.2500  0.0000E+00 (0.0000E+00)  0.0000E+00 (0.0000E+00)  0.0000E+00 (0.0000E+00)
   15.3500  0.0000E+00 (0.0000E+00)  0.0000E+00 (0.0000E+00)  0.0000E+00 (0.0000E+00)
   15.4500  0.0000E+00 (0.0000E+00)  0.0000E+00 (0.0000E+00)  0.0000E+00 (0.0000E+00)
   15.5500  0.0000E+00 (0.0000E+00)  0.0000E+00 (0.0000E+00)  0.0000E+00 (0.0000E+00)
   15.6500  0.0000E+00 (0.0000E+00)  0.0000E+00 (0.0000E+00)  0.0000E+00 (0.0000E+00)
   15.7500  0.0000E+00 (0.0000E+00)  0.0000E+00 (0.0000E+00)  0.0000E+00 (0.0000E+00)
   15.8500  0.0000E+00 (0.0000E+00)  0.0000E+00 (0.0000E+00)  0.0000E+00 (0.0000E+00)
   15.9500  0.0000E+00 (0.0000E+00)  0.0000E+00 (0.0000E+00)  0.0000E+00 (0.0000E+00)
   16.0500  0.0000E+00 (0.0000E+00)  0.0000E+00 (0.0000E+00)  0.0000E+00 (0.0000E+00)
   16.1500  0.0000E+00 (0.0000E+00)  0.0000E+00 (0.0000E+00)  0.0000E+00 (0.0000E+00)
   16.2500  0.0000E+00 (0.0000E+00)  0.0000E+00 (0.0000E+00)  0.0000E+00 (0.0000E+00)
   16.3500  0.0000E+00 (0.0000E+00)  0.0000E+00 (0.0000E+00)  0.0000E+00 (0.0000E+00)
   16.4500  0.0000E+00 (0.0000E+00)  0.0000E+00 (0.0000E+00)  0.0000E+00 (0.0000E+00)
   16.5500  0.0000E+00 (0.0000E+00)  0.0000E+00 (0.0000E+00)  0.0000E+00 (0.0000E+00)
   16.6500  0.0000E+00 (0.0000E+00)  0.0000E+00 (0.0000E+00)  0.0000E+00 (0.0000E+00)
   16.7500  0.0000E+00 (0.0000E+00)  0.0000E+00 (0.0000E+00)  0.0000E+00 (0.0000E+00)
   16.8500  0.0000E+00 (0.0000E+00)  0.0000E+00 (0.0000E+00)  0.0000E+00 (0.0000E+00)
   16.9500  0.0000E+00 (0.0000E+00)  0.0000E+00 (0.0000E+00)  0.0000E+00 (0.0000E+00)
   17.0500  0.0000E+00 (0.0000E+00)  0.0000E+00 (0.0000E+00)  0.0000E+00 (0.0000E+00)
   17.1500  0.0000E+00 (0.0000E+00)  0.0000E+00 (0.0000E+00)  0.0000E+00 (0.0000E+00)
   17.2500  0.0000E+00 (0.0000E+00)  0.0000E+00 (0.0000E+00)  0.0000E+00 (0.0000E+00)
   17.3500  0.0000E+00 (0.0000E+00)  0.0000E+00 (0.0000E+00)  0.0000E+00 (0.0000E+00)
   17.4500  0.0000E+00 (0.0000E+00)  0.0000E+00 (0.0000E+00)  0.0000E+00 (0.0000E+00)
   17.5500  0.0000E+00 (0.0000E+00)  0.0000E+00 (0.0000E+00)  0.0000E+00 (0.0000E+00)
   17.6500  0.0000E+00 (0.0000E+00)  0.0000E+00 (0.0000E+00)  0.0000E+00 (0.0000E+00)
   17.7500  0.0000E+00 (0.0000E+00)  0.0000E+00 (0.0000E+00)  0.0000E+00 (0.0000E+00)
   17.8500  0.0000E+00 (0.0000E+00)  0.0000E+00 (0.0000E+00)  0.0000E+00 (0.0000E+00)
   17.9500  0.0000E+00 (0.0000E+00)  0.0000E+00 (0.0000E+00)  0.0000E+00 (0.0000E+00)
   18.0500  0.0000E+00 (0.0000E+00)  0.0000E+00 (0.0000E+00)  0.0000E+00 (0.0000E+00)
   18.1500  0.0000E+00 (0.0000E+00)  0.0000E+00 (0.0000E+00)  0.0000E+00 (0.0000E+00)
   18.2500  0.0000E+00 (0.0000E+00)  0.0000E+00 (0.0000E+00)  0.0000E+00 (0.0000E+00)
   18.3500  0.0000E+00 (0.0000E+00)  0.0000E+00 (0.0000E+00)  0.0000E+00 (0.0000E+00)
   18.4500  0.0000E+00 (0.0000E+00)  0.0000E+00 (0.0000E+00)  0.0000E+00 (0.0000E+00)
   18.5500  0.0000E+00 (0.0000E+00)  0.0000E+00 (0.0000E+00)  0.0000E+00 (0.0000E+00)
   18.6500  0.0000E+00 (0.0000E+00)  0.0000E+00 (0.0000E+00)  0.0000E+00 (0.0000E+00)
   18.7500  0.0000E+00 (0.0000E+00)  0.0000E+00 (0.0000E+00)  0.0000E+00 (0.0000E+00)
   18.8500  0.0000E+00 (0.0000E+00)  0.0000E+00 (0.0000E+00)  0.0000E+00 (0.0000E+00)
   18.9500  0.0000E+00 (0.0000E+00)  0.0000E+00 (0.0000E+00)  0.0000E+00 (0.0000E+00)
   19.0500  0.0000E+00 (0.0000E+00)  0.0000E+00 (0.0000E+00)  0.0000E+00 (0.0000E+00)
   19.1500  0.0000E+00 (0.0000E+00)  0.0000E+00 (0.0000E+00)  0.0000E+00 (0.0000E+00)
   19.2500  0.0000E+00 (0.0000E+00)  0.0000E+00 (0.0000E+00)  0.0000E+00 (0.0000E+00)
   19.3500  0.0000E+00 (0.0000E+00)  0.0000E+00 (0.0000E+00)  0.0000E+00 (0.0000E+00)
   19.4500  0.0000E+00 (0.0000E+00)  0.0000E+00 (0.0000E+00)  0.0000E+00 (0.0000E+00)
   19.5500  0.0000E+00 (0.0000E+00)  0.0000E+00 (0.0000E+00)  0.0000E+00 (0.0000E+00)
   19.6500  0.0000E+00 (0.0000E+00)  0.0000E+00 (0.0000E+00)  0.0000E+00 (0.0000E+00)
   19.7500  0.0000E+00 (0.0000E+00)  0.0000E+00 (0.0000E+00)  0.0000E+00 (0.0000E+00)
   19.8500  0.0000E+00 (0.0000E+00)  0.0000E+00 (0.0000E+00)  0.0000E+00 (0.0000E+00)
   19.9500  0.0000E+00 (0.0000E+00)  0.0000E+00 (0.0000E+00)  0.0000E+00 (0.0000E+00)
   --------------------------------------------------------------------
                           PARTICLE COUNTS
   --------------------------------------------------------------------
  NEUTRON-DOWN            NEUTRON-UP             NEUTRONS
    3.6520 (0.9265E-02)     3.3480 (0.8368E-02)     7.0000 (0.1248E-01)
  PROTON-DOWN             PROTON-UP              PROTONS 
    2.9896 (0.7438E-02)     3.0104 (0.7491E-02)     6.0000 (0.1056E-01)
  DOWN PARTICLES          UP PARTICLES           PARTICLES 
    6.6416 (0.1188E-01)     6.3584 (0.1123E-01)    13.0000 (0.1635E-01)
   --------------------------------------------------------------------
                           PAIR COUNTS
   --------------------------------------------------------------------
  NN (S=0)                NN (S=1)               NN PAIRS
    7.0424 (0.7608E-02)    13.9576 (0.1586E-01)    21.0000 (0.1759E-01)
  NP (S=0)                NP (S=1)               NP PAIRS
   10.0682 (0.1049E-01)    31.9318 (0.3336E-01)    42.0000 (0.3497E-01)
  PP (S=0)                PP (S=1)               PP PAIRS
    5.4781 (0.6016E-02)     9.5219 (0.1102E-01)    15.0000 (0.1256E-01)
  S=0 PAIRS               S=1 PAIRS              PAIRS
   22.5887 (0.1429E-01)    55.4113 (0.3855E-01)    78.0000 (0.4111E-01)
   --------------------------------------------------------------------

                H =     -78.3303 (0.1531)

                Ti =    347.3026 (0.6111)

                Vij =  -405.9338 (0.4901)

                Vijk =  -28.0038 (0.1777)

                Vem =     8.3047 (0.0031)
  ----
  T(ci)     = 347.3258 (0.6111)  T(csb)    =  -0.0232 (0.0001)
  ----
  CENTRAL   =-108.6668 (0.4951)  T         =  76.3186 (0.4787)
  S         = -17.4423 (0.1576)  S.T       = -76.0443 (0.0941)
  TNSR      = -37.0252 (0.0808)  TNSR.T    =-321.8984 (0.4729)
  L.S       =  28.7313 (0.1009)  (L.S).T   =   5.0751 (0.0279)
  L^2       =  63.3287 (0.2309)  L^2.T     =   0.0000 (0.0000)
  L^2.S     =   4.0306 (0.0137)  L^2.S.T   =   0.0000 (0.0000)
  (L.S)^2   = -22.2763 (0.0669)  (L.S)^2.T =   0.0000 (0.0000)
  CD        =   0.0000 (0.0000)  CD.S      =   0.0000 (0.0000)
  CD.TNSR   =  -0.0000 (0.0000)  (L.S).CD  =   0.0000 (0.0000)
  CSB       =  -0.0647 (0.0003)  CSB.S     =   0.0000 (0.0000)
  CSB.TNSR  =   0.0000 (0.0000)  (L.S).CSB =   0.0000 (0.0000)
  ----
  2PI-AC    =  -8.4028 (0.0534)  2PI-C     = -11.6180 (0.0334)
  V3U       =   0.0000 (0.0000)  CD        = -24.4357 (0.0761)
  CE        =  16.2208 (0.1444)  2PI-SWAVE =   0.2321 (0.0023)
  v3b7      =   0.0000 (0.0000)  v3b8      =   0.0000 (0.0000)
  ----
  COULOMB   =   7.8281 (0.0026)  DF        =  -0.0131 (0.0000)
  C2   (pp) =  -0.0053 (0.0000)  VP        =   0.0444 (0.0000)
  C1   (np) =   0.0991 (0.0002)  S    (pp) =   0.1221 (0.0003)
  S    (np) =   0.0671 (0.0002)  S    (nn) =   0.0447 (0.0002)
  TNSR (pp) =   0.0143 (0.0000)  TNSR (np) =   0.0094 (0.0000)
  TNSR (nn) =   0.1365 (0.0001)  L.S  (pp) =   0.0185 (0.0000)
  L.S  (nn) =   0.0000 (0.0000)  L.S  (np) =  -0.0611 (0.0001)

  POINT NEUTRON RMS RADIUS =  2.3588 (0.0010)
  POINT PROTON  RMS RADIUS =  2.3191 (0.0009)

  NEUTRON MAGNETIC MOMENT CONTRIBUTION =  0.5816 (0.0026)
  PROTON  MAGNETIC MOMENT CONTRIBUTION =  0.0580 (0.0004)
  ORBITAL MAGNETIC MOMENT CONTRIBUTION =  0.3949 (0.0005)
  MAGNETIC MOMENT                      =  1.0345 (0.0031)

  CHARGE SYMMETRIC NEUTRON MAGNETIC MOMENT CONTRIBUTION = -0.0397 (0.0003)
  CHARGE SYMMETRIC PROTON  MAGNETIC MOMENT CONTRIBUTION = -0.8491 (0.0037)
  CHARGE SYMMETRIC ORBITAL MAGNETIC MOMENT CONTRIBUTION =  0.2467 (0.0003)
  CHARGE SYMMETRIC MAGNETIC MOMENT                      = -0.6421 (0.0036)
 ************************************************************************
 TOTAL CALCULATION TIME (s):    2562.13542199135     
 TIME PER SAMPLE (s):    0.2085071144198688E+00
 ************************************************************************
