************************************************************************
  DATE: 28-Mar-26
  TIME: 08:59:55
 ************************************************************************
  nuclear Quantum Monte Carlo with Continuum : 1.02.1
 ************************************************************************
  COMPILER: 
 Intel(R) Fortran Compiler for applications running on Intel(R) 64, Version 2025
 .3.2 Build 20260112
  OPTIONS: 
 -I/home/piarulli/nQMCC_v2/nQMCC/build/external/coulcc/mod -I/home/piarulli/nQMC
 C_v2/nQMCC/external/nlopt/build/install/include -I/opt/aurora/26.26.0/spack/uni
 fied/1.1.1/install/linux-x86_64/mpich-5.0.0.aurora_test.3c70a61-hlkigtk/include
  -I/opt/aurora/26.26.0/spack/unified/1.1.1/install/linux-x86_64/mpich-5.0.0.aur
 ora_test.3c70a61-hlkigtk/include -isystem /home/piarulli/nQMCC_v2/nQMCC/externa
 l/nqmcc-slatec/build/mod -isystem /home/piarulli/nQMCC_v2/nQMCC/external/nqmcc-
 fft/build/mod -Dphi_r4=1 -Dphi_offload=1 -Dopk_offload=0 -Ddocc=0 -diag-enable=
 all -warn -cpp -O3 -traceback -qmkl -fiopenmp -fopenmp-targets=spir64_gen -Xope
 nmp-target-backend=spir64_gen -module mod -c -o CMakeFiles/nQMCC.dir/src/input/
 control.f90.o 
 ************************************************************************
  MPI: SIZE:    12288
  MPI: ROOT:        0
 ************************************************************************
  OMP: NUMBER OF THREADS:   16
  OMP: AVAILABLE DEVICES:    1
 ************************************************************************
                      CALCULATION TYPE
    ----------------------------------------------------
                     VARIATIONAL MONTE CARLO
                     BASIS: isospin
    ----------------------------------------------------
 ************************************************************************
 CONTROL INPUTS
 ************************************************************************
 isospin                                                     BASIS
 constants/fbn95.const                                       CONSTANTS_FILE
 pots/nv2_Ia.2bp            pots/nv3_Ia_star.3bp             2B_POT_FILE, 3B_POT_FILE
 1  1                                                        LKE LEMP
 1  work/c13/116/c13_opt.calc                                CALC_FILE_FORMAT CALC_FILE
 T                                                           BRA_EQ_KET
 variational                                                 BRA-TYPE
 nuclei/params/c13.params                                    PARAM_FILE
 work/c13/116/c13.dk                                         DECK_FILE
 2  /lus/flare/projects/NucStructReact_6/piarulli/c13.       R/W : SPIN_FILE
 3  /lus/flare/projects/NucSt  /lus/flare/projects/NucSt     R/W : YLM_FILE PHI_FILE
 0  configs/c13_nv2+3_116.config                             R/W : CONFIG_FILE
 0  walks/c13_nv2+3_116.walk                                 R/W : WALK_FILE
     25265137                                                RNG SEED
        1     12288         6                                BLOCKS BLOCK_SIZE WALKERS_PER_NODE
      250        10                                          BURN_IN NUM_MOVES_BETWEEN
 1.2000                                                      PARTICLE_DX
 T    1.60    0.01                                           SAMPLE_L2 RSAM PSAM
     5120       128        32                                NPTS ONE_OVER_DX FD_FACTOR
  40.00   40.00   40.00                                      SS_LIMIT SP_LIMIT SD_LIMIT (in fm)
  40.00                                                      BOX RADIUS (in fm)
       0.1000       20.0000                                  BIN_WIDTH BIN_MAXR
 scratch/                                                    SCRATCH_DIRECTORY
 ************************************************************************
 CALCULATION PARAMETERS
 ************************************************************************
 1       1    27                                             NLOPT_METHOD  NUM_OPT_WALKS  NUM_OPT_EVALUATIONS
 T    2.35    2.35                                           LIMIT_CHARGE_RADII NR_LIMIT PR_LIMIT
 work/c13/116/c13.opt                                        OPTIMIZATION_INPUT 
 work/c13/116/opt_c13_nv2+3_116.dk                           OPTIMIZED_DECK
 ************************************************************************
 BROADCASTING CONTROL
 ************************************************************************
 BROADCASTING CALC
 ************************************************************************
 BROADCAST CALC -- DONE
 ************************************************************************
 BROADCASTING WAVEFUNCTION INPUT
 BROADCAST WAVEFUNCTION INPUT -- DONE
 ************************************************************************
 BROADCAST CONTROL -- DONE
 ************************************************************************
 MPI TOPOLOGY
 ************************************************************************
 IS TRIVIAL?  F
 NUMBER OF WALKERS PER NODE:        6
 NUMBER OF HELPERS PER WALKER:      2
 TOTAL NUMBER OF WALKERS:        6144
 ************************************************************************
 CONSTANTS
 ************************************************************************
   3.14159265                 PI
   0.57721566                 EULERS_CONSTANT
 ************************************************************************
 PHYSICAL CONSTANTS
 ************************************************************************
 197.32705300                 HBARC
 938.27231000                 PROTON MASS
 939.56563000                 NEUTRON MASS
   0.51099900                 ELECTRON MASS
 293.10000000                 NUCLEON MASS DIFFERENCE
 134.97390000                 NEUTRAL PION MASS
 139.56750000                 CHARGED PION MASS
   0.07500000                 PION NUCLEON COUPLING CONSTANT
   0.00729735                 HYPER FINE STRUCTURE CONSTANT (ALPHA)
   2.79284740                 PROTON MAGNETIC MOMENT
  -1.91304270                 NEUTRON MAGNETIC MOMENT
   5.58569478                 PROTON G-FACTOR
  -3.82608560                 NEUTRON G-FACTOR
   0.81200000                 GD ROOT MEAN SQUARE RADIUS
   0.01890000                 NEUTRON FORM FACTOR SLOPE
   1.29000000                 g_A
  92.40000000                 PION DECAY AMPLITUDE
 ************************************************************************
 COMPUTED CONSTANTS
 ************************************************************************
 138.03630000                 PION MASS
  41.47108064                 HBAR**2 / (2 * MU)
  41.47106096                 H2MAVG
   0.02856230                 H2MCSB
   2.73650324                 h_A
 ************************************************************************
                      Hamiltonian
    ----------------------------------------------------
         Kinetic Energy: T+CSB
         Two-Body Potential: Norfolk Ia
         Three-Body Potential: Norfolk Ia*
         EM Potential: Full
    ----------------------------------------------------
 ************************************************************************
                        NUCLEI
 ************************************************************************
 PARAMETERS FROM: nuclei/params/c13.params
 ************************************************************************
           13                 NUMBER OF PARTICLES (A)
            6                 NUMBER OF PROTONS (Z)
            4                 NUMBER OF S-SHELL PARTICLES (NSPART)
            9                 NUMBER OF P-SHELL PARTICLES (NPPART)
            0                 NUMBER OF SD-SHELL PARTICLES (NDPART)
            0                 PHI_TYPE
            1                 NUMBER OF SPATIAL SYMMETRIES (NBETA)
  10353674612                 NUMBER OF NON-ZERO MATRIX ELEMENTS (NPHIM)
        19683                 MAX ? (NS0) : KALMAN LIMITS
         3139                 MAX L (MXL)
          216                 MAX YOUNG TABLEUX (MNYOUNG)
           20                 MAX MS (M_SPIN_LIM)
           40                 MAX PERMUTATIONS? (IMA_LIM)
          100                 MAX YOUNG NUMBERS (NY_LIM)
           10                 MAX ? (KMACO_LIM)
           20                 MAX L (M_L_LIM)
       481250                 MAX ? (NTERM)
          168                 MAX ? (NSTA0)
         6840                 MAX ? (NSC0)
         2520                 MAX YLM COMBINATIONS (NORTAB_DIM)
         4830                 MAX UNIQUE YLM COMBINATIONS (MAX_ICY1)
 ************************************************************************
 COMPUTED PARAMETERS FROM: nuclei/params/c13.params
 ************************************************************************
         8192                 NUMBER OF SPIN STATES (NS)
          429                 NUMBER OF ISOSPIN STATES (NT)
            9                 NUMBER OF P-SHELL + SD-SHELL PARTICLES
         2048                 NUMBER OF SPIN GROUPS (NS/4)
           78                 NUMBER OF PAIRS
          286                 NUMBER OF TRIPLES
          715                 NUMBER OF QUADRUPLES
            6                 NUMBER PAIRS IN THE S-SHELL
           36                 NUMBER PAIRS IN THE P-SHELL
           36                 NUMBER PAIRS IN THE P-SHELL+SD-SHELL
          715                 NUMBER OF S-SHELL COMBINATIONS
            1                 NUMBER OF P-SHELL COMBINATIONS
            3                 NSPART - 1 (NCL)
          512                 2**(NPPART + NDPART)
       262144                 2**(2*(NPPART + NDPART))
       362880                 (NPPART + NDPART)!
           12                 4-BYTE INTEGER FACTORIAL LIMIT
 ************************************************************************
 Carbon-13
  -1       0.5       0.5       0.5      -0.5                                              Pi J m_J T m_T
   2   0   6   1                                                                          lwf lsc lopc lcut
  19.51638  16.74236  28.66265  17.71939                                                  esep
   0.02205  -0.00206                                                                      eta
   0.00000   0.00000                                                                      zeta
   1.00000   0.51000   1.02000   1.12000   1.00000   1.00000   1.00000   1.00000          fscal
   1.26000   1.68000   2.39000   2.27000   2.03000   1.95000   2.00000   2.00000          ac
   0.36000   0.94000   0.50000   0.57000   0.69000   1.17000   0.24000   0.24000          aa
   0.69000   1.01000   2.59000   2.70000   3.99000   4.91000   0.40000   0.40000          ar
   1.00000   0.97000   0.95000   1.10000   0.52180   0.89455   1.00000   1.00000          alpha
   1.00000   0.96000   0.99000   0.95000   1.44620   1.17163   1.00000   1.00000          beta
     56.24    -40.41      2.80    -11.21      1.81     -1.00      0.00      0.00          gamma
  15.10000   7.40000  -0.50000                                                            cutR cutA cutW
   0   0   0   0   0   0   0                                                              lfsp e_v lscat m1 m2 L nodes
   0.00000   0.00000   0.00000   0.00000   0.00000   0.00000                              wse wsv wsr wsa wbrho wbalph
  -0.00303  -0.00133  -0.00107  -0.00006   0.83000   0.83000                              delta eps theta ups rscal uscal
   0.39000   0.21000                                                                      qps1 qps2
   0.22000   0.80000                                                                      qsss1 qsss2
   0.00000   0.90000                                                                      qssp1 qssp2
   0.00000   0.90000                                                                      qspp1 qspp2
   0.00000   0.90000                                                                      qppp1 qppp2
 2P[441]
   1.00000                                                                                beta (LS)
   1    0.88000   0.21000   4.37000   1.09012   1.19120   3.95000   0.00000   0.00000     lfcsp spu spv spr spa spb spc spk spl
   1    1.24000  -0.20000   3.65000   1.24875   0.32585   3.40000   0.00000   0.00000     lfcpp ppu ppv ppr ppa ppb ppc ppk ppl
   1   0   0   4   1   1   0                                                              lfsp e_v lscat m1 m2 L nodes
   1.00000 -25.00000   4.00000   1.50000   0.00000   1.44000                              wse wsv wsr wsa wbrho wbalph
 ************************************************************************
 SETTING BOOKS
 ************************************************************************
 SETTING BOOKS -- DONE
 ************************************************************************
 READING SPIN TABLES FROM: 
 /lus/flare/projects/NucStructReact_6/piarulli/c13.spin
 ************************************************************************
 SETTING TWO BODY OPERATOR CORRELATIONS
 ************************************************************************
 SETTING TWO BODY OPERATOR CORRELATIONS -- DONE
 ************************************************************************
 SETTING THREE BODY OPERATOR CORRELATIONS
 ************************************************************************
 SETTING THREE BODY OPERATOR CORRELATIONS -- DONE
 ************************************************************************
 SETTING TWO BODY SCALAR CORRELATIONS
 ************************************************************************
 SETTING TWO BODY SCALAR CORRELATIONS -- DONE
 ************************************************************************
 READING YLM FROM: /lus/flare/projects/NucStructReact_6/flores/kal/c13.ylm
 ROOT READING SCATTERED PHI FROM: 
 /lus/flare/projects/NucStructReact_6/flores/kal/c13.phi.0.2
 ************************************************************************
 MAPPING SCATTERED PHI TO DEVICE FOR PHI KERNEL
 MAPPING SCATTERED PHI TO DEVICE -- DONE
 ************************************************************************
 WAVE FUNCTION INITIALIZATION TIME (s):       341.3071
 ************************************************************************
 ACCEPTANCE PROBABILITY:    40.12%
 ************************************************************************
 BURN IN TIME (s):       563.0129
 ************************************************************************
                      -------------
                      LOCAL AVERAGE
                      -------------
                    BLOCK:        1
                    SAMPLES:    12288

 ************************************************************************
   --------------------------------------------------------------------
                   SAMPLE COUNT DISTRIBUTIONS
   --------------------------------------------------------------------
    R (fm)      N(R_i)     N(R_ij)
    0.0500          3         16
    0.1500         34        117
    0.2500        116        341
    0.3500        241        675
    0.4500        434       1138
    0.5500        667       1839
    0.6500       1086       2803
    0.7500       1501       3952
    0.8500       2019       5441
    0.9500       2598       7316
    1.0500       3235       9047
    1.1500       4010      10907
    1.2500       4660      12538
    1.3500       5432      14444
    1.4500       6024      16269
    1.5500       6554      17558
    1.6500       7040      19102
    1.7500       7525      20099
    1.8500       7728      21360
    1.9500       7946      22524
    2.0500       7979      23343
    2.1500       8070      23897
    2.2500       7727      25373
    2.3500       7414      25484
    2.4500       6902      26405
    2.5500       6526      26730
    2.6500       6112      27152
    2.7500       5424      27500
    2.8500       4930      27846
    2.9500       4443      27540
    3.0500       3896      27840
    3.1500       3410      27484
    3.2500       2888      27510
    3.3500       2580      26853
    3.4500       2113      26530
    3.5500       1764      25661
    3.6500       1509      25148
    3.7500       1403      24423
    3.8500       1060      23074
    3.9500        832      22101
    4.0500        773      21398
    4.1500        592      20307
    4.2500        492      19236
    4.3500        440      18065
    4.4500        266      16971
    4.5500        272      15665
    4.6500        223      14421
    4.7500        185      13515
    4.8500        142      12429
    4.9500        103      11379
    5.0500         90      10236
    5.1500         59       9522
    5.2500         47       8475
    5.3500         46       7667
    5.4500         35       6858
    5.5500         19       6007
    5.6500         23       5292
    5.7500         20       4909
    5.8500         20       4188
    5.9500         15       3698
    6.0500          5       3205
    6.1500          7       2874
    6.2500          8       2524
    6.3500          7       2093
    6.4500          8       1830
    6.5500          4       1538
    6.6500          1       1367
    6.7500          1       1131
    6.8500          1        983
    6.9500          1        808
    7.0500          0        710
    7.1500          2        594
    7.2500          0        534
    7.3500          0        431
    7.4500          0        392
    7.5500          0        287
    7.6500          2        271
    7.7500          0        209
    7.8500          0        168
    7.9500          0        145
    8.0500          0        117
    8.1500          0        117
    8.2500          0         82
    8.3500          0         67
    8.4500          0         69
    8.5500          0         67
    8.6500          0         35
    8.7500          0         37
    8.8500          0         35
    8.9500          0         17
    9.0500          0         16
    9.1500          0         15
    9.2500          0         14
    9.3500          0         18
    9.4500          0          2
    9.5500          0         10
    9.6500          0          5
    9.7500          0          6
    9.8500          0          2
    9.9500          0          2
   10.0500          0          6
   10.1500          0          1
   10.2500          0          2
   10.3500          0          1
   10.4500          0          0
   10.5500          0          4
   10.6500          0          0
   10.7500          0          0
   10.8500          0          1
   10.9500          0          2
   11.0500          0          0
   11.1500          0          0
   11.2500          0          2
   11.3500          0          0
   11.4500          0          0
   11.5500          0          0
   11.6500          0          0
   11.7500          0          0
   11.8500          0          0
   11.9500          0          0
   12.0500          0          0
   12.1500          0          0
   12.2500          0          0
   12.3500          0          0
   12.4500          0          0
   12.5500          0          0
   12.6500          0          0
   12.7500          0          0
   12.8500          0          0
   12.9500          0          0
   13.0500          0          0
   13.1500          0          0
   13.2500          0          0
   13.3500          0          0
   13.4500          0          0
   13.5500          0          0
   13.6500          0          0
   13.7500          0          0
   13.8500          0          0
   13.9500          0          0
   14.0500          0          0
   14.1500          0          0
   14.2500          0          0
   14.3500          0          0
   14.4500          0          0
   14.5500          0          0
   14.6500          0          0
   14.7500          0          0
   14.8500          0          0
   14.9500          0          0
   15.0500          0          0
   15.1500          0          0
   15.2500          0          0
   15.3500          0          0
   15.4500          0          0
   15.5500          0          0
   15.6500          0          0
   15.7500          0          0
   15.8500          0          0
   15.9500          0          0
   16.0500          0          0
   16.1500          0          0
   16.2500          0          0
   16.3500          0          0
   16.4500          0          0
   16.5500          0          0
   16.6500          0          0
   16.7500          0          0
   16.8500          0          0
   16.9500          0          0
   17.0500          0          0
   17.1500          0          0
   17.2500          0          0
   17.3500          0          0
   17.4500          0          0
   17.5500          0          0
   17.6500          0          0
   17.7500          0          0
   17.8500          0          0
   17.9500          0          0
   18.0500          0          0
   18.1500          0          0
   18.2500          0          0
   18.3500          0          0
   18.4500          0          0
   18.5500          0          0
   18.6500          0          0
   18.7500          0          0
   18.8500          0          0
   18.9500          0          0
   19.0500          0          0
   19.1500          0          0
   19.2500          0          0
   19.3500          0          0
   19.4500          0          0
   19.5500          0          0
   19.6500          0          0
   19.7500          0          0
   19.8500          0          0
   19.9500          0          0
   --------------------------------------------------------------------
                   ONE-BODY R-SPACE DISTRIBUTIONS
   --------------------------------------------------------------------
   R_i (fm)     NEUTRON-DOWN             NEUTRON-UP               PROTON-DOWN              PROTON-UP
    0.0500  0.1387E-01 (0.8018E-02)  0.1468E-01 (0.8484E-02)  0.1383E-01 (0.7991E-02)  0.1590E-01 (0.9189E-02)
    0.1500  0.2331E-01 (0.3998E-02)  0.2335E-01 (0.4002E-02)  0.2234E-01 (0.3828E-02)  0.2537E-01 (0.4349E-02)
    0.2500  0.2965E-01 (0.2743E-02)  0.2947E-01 (0.2726E-02)  0.2801E-01 (0.2591E-02)  0.3148E-01 (0.2913E-02)
    0.3500  0.3177E-01 (0.2039E-02)  0.3166E-01 (0.2030E-02)  0.2999E-01 (0.1923E-02)  0.3313E-01 (0.2125E-02)
    0.4500  0.3554E-01 (0.1698E-02)  0.3429E-01 (0.1635E-02)  0.3251E-01 (0.1549E-02)  0.3589E-01 (0.1713E-02)
    0.5500  0.3705E-01 (0.1450E-02)  0.3550E-01 (0.1382E-02)  0.3349E-01 (0.1304E-02)  0.3635E-01 (0.1416E-02)
    0.6500  0.4357E-01 (0.1317E-02)  0.4149E-01 (0.1247E-02)  0.3899E-01 (0.1169E-02)  0.4209E-01 (0.1263E-02)
    0.7500  0.4611E-01 (0.1196E-02)  0.4331E-01 (0.1118E-02)  0.4037E-01 (0.1040E-02)  0.4277E-01 (0.1104E-02)
    0.8500  0.4900E-01 (0.1096E-02)  0.4518E-01 (0.1000E-02)  0.4223E-01 (0.9314E-03)  0.4436E-01 (0.9800E-03)
    0.9500  0.5084E-01 (0.1006E-02)  0.4685E-01 (0.9204E-03)  0.4338E-01 (0.8483E-03)  0.4518E-01 (0.8881E-03)
    1.0500  0.5192E-01 (0.9245E-03)  0.4761E-01 (0.8382E-03)  0.4428E-01 (0.7783E-03)  0.4607E-01 (0.8111E-03)
    1.1500  0.5409E-01 (0.8573E-03)  0.4930E-01 (0.7744E-03)  0.4572E-01 (0.7145E-03)  0.4713E-01 (0.7385E-03)
    1.2500  0.5323E-01 (0.7850E-03)  0.4890E-01 (0.7144E-03)  0.4491E-01 (0.6530E-03)  0.4600E-01 (0.6702E-03)
    1.3500  0.5370E-01 (0.7305E-03)  0.4877E-01 (0.6554E-03)  0.4477E-01 (0.5983E-03)  0.4569E-01 (0.6121E-03)
    1.4500  0.5135E-01 (0.6696E-03)  0.4699E-01 (0.6042E-03)  0.4323E-01 (0.5528E-03)  0.4391E-01 (0.5619E-03)
    1.5500  0.4897E-01 (0.6110E-03)  0.4499E-01 (0.5588E-03)  0.4107E-01 (0.5057E-03)  0.4158E-01 (0.5118E-03)
    1.6500  0.4647E-01 (0.5654E-03)  0.4289E-01 (0.5142E-03)  0.3888E-01 (0.4633E-03)  0.3918E-01 (0.4675E-03)
    1.7500  0.4433E-01 (0.5142E-03)  0.4071E-01 (0.4690E-03)  0.3693E-01 (0.4212E-03)  0.3711E-01 (0.4228E-03)
    1.8500  0.4091E-01 (0.4624E-03)  0.3731E-01 (0.4176E-03)  0.3394E-01 (0.3776E-03)  0.3404E-01 (0.3785E-03)
    1.9500  0.3765E-01 (0.4223E-03)  0.3472E-01 (0.3829E-03)  0.3148E-01 (0.3445E-03)  0.3145E-01 (0.3439E-03)
    2.0500  0.3425E-01 (0.3823E-03)  0.3169E-01 (0.3500E-03)  0.2854E-01 (0.3126E-03)  0.2846E-01 (0.3119E-03)
    2.1500  0.3160E-01 (0.3539E-03)  0.2898E-01 (0.3189E-03)  0.2628E-01 (0.2867E-03)  0.2617E-01 (0.2854E-03)
    2.2500  0.2756E-01 (0.3182E-03)  0.2554E-01 (0.2906E-03)  0.2291E-01 (0.2584E-03)  0.2282E-01 (0.2572E-03)
    2.3500  0.2446E-01 (0.2863E-03)  0.2242E-01 (0.2585E-03)  0.2007E-01 (0.2309E-03)  0.1997E-01 (0.2295E-03)
    2.4500  0.2091E-01 (0.2551E-03)  0.1928E-01 (0.2308E-03)  0.1717E-01 (0.2047E-03)  0.1709E-01 (0.2035E-03)
    2.5500  0.1823E-01 (0.2281E-03)  0.1691E-01 (0.2078E-03)  0.1496E-01 (0.1831E-03)  0.1489E-01 (0.1820E-03)
    2.6500  0.1587E-01 (0.2054E-03)  0.1460E-01 (0.1864E-03)  0.1298E-01 (0.1650E-03)  0.1290E-01 (0.1638E-03)
    2.7500  0.1313E-01 (0.1793E-03)  0.1208E-01 (0.1622E-03)  0.1065E-01 (0.1430E-03)  0.1059E-01 (0.1418E-03)
    2.8500  0.1114E-01 (0.1621E-03)  0.1023E-01 (0.1463E-03)  0.8998E-02 (0.1282E-03)  0.8937E-02 (0.1271E-03)
    2.9500  0.9361E-02 (0.1440E-03)  0.8648E-02 (0.1308E-03)  0.7544E-02 (0.1138E-03)  0.7507E-02 (0.1132E-03)
    3.0500  0.7739E-02 (0.1263E-03)  0.7092E-02 (0.1135E-03)  0.6159E-02 (0.9833E-04)  0.6131E-02 (0.9766E-04)
    3.1500  0.6309E-02 (0.1101E-03)  0.5838E-02 (0.1004E-03)  0.5072E-02 (0.8656E-04)  0.5035E-02 (0.8582E-04)
    3.2500  0.5124E-02 (0.9917E-04)  0.4663E-02 (0.8908E-04)  0.3975E-02 (0.7570E-04)  0.3943E-02 (0.7496E-04)
    3.3500  0.4326E-02 (0.8878E-04)  0.3901E-02 (0.7832E-04)  0.3335E-02 (0.6679E-04)  0.3325E-02 (0.6643E-04)
    3.4500  0.3337E-02 (0.7446E-04)  0.3024E-02 (0.6612E-04)  0.2573E-02 (0.5610E-04)  0.2561E-02 (0.5573E-04)
    3.5500  0.2649E-02 (0.6520E-04)  0.2379E-02 (0.5747E-04)  0.2023E-02 (0.4873E-04)  0.2012E-02 (0.4836E-04)
    3.6500  0.2168E-02 (0.5853E-04)  0.1944E-02 (0.5110E-04)  0.1609E-02 (0.4241E-04)  0.1614E-02 (0.4241E-04)
    3.7500  0.1910E-02 (0.5317E-04)  0.1723E-02 (0.4740E-04)  0.1415E-02 (0.3861E-04)  0.1412E-02 (0.3845E-04)
    3.8500  0.1370E-02 (0.4468E-04)  0.1226E-02 (0.3898E-04)  0.1021E-02 (0.3246E-04)  0.1015E-02 (0.3218E-04)
    3.9500  0.1030E-02 (0.3704E-04)  0.9235E-03 (0.3269E-04)  0.7515E-03 (0.2660E-04)  0.7482E-03 (0.2644E-04)
    4.0500  0.9171E-03 (0.3566E-04)  0.8149E-03 (0.3061E-04)  0.6609E-03 (0.2489E-04)  0.6589E-03 (0.2481E-04)
    4.1500  0.6934E-03 (0.3001E-04)  0.5913E-03 (0.2479E-04)  0.4703E-03 (0.1976E-04)  0.4709E-03 (0.1970E-04)
    4.2500  0.5443E-03 (0.2590E-04)  0.4865E-03 (0.2280E-04)  0.3663E-03 (0.1703E-04)  0.3669E-03 (0.1700E-04)
    4.3500  0.4659E-03 (0.2344E-04)  0.4014E-03 (0.1956E-04)  0.3205E-03 (0.1556E-04)  0.3179E-03 (0.1540E-04)
    4.4500  0.2727E-03 (0.1774E-04)  0.2337E-03 (0.1486E-04)  0.1822E-03 (0.1156E-04)  0.1812E-03 (0.1148E-04)
    4.5500  0.2689E-03 (0.1758E-04)  0.2318E-03 (0.1464E-04)  0.1751E-03 (0.1101E-04)  0.1749E-03 (0.1096E-04)
    4.6500  0.2076E-03 (0.1455E-04)  0.1842E-03 (0.1283E-04)  0.1378E-03 (0.9432E-05)  0.1383E-03 (0.9443E-05)
    4.7500  0.1678E-03 (0.1312E-04)  0.1455E-03 (0.1110E-04)  0.1086E-03 (0.8263E-05)  0.1092E-03 (0.8278E-05)
    4.8500  0.1294E-03 (0.1147E-04)  0.1081E-03 (0.9453E-05)  0.7645E-04 (0.6650E-05)  0.7706E-04 (0.6682E-05)
    4.9500  0.9245E-04 (0.9773E-05)  0.7371E-04 (0.7591E-05)  0.5299E-04 (0.5499E-05)  0.5308E-04 (0.5480E-05)
    5.0500  0.7688E-04 (0.8723E-05)  0.5957E-04 (0.6520E-05)  0.4570E-04 (0.4989E-05)  0.4639E-04 (0.5055E-05)
    5.1500  0.4732E-04 (0.6439E-05)  0.4025E-04 (0.5479E-05)  0.2794E-04 (0.3760E-05)  0.2855E-04 (0.3833E-05)
    5.2500  0.3618E-04 (0.5604E-05)  0.3064E-04 (0.4541E-05)  0.2176E-04 (0.3298E-05)  0.2185E-04 (0.3307E-05)
    5.3500  0.3455E-04 (0.5356E-05)  0.2834E-04 (0.4318E-05)  0.2045E-04 (0.3101E-05)  0.2074E-04 (0.3133E-05)
    5.4500  0.2773E-04 (0.5074E-05)  0.2073E-04 (0.3694E-05)  0.1377E-04 (0.2460E-05)  0.1407E-04 (0.2507E-05)
    5.5500  0.1255E-04 (0.2989E-05)  0.1170E-04 (0.2786E-05)  0.7748E-05 (0.1837E-05)  0.7943E-05 (0.1877E-05)
    5.6500  0.1841E-04 (0.4128E-05)  0.1307E-04 (0.2859E-05)  0.7521E-05 (0.1698E-05)  0.7652E-05 (0.1715E-05)
    5.7500  0.1332E-04 (0.3106E-05)  0.1069E-04 (0.2547E-05)  0.7561E-05 (0.1748E-05)  0.7598E-05 (0.1748E-05)
    5.8500  0.1393E-04 (0.3244E-05)  0.9584E-05 (0.2184E-05)  0.7173E-05 (0.1663E-05)  0.7161E-05 (0.1651E-05)
    5.9500  0.1138E-04 (0.3212E-05)  0.7776E-05 (0.2181E-05)  0.4160E-05 (0.1160E-05)  0.4121E-05 (0.1138E-05)
    6.0500  0.4709E-05 (0.2197E-05)  0.1889E-05 (0.8566E-06)  0.1108E-05 (0.5545E-06)  0.1140E-05 (0.5693E-06)
    6.1500  0.4259E-05 (0.1717E-05)  0.3051E-05 (0.1168E-05)  0.2389E-05 (0.9417E-06)  0.2287E-05 (0.8945E-06)
    6.2500  0.5907E-05 (0.2220E-05)  0.3333E-05 (0.1200E-05)  0.2013E-05 (0.7819E-06)  0.2010E-05 (0.7757E-06)
    6.3500  0.4341E-05 (0.1818E-05)  0.2909E-05 (0.1159E-05)  0.2017E-05 (0.8068E-06)  0.1974E-05 (0.7831E-06)
    6.4500  0.4103E-05 (0.1497E-05)  0.4039E-05 (0.1527E-05)  0.2175E-05 (0.8065E-06)  0.2137E-05 (0.7951E-06)
    6.5500  0.2383E-05 (0.1404E-05)  0.2092E-05 (0.1176E-05)  0.7980E-06 (0.4477E-06)  0.7648E-06 (0.4288E-06)
    6.6500  0.6581E-06 (0.6581E-06)  0.7477E-06 (0.7477E-06)  0.2967E-07 (0.2967E-07)  0.2889E-07 (0.2888E-07)
    6.7500  0.5036E-06 (0.5036E-06)  0.6698E-06 (0.6697E-06)  0.1271E-06 (0.1271E-06)  0.1209E-06 (0.1209E-06)
    6.8500  0.3629E-06 (0.3629E-06)  0.3501E-06 (0.3500E-06)  0.3233E-06 (0.3232E-06)  0.3439E-06 (0.3439E-06)
    6.9500  0.4404E-06 (0.4404E-06)  0.3350E-06 (0.3350E-06)  0.2736E-06 (0.2736E-06)  0.2917E-06 (0.2917E-06)
    7.0500  0.0000E+00 (0.0000E+00)  0.0000E+00 (0.0000E+00)  0.0000E+00 (0.0000E+00)  0.0000E+00 (0.0000E+00)
    7.1500  0.8125E-06 (0.5774E-06)  0.6023E-06 (0.4262E-06)  0.5597E-06 (0.3966E-06)  0.5590E-06 (0.3955E-06)
    7.2500  0.0000E+00 (0.0000E+00)  0.0000E+00 (0.0000E+00)  0.0000E+00 (0.0000E+00)  0.0000E+00 (0.0000E+00)
    7.3500  0.0000E+00 (0.0000E+00)  0.0000E+00 (0.0000E+00)  0.0000E+00 (0.0000E+00)  0.0000E+00 (0.0000E+00)
    7.4500  0.0000E+00 (0.0000E+00)  0.0000E+00 (0.0000E+00)  0.0000E+00 (0.0000E+00)  0.0000E+00 (0.0000E+00)
    7.5500  0.0000E+00 (0.0000E+00)  0.0000E+00 (0.0000E+00)  0.0000E+00 (0.0000E+00)  0.0000E+00 (0.0000E+00)
    7.6500  0.9104E-06 (0.7885E-06)  0.1103E-05 (0.9033E-06)  0.1021E-06 (0.7220E-07)  0.9775E-07 (0.6913E-07)
    7.7500  0.0000E+00 (0.0000E+00)  0.0000E+00 (0.0000E+00)  0.0000E+00 (0.0000E+00)  0.0000E+00 (0.0000E+00)
    7.8500  0.0000E+00 (0.0000E+00)  0.0000E+00 (0.0000E+00)  0.0000E+00 (0.0000E+00)  0.0000E+00 (0.0000E+00)
    7.9500  0.0000E+00 (0.0000E+00)  0.0000E+00 (0.0000E+00)  0.0000E+00 (0.0000E+00)  0.0000E+00 (0.0000E+00)
    8.0500  0.0000E+00 (0.0000E+00)  0.0000E+00 (0.0000E+00)  0.0000E+00 (0.0000E+00)  0.0000E+00 (0.0000E+00)
    8.1500  0.0000E+00 (0.0000E+00)  0.0000E+00 (0.0000E+00)  0.0000E+00 (0.0000E+00)  0.0000E+00 (0.0000E+00)
    8.2500  0.0000E+00 (0.0000E+00)  0.0000E+00 (0.0000E+00)  0.0000E+00 (0.0000E+00)  0.0000E+00 (0.0000E+00)
    8.3500  0.0000E+00 (0.0000E+00)  0.0000E+00 (0.0000E+00)  0.0000E+00 (0.0000E+00)  0.0000E+00 (0.0000E+00)
    8.4500  0.0000E+00 (0.0000E+00)  0.0000E+00 (0.0000E+00)  0.0000E+00 (0.0000E+00)  0.0000E+00 (0.0000E+00)
    8.5500  0.0000E+00 (0.0000E+00)  0.0000E+00 (0.0000E+00)  0.0000E+00 (0.0000E+00)  0.0000E+00 (0.0000E+00)
    8.6500  0.0000E+00 (0.0000E+00)  0.0000E+00 (0.0000E+00)  0.0000E+00 (0.0000E+00)  0.0000E+00 (0.0000E+00)
    8.7500  0.0000E+00 (0.0000E+00)  0.0000E+00 (0.0000E+00)  0.0000E+00 (0.0000E+00)  0.0000E+00 (0.0000E+00)
    8.8500  0.0000E+00 (0.0000E+00)  0.0000E+00 (0.0000E+00)  0.0000E+00 (0.0000E+00)  0.0000E+00 (0.0000E+00)
    8.9500  0.0000E+00 (0.0000E+00)  0.0000E+00 (0.0000E+00)  0.0000E+00 (0.0000E+00)  0.0000E+00 (0.0000E+00)
    9.0500  0.0000E+00 (0.0000E+00)  0.0000E+00 (0.0000E+00)  0.0000E+00 (0.0000E+00)  0.0000E+00 (0.0000E+00)
    9.1500  0.0000E+00 (0.0000E+00)  0.0000E+00 (0.0000E+00)  0.0000E+00 (0.0000E+00)  0.0000E+00 (0.0000E+00)
    9.2500  0.0000E+00 (0.0000E+00)  0.0000E+00 (0.0000E+00)  0.0000E+00 (0.0000E+00)  0.0000E+00 (0.0000E+00)
    9.3500  0.0000E+00 (0.0000E+00)  0.0000E+00 (0.0000E+00)  0.0000E+00 (0.0000E+00)  0.0000E+00 (0.0000E+00)
    9.4500  0.0000E+00 (0.0000E+00)  0.0000E+00 (0.0000E+00)  0.0000E+00 (0.0000E+00)  0.0000E+00 (0.0000E+00)
    9.5500  0.0000E+00 (0.0000E+00)  0.0000E+00 (0.0000E+00)  0.0000E+00 (0.0000E+00)  0.0000E+00 (0.0000E+00)
    9.6500  0.0000E+00 (0.0000E+00)  0.0000E+00 (0.0000E+00)  0.0000E+00 (0.0000E+00)  0.0000E+00 (0.0000E+00)
    9.7500  0.0000E+00 (0.0000E+00)  0.0000E+00 (0.0000E+00)  0.0000E+00 (0.0000E+00)  0.0000E+00 (0.0000E+00)
    9.8500  0.0000E+00 (0.0000E+00)  0.0000E+00 (0.0000E+00)  0.0000E+00 (0.0000E+00)  0.0000E+00 (0.0000E+00)
    9.9500  0.0000E+00 (0.0000E+00)  0.0000E+00 (0.0000E+00)  0.0000E+00 (0.0000E+00)  0.0000E+00 (0.0000E+00)
   10.0500  0.0000E+00 (0.0000E+00)  0.0000E+00 (0.0000E+00)  0.0000E+00 (0.0000E+00)  0.0000E+00 (0.0000E+00)
   10.1500  0.0000E+00 (0.0000E+00)  0.0000E+00 (0.0000E+00)  0.0000E+00 (0.0000E+00)  0.0000E+00 (0.0000E+00)
   10.2500  0.0000E+00 (0.0000E+00)  0.0000E+00 (0.0000E+00)  0.0000E+00 (0.0000E+00)  0.0000E+00 (0.0000E+00)
   10.3500  0.0000E+00 (0.0000E+00)  0.0000E+00 (0.0000E+00)  0.0000E+00 (0.0000E+00)  0.0000E+00 (0.0000E+00)
   10.4500  0.0000E+00 (0.0000E+00)  0.0000E+00 (0.0000E+00)  0.0000E+00 (0.0000E+00)  0.0000E+00 (0.0000E+00)
   10.5500  0.0000E+00 (0.0000E+00)  0.0000E+00 (0.0000E+00)  0.0000E+00 (0.0000E+00)  0.0000E+00 (0.0000E+00)
   10.6500  0.0000E+00 (0.0000E+00)  0.0000E+00 (0.0000E+00)  0.0000E+00 (0.0000E+00)  0.0000E+00 (0.0000E+00)
   10.7500  0.0000E+00 (0.0000E+00)  0.0000E+00 (0.0000E+00)  0.0000E+00 (0.0000E+00)  0.0000E+00 (0.0000E+00)
   10.8500  0.0000E+00 (0.0000E+00)  0.0000E+00 (0.0000E+00)  0.0000E+00 (0.0000E+00)  0.0000E+00 (0.0000E+00)
   10.9500  0.0000E+00 (0.0000E+00)  0.0000E+00 (0.0000E+00)  0.0000E+00 (0.0000E+00)  0.0000E+00 (0.0000E+00)
   11.0500  0.0000E+00 (0.0000E+00)  0.0000E+00 (0.0000E+00)  0.0000E+00 (0.0000E+00)  0.0000E+00 (0.0000E+00)
   11.1500  0.0000E+00 (0.0000E+00)  0.0000E+00 (0.0000E+00)  0.0000E+00 (0.0000E+00)  0.0000E+00 (0.0000E+00)
   11.2500  0.0000E+00 (0.0000E+00)  0.0000E+00 (0.0000E+00)  0.0000E+00 (0.0000E+00)  0.0000E+00 (0.0000E+00)
   11.3500  0.0000E+00 (0.0000E+00)  0.0000E+00 (0.0000E+00)  0.0000E+00 (0.0000E+00)  0.0000E+00 (0.0000E+00)
   11.4500  0.0000E+00 (0.0000E+00)  0.0000E+00 (0.0000E+00)  0.0000E+00 (0.0000E+00)  0.0000E+00 (0.0000E+00)
   11.5500  0.0000E+00 (0.0000E+00)  0.0000E+00 (0.0000E+00)  0.0000E+00 (0.0000E+00)  0.0000E+00 (0.0000E+00)
   11.6500  0.0000E+00 (0.0000E+00)  0.0000E+00 (0.0000E+00)  0.0000E+00 (0.0000E+00)  0.0000E+00 (0.0000E+00)
   11.7500  0.0000E+00 (0.0000E+00)  0.0000E+00 (0.0000E+00)  0.0000E+00 (0.0000E+00)  0.0000E+00 (0.0000E+00)
   11.8500  0.0000E+00 (0.0000E+00)  0.0000E+00 (0.0000E+00)  0.0000E+00 (0.0000E+00)  0.0000E+00 (0.0000E+00)
   11.9500  0.0000E+00 (0.0000E+00)  0.0000E+00 (0.0000E+00)  0.0000E+00 (0.0000E+00)  0.0000E+00 (0.0000E+00)
   12.0500  0.0000E+00 (0.0000E+00)  0.0000E+00 (0.0000E+00)  0.0000E+00 (0.0000E+00)  0.0000E+00 (0.0000E+00)
   12.1500  0.0000E+00 (0.0000E+00)  0.0000E+00 (0.0000E+00)  0.0000E+00 (0.0000E+00)  0.0000E+00 (0.0000E+00)
   12.2500  0.0000E+00 (0.0000E+00)  0.0000E+00 (0.0000E+00)  0.0000E+00 (0.0000E+00)  0.0000E+00 (0.0000E+00)
   12.3500  0.0000E+00 (0.0000E+00)  0.0000E+00 (0.0000E+00)  0.0000E+00 (0.0000E+00)  0.0000E+00 (0.0000E+00)
   12.4500  0.0000E+00 (0.0000E+00)  0.0000E+00 (0.0000E+00)  0.0000E+00 (0.0000E+00)  0.0000E+00 (0.0000E+00)
   12.5500  0.0000E+00 (0.0000E+00)  0.0000E+00 (0.0000E+00)  0.0000E+00 (0.0000E+00)  0.0000E+00 (0.0000E+00)
   12.6500  0.0000E+00 (0.0000E+00)  0.0000E+00 (0.0000E+00)  0.0000E+00 (0.0000E+00)  0.0000E+00 (0.0000E+00)
   12.7500  0.0000E+00 (0.0000E+00)  0.0000E+00 (0.0000E+00)  0.0000E+00 (0.0000E+00)  0.0000E+00 (0.0000E+00)
   12.8500  0.0000E+00 (0.0000E+00)  0.0000E+00 (0.0000E+00)  0.0000E+00 (0.0000E+00)  0.0000E+00 (0.0000E+00)
   12.9500  0.0000E+00 (0.0000E+00)  0.0000E+00 (0.0000E+00)  0.0000E+00 (0.0000E+00)  0.0000E+00 (0.0000E+00)
   13.0500  0.0000E+00 (0.0000E+00)  0.0000E+00 (0.0000E+00)  0.0000E+00 (0.0000E+00)  0.0000E+00 (0.0000E+00)
   13.1500  0.0000E+00 (0.0000E+00)  0.0000E+00 (0.0000E+00)  0.0000E+00 (0.0000E+00)  0.0000E+00 (0.0000E+00)
   13.2500  0.0000E+00 (0.0000E+00)  0.0000E+00 (0.0000E+00)  0.0000E+00 (0.0000E+00)  0.0000E+00 (0.0000E+00)
   13.3500  0.0000E+00 (0.0000E+00)  0.0000E+00 (0.0000E+00)  0.0000E+00 (0.0000E+00)  0.0000E+00 (0.0000E+00)
   13.4500  0.0000E+00 (0.0000E+00)  0.0000E+00 (0.0000E+00)  0.0000E+00 (0.0000E+00)  0.0000E+00 (0.0000E+00)
   13.5500  0.0000E+00 (0.0000E+00)  0.0000E+00 (0.0000E+00)  0.0000E+00 (0.0000E+00)  0.0000E+00 (0.0000E+00)
   13.6500  0.0000E+00 (0.0000E+00)  0.0000E+00 (0.0000E+00)  0.0000E+00 (0.0000E+00)  0.0000E+00 (0.0000E+00)
   13.7500  0.0000E+00 (0.0000E+00)  0.0000E+00 (0.0000E+00)  0.0000E+00 (0.0000E+00)  0.0000E+00 (0.0000E+00)
   13.8500  0.0000E+00 (0.0000E+00)  0.0000E+00 (0.0000E+00)  0.0000E+00 (0.0000E+00)  0.0000E+00 (0.0000E+00)
   13.9500  0.0000E+00 (0.0000E+00)  0.0000E+00 (0.0000E+00)  0.0000E+00 (0.0000E+00)  0.0000E+00 (0.0000E+00)
   14.0500  0.0000E+00 (0.0000E+00)  0.0000E+00 (0.0000E+00)  0.0000E+00 (0.0000E+00)  0.0000E+00 (0.0000E+00)
   14.1500  0.0000E+00 (0.0000E+00)  0.0000E+00 (0.0000E+00)  0.0000E+00 (0.0000E+00)  0.0000E+00 (0.0000E+00)
   14.2500  0.0000E+00 (0.0000E+00)  0.0000E+00 (0.0000E+00)  0.0000E+00 (0.0000E+00)  0.0000E+00 (0.0000E+00)
   14.3500  0.0000E+00 (0.0000E+00)  0.0000E+00 (0.0000E+00)  0.0000E+00 (0.0000E+00)  0.0000E+00 (0.0000E+00)
   14.4500  0.0000E+00 (0.0000E+00)  0.0000E+00 (0.0000E+00)  0.0000E+00 (0.0000E+00)  0.0000E+00 (0.0000E+00)
   14.5500  0.0000E+00 (0.0000E+00)  0.0000E+00 (0.0000E+00)  0.0000E+00 (0.0000E+00)  0.0000E+00 (0.0000E+00)
   14.6500  0.0000E+00 (0.0000E+00)  0.0000E+00 (0.0000E+00)  0.0000E+00 (0.0000E+00)  0.0000E+00 (0.0000E+00)
   14.7500  0.0000E+00 (0.0000E+00)  0.0000E+00 (0.0000E+00)  0.0000E+00 (0.0000E+00)  0.0000E+00 (0.0000E+00)
   14.8500  0.0000E+00 (0.0000E+00)  0.0000E+00 (0.0000E+00)  0.0000E+00 (0.0000E+00)  0.0000E+00 (0.0000E+00)
   14.9500  0.0000E+00 (0.0000E+00)  0.0000E+00 (0.0000E+00)  0.0000E+00 (0.0000E+00)  0.0000E+00 (0.0000E+00)
   15.0500  0.0000E+00 (0.0000E+00)  0.0000E+00 (0.0000E+00)  0.0000E+00 (0.0000E+00)  0.0000E+00 (0.0000E+00)
   15.1500  0.0000E+00 (0.0000E+00)  0.0000E+00 (0.0000E+00)  0.0000E+00 (0.0000E+00)  0.0000E+00 (0.0000E+00)
   15.2500  0.0000E+00 (0.0000E+00)  0.0000E+00 (0.0000E+00)  0.0000E+00 (0.0000E+00)  0.0000E+00 (0.0000E+00)
   15.3500  0.0000E+00 (0.0000E+00)  0.0000E+00 (0.0000E+00)  0.0000E+00 (0.0000E+00)  0.0000E+00 (0.0000E+00)
   15.4500  0.0000E+00 (0.0000E+00)  0.0000E+00 (0.0000E+00)  0.0000E+00 (0.0000E+00)  0.0000E+00 (0.0000E+00)
   15.5500  0.0000E+00 (0.0000E+00)  0.0000E+00 (0.0000E+00)  0.0000E+00 (0.0000E+00)  0.0000E+00 (0.0000E+00)
   15.6500  0.0000E+00 (0.0000E+00)  0.0000E+00 (0.0000E+00)  0.0000E+00 (0.0000E+00)  0.0000E+00 (0.0000E+00)
   15.7500  0.0000E+00 (0.0000E+00)  0.0000E+00 (0.0000E+00)  0.0000E+00 (0.0000E+00)  0.0000E+00 (0.0000E+00)
   15.8500  0.0000E+00 (0.0000E+00)  0.0000E+00 (0.0000E+00)  0.0000E+00 (0.0000E+00)  0.0000E+00 (0.0000E+00)
   15.9500  0.0000E+00 (0.0000E+00)  0.0000E+00 (0.0000E+00)  0.0000E+00 (0.0000E+00)  0.0000E+00 (0.0000E+00)
   16.0500  0.0000E+00 (0.0000E+00)  0.0000E+00 (0.0000E+00)  0.0000E+00 (0.0000E+00)  0.0000E+00 (0.0000E+00)
   16.1500  0.0000E+00 (0.0000E+00)  0.0000E+00 (0.0000E+00)  0.0000E+00 (0.0000E+00)  0.0000E+00 (0.0000E+00)
   16.2500  0.0000E+00 (0.0000E+00)  0.0000E+00 (0.0000E+00)  0.0000E+00 (0.0000E+00)  0.0000E+00 (0.0000E+00)
   16.3500  0.0000E+00 (0.0000E+00)  0.0000E+00 (0.0000E+00)  0.0000E+00 (0.0000E+00)  0.0000E+00 (0.0000E+00)
   16.4500  0.0000E+00 (0.0000E+00)  0.0000E+00 (0.0000E+00)  0.0000E+00 (0.0000E+00)  0.0000E+00 (0.0000E+00)
   16.5500  0.0000E+00 (0.0000E+00)  0.0000E+00 (0.0000E+00)  0.0000E+00 (0.0000E+00)  0.0000E+00 (0.0000E+00)
   16.6500  0.0000E+00 (0.0000E+00)  0.0000E+00 (0.0000E+00)  0.0000E+00 (0.0000E+00)  0.0000E+00 (0.0000E+00)
   16.7500  0.0000E+00 (0.0000E+00)  0.0000E+00 (0.0000E+00)  0.0000E+00 (0.0000E+00)  0.0000E+00 (0.0000E+00)
   16.8500  0.0000E+00 (0.0000E+00)  0.0000E+00 (0.0000E+00)  0.0000E+00 (0.0000E+00)  0.0000E+00 (0.0000E+00)
   16.9500  0.0000E+00 (0.0000E+00)  0.0000E+00 (0.0000E+00)  0.0000E+00 (0.0000E+00)  0.0000E+00 (0.0000E+00)
   17.0500  0.0000E+00 (0.0000E+00)  0.0000E+00 (0.0000E+00)  0.0000E+00 (0.0000E+00)  0.0000E+00 (0.0000E+00)
   17.1500  0.0000E+00 (0.0000E+00)  0.0000E+00 (0.0000E+00)  0.0000E+00 (0.0000E+00)  0.0000E+00 (0.0000E+00)
   17.2500  0.0000E+00 (0.0000E+00)  0.0000E+00 (0.0000E+00)  0.0000E+00 (0.0000E+00)  0.0000E+00 (0.0000E+00)
   17.3500  0.0000E+00 (0.0000E+00)  0.0000E+00 (0.0000E+00)  0.0000E+00 (0.0000E+00)  0.0000E+00 (0.0000E+00)
   17.4500  0.0000E+00 (0.0000E+00)  0.0000E+00 (0.0000E+00)  0.0000E+00 (0.0000E+00)  0.0000E+00 (0.0000E+00)
   17.5500  0.0000E+00 (0.0000E+00)  0.0000E+00 (0.0000E+00)  0.0000E+00 (0.0000E+00)  0.0000E+00 (0.0000E+00)
   17.6500  0.0000E+00 (0.0000E+00)  0.0000E+00 (0.0000E+00)  0.0000E+00 (0.0000E+00)  0.0000E+00 (0.0000E+00)
   17.7500  0.0000E+00 (0.0000E+00)  0.0000E+00 (0.0000E+00)  0.0000E+00 (0.0000E+00)  0.0000E+00 (0.0000E+00)
   17.8500  0.0000E+00 (0.0000E+00)  0.0000E+00 (0.0000E+00)  0.0000E+00 (0.0000E+00)  0.0000E+00 (0.0000E+00)
   17.9500  0.0000E+00 (0.0000E+00)  0.0000E+00 (0.0000E+00)  0.0000E+00 (0.0000E+00)  0.0000E+00 (0.0000E+00)
   18.0500  0.0000E+00 (0.0000E+00)  0.0000E+00 (0.0000E+00)  0.0000E+00 (0.0000E+00)  0.0000E+00 (0.0000E+00)
   18.1500  0.0000E+00 (0.0000E+00)  0.0000E+00 (0.0000E+00)  0.0000E+00 (0.0000E+00)  0.0000E+00 (0.0000E+00)
   18.2500  0.0000E+00 (0.0000E+00)  0.0000E+00 (0.0000E+00)  0.0000E+00 (0.0000E+00)  0.0000E+00 (0.0000E+00)
   18.3500  0.0000E+00 (0.0000E+00)  0.0000E+00 (0.0000E+00)  0.0000E+00 (0.0000E+00)  0.0000E+00 (0.0000E+00)
   18.4500  0.0000E+00 (0.0000E+00)  0.0000E+00 (0.0000E+00)  0.0000E+00 (0.0000E+00)  0.0000E+00 (0.0000E+00)
   18.5500  0.0000E+00 (0.0000E+00)  0.0000E+00 (0.0000E+00)  0.0000E+00 (0.0000E+00)  0.0000E+00 (0.0000E+00)
   18.6500  0.0000E+00 (0.0000E+00)  0.0000E+00 (0.0000E+00)  0.0000E+00 (0.0000E+00)  0.0000E+00 (0.0000E+00)
   18.7500  0.0000E+00 (0.0000E+00)  0.0000E+00 (0.0000E+00)  0.0000E+00 (0.0000E+00)  0.0000E+00 (0.0000E+00)
   18.8500  0.0000E+00 (0.0000E+00)  0.0000E+00 (0.0000E+00)  0.0000E+00 (0.0000E+00)  0.0000E+00 (0.0000E+00)
   18.9500  0.0000E+00 (0.0000E+00)  0.0000E+00 (0.0000E+00)  0.0000E+00 (0.0000E+00)  0.0000E+00 (0.0000E+00)
   19.0500  0.0000E+00 (0.0000E+00)  0.0000E+00 (0.0000E+00)  0.0000E+00 (0.0000E+00)  0.0000E+00 (0.0000E+00)
   19.1500  0.0000E+00 (0.0000E+00)  0.0000E+00 (0.0000E+00)  0.0000E+00 (0.0000E+00)  0.0000E+00 (0.0000E+00)
   19.2500  0.0000E+00 (0.0000E+00)  0.0000E+00 (0.0000E+00)  0.0000E+00 (0.0000E+00)  0.0000E+00 (0.0000E+00)
   19.3500  0.0000E+00 (0.0000E+00)  0.0000E+00 (0.0000E+00)  0.0000E+00 (0.0000E+00)  0.0000E+00 (0.0000E+00)
   19.4500  0.0000E+00 (0.0000E+00)  0.0000E+00 (0.0000E+00)  0.0000E+00 (0.0000E+00)  0.0000E+00 (0.0000E+00)
   19.5500  0.0000E+00 (0.0000E+00)  0.0000E+00 (0.0000E+00)  0.0000E+00 (0.0000E+00)  0.0000E+00 (0.0000E+00)
   19.6500  0.0000E+00 (0.0000E+00)  0.0000E+00 (0.0000E+00)  0.0000E+00 (0.0000E+00)  0.0000E+00 (0.0000E+00)
   19.7500  0.0000E+00 (0.0000E+00)  0.0000E+00 (0.0000E+00)  0.0000E+00 (0.0000E+00)  0.0000E+00 (0.0000E+00)
   19.8500  0.0000E+00 (0.0000E+00)  0.0000E+00 (0.0000E+00)  0.0000E+00 (0.0000E+00)  0.0000E+00 (0.0000E+00)
   19.9500  0.0000E+00 (0.0000E+00)  0.0000E+00 (0.0000E+00)  0.0000E+00 (0.0000E+00)  0.0000E+00 (0.0000E+00)
   --------------------------------------------------------------------
                   TWO-BODY R-SPACE DISTRIBUTIONS
   --------------------------------------------------------------------
   R_ij (fm)      NN (S=0)                NP (S=0)               PP (S=0)
    0.0500  0.3452E-01 (0.8754E-02)  0.3276E-01 (0.8241E-02)  0.3091E-01 (0.7837E-02)
    0.1500  0.3700E-01 (0.3504E-02)  0.3423E-01 (0.3246E-02)  0.3105E-01 (0.2999E-02)
    0.2500  0.4064E-01 (0.2250E-02)  0.3802E-01 (0.2084E-02)  0.3441E-01 (0.1921E-02)
    0.3500  0.4278E-01 (0.1671E-02)  0.4024E-01 (0.1556E-02)  0.3604E-01 (0.1416E-02)
    0.4500  0.4616E-01 (0.1388E-02)  0.4387E-01 (0.1310E-02)  0.3904E-01 (0.1189E-02)
    0.5500  0.5146E-01 (0.1219E-02)  0.4948E-01 (0.1161E-02)  0.4371E-01 (0.1046E-02)
    0.6500  0.5780E-01 (0.1117E-02)  0.5614E-01 (0.1075E-02)  0.4934E-01 (0.9630E-03)
    0.7500  0.6235E-01 (0.1014E-02)  0.6107E-01 (0.9874E-03)  0.5292E-01 (0.8744E-03)
    0.8500  0.6740E-01 (0.9446E-03)  0.6697E-01 (0.9335E-03)  0.5748E-01 (0.8142E-03)
    0.9500  0.7300E-01 (0.8761E-03)  0.7292E-01 (0.8692E-03)  0.6131E-01 (0.7445E-03)
    1.0500  0.7345E-01 (0.7830E-03)  0.7439E-01 (0.7887E-03)  0.6192E-01 (0.6698E-03)
    1.1500  0.7251E-01 (0.7172E-03)  0.7480E-01 (0.7374E-03)  0.6120E-01 (0.6116E-03)
    1.2500  0.6926E-01 (0.6327E-03)  0.7238E-01 (0.6596E-03)  0.5787E-01 (0.5350E-03)
    1.3500  0.6698E-01 (0.5743E-03)  0.7123E-01 (0.6053E-03)  0.5554E-01 (0.4787E-03)
    1.4500  0.6358E-01 (0.5121E-03)  0.6899E-01 (0.5535E-03)  0.5261E-01 (0.4278E-03)
    1.5500  0.5828E-01 (0.4484E-03)  0.6465E-01 (0.4954E-03)  0.4818E-01 (0.3737E-03)
    1.6500  0.5416E-01 (0.4028E-03)  0.6157E-01 (0.4560E-03)  0.4454E-01 (0.3349E-03)
    1.7500  0.4923E-01 (0.3570E-03)  0.5721E-01 (0.4107E-03)  0.4028E-01 (0.2938E-03)
    1.8500  0.4544E-01 (0.3212E-03)  0.5400E-01 (0.3772E-03)  0.3678E-01 (0.2623E-03)
    1.9500  0.4164E-01 (0.2894E-03)  0.5086E-01 (0.3470E-03)  0.3356E-01 (0.2340E-03)
    2.0500  0.3785E-01 (0.2582E-03)  0.4738E-01 (0.3188E-03)  0.3027E-01 (0.2088E-03)
    2.1500  0.3408E-01 (0.2297E-03)  0.4383E-01 (0.2888E-03)  0.2721E-01 (0.1848E-03)
    2.2500  0.3202E-01 (0.2109E-03)  0.4225E-01 (0.2731E-03)  0.2538E-01 (0.1694E-03)
    2.3500  0.2866E-01 (0.1883E-03)  0.3872E-01 (0.2491E-03)  0.2256E-01 (0.1493E-03)
    2.4500  0.2657E-01 (0.1685E-03)  0.3677E-01 (0.2269E-03)  0.2085E-01 (0.1338E-03)
    2.5500  0.2415E-01 (0.1537E-03)  0.3423E-01 (0.2108E-03)  0.1884E-01 (0.1215E-03)
    2.6500  0.2205E-01 (0.1399E-03)  0.3207E-01 (0.1968E-03)  0.1713E-01 (0.1100E-03)
    2.7500  0.2037E-01 (0.1278E-03)  0.3012E-01 (0.1829E-03)  0.1574E-01 (0.9969E-04)
    2.8500  0.1874E-01 (0.1171E-03)  0.2834E-01 (0.1711E-03)  0.1450E-01 (0.9125E-04)
    2.9500  0.1695E-01 (0.1065E-03)  0.2611E-01 (0.1576E-03)  0.1299E-01 (0.8203E-04)
    3.0500  0.1576E-01 (0.9745E-04)  0.2467E-01 (0.1463E-03)  0.1205E-01 (0.7507E-04)
    3.1500  0.1432E-01 (0.8916E-04)  0.2281E-01 (0.1368E-03)  0.1098E-01 (0.6898E-04)
    3.2500  0.1335E-01 (0.8179E-04)  0.2144E-01 (0.1271E-03)  0.1019E-01 (0.6327E-04)
    3.3500  0.1212E-01 (0.7616E-04)  0.1969E-01 (0.1192E-03)  0.9181E-02 (0.5820E-04)
    3.4500  0.1122E-01 (0.7070E-04)  0.1833E-01 (0.1114E-03)  0.8470E-02 (0.5366E-04)
    3.5500  0.1010E-01 (0.6437E-04)  0.1674E-01 (0.1031E-03)  0.7664E-02 (0.4926E-04)
    3.6500  0.9312E-02 (0.6021E-04)  0.1552E-01 (0.9711E-04)  0.7042E-02 (0.4576E-04)
    3.7500  0.8528E-02 (0.5569E-04)  0.1428E-01 (0.9061E-04)  0.6462E-02 (0.4278E-04)
    3.8500  0.7627E-02 (0.5166E-04)  0.1281E-01 (0.8432E-04)  0.5789E-02 (0.3955E-04)
    3.9500  0.6918E-02 (0.4798E-04)  0.1165E-01 (0.7874E-04)  0.5238E-02 (0.3661E-04)
    4.0500  0.6385E-02 (0.4527E-04)  0.1074E-01 (0.7426E-04)  0.4813E-02 (0.3441E-04)
    4.1500  0.5762E-02 (0.4141E-04)  0.9708E-02 (0.6820E-04)  0.4352E-02 (0.3153E-04)
    4.2500  0.5219E-02 (0.3930E-04)  0.8772E-02 (0.6455E-04)  0.3937E-02 (0.2998E-04)
    4.3500  0.4677E-02 (0.3665E-04)  0.7868E-02 (0.6039E-04)  0.3527E-02 (0.2777E-04)
    4.4500  0.4226E-02 (0.3438E-04)  0.7067E-02 (0.5653E-04)  0.3182E-02 (0.2624E-04)
    4.5500  0.3734E-02 (0.3160E-04)  0.6242E-02 (0.5198E-04)  0.2816E-02 (0.2418E-04)
    4.6500  0.3296E-02 (0.2900E-04)  0.5504E-02 (0.4768E-04)  0.2489E-02 (0.2213E-04)
    4.7500  0.2993E-02 (0.2729E-04)  0.4951E-02 (0.4450E-04)  0.2246E-02 (0.2077E-04)
    4.8500  0.2646E-02 (0.2557E-04)  0.4370E-02 (0.4162E-04)  0.1980E-02 (0.1933E-04)
    4.9500  0.2338E-02 (0.2377E-04)  0.3843E-02 (0.3857E-04)  0.1751E-02 (0.1805E-04)
    5.0500  0.2031E-02 (0.2178E-04)  0.3324E-02 (0.3512E-04)  0.1516E-02 (0.1645E-04)
    5.1500  0.1834E-02 (0.2063E-04)  0.2977E-02 (0.3301E-04)  0.1371E-02 (0.1565E-04)
    5.2500  0.1585E-02 (0.1877E-04)  0.2551E-02 (0.2987E-04)  0.1169E-02 (0.1405E-04)
    5.3500  0.1389E-02 (0.1755E-04)  0.2225E-02 (0.2775E-04)  0.1030E-02 (0.1326E-04)
    5.4500  0.1206E-02 (0.1610E-04)  0.1920E-02 (0.2531E-04)  0.8874E-03 (0.1199E-04)
    5.5500  0.1023E-02 (0.1453E-04)  0.1624E-02 (0.2275E-04)  0.7615E-03 (0.1104E-04)
    5.6500  0.8820E-03 (0.1338E-04)  0.1383E-02 (0.2078E-04)  0.6497E-03 (0.1007E-04)
    5.7500  0.7953E-03 (0.1239E-04)  0.1240E-02 (0.1908E-04)  0.5830E-03 (0.9311E-05)
    5.8500  0.6608E-03 (0.1137E-04)  0.1023E-02 (0.1740E-04)  0.4824E-03 (0.8467E-05)
    5.9500  0.5649E-03 (0.1031E-04)  0.8734E-03 (0.1576E-04)  0.4114E-03 (0.7655E-05)
    6.0500  0.4803E-03 (0.9395E-05)  0.7337E-03 (0.1407E-04)  0.3473E-03 (0.6864E-05)
    6.1500  0.4226E-03 (0.8703E-05)  0.6384E-03 (0.1299E-04)  0.3050E-03 (0.6465E-05)
    6.2500  0.3609E-03 (0.7840E-05)  0.5427E-03 (0.1158E-04)  0.2609E-03 (0.5780E-05)
    6.3500  0.2921E-03 (0.6881E-05)  0.4365E-03 (0.1009E-04)  0.2079E-03 (0.5008E-05)
    6.4500  0.2478E-03 (0.6304E-05)  0.3700E-03 (0.9269E-05)  0.1771E-03 (0.4621E-05)
    6.5500  0.2051E-03 (0.5722E-05)  0.3027E-03 (0.8338E-05)  0.1476E-03 (0.4213E-05)
    6.6500  0.1826E-03 (0.5414E-05)  0.2623E-03 (0.7664E-05)  0.1274E-03 (0.3882E-05)
    6.7500  0.1436E-03 (0.4751E-05)  0.2098E-03 (0.6821E-05)  0.9988E-04 (0.3370E-05)
    6.8500  0.1250E-03 (0.4291E-05)  0.1783E-03 (0.6012E-05)  0.8757E-04 (0.3075E-05)
    6.9500  0.1002E-03 (0.3750E-05)  0.1425E-03 (0.5247E-05)  0.6908E-04 (0.2681E-05)
    7.0500  0.8724E-04 (0.3539E-05)  0.1220E-03 (0.4870E-05)  0.5938E-04 (0.2502E-05)
    7.1500  0.7131E-04 (0.3195E-05)  0.9935E-04 (0.4334E-05)  0.4854E-04 (0.2224E-05)
    7.2500  0.6450E-04 (0.3006E-05)  0.8719E-04 (0.3951E-05)  0.4209E-04 (0.1992E-05)
    7.3500  0.5069E-04 (0.2616E-05)  0.6865E-04 (0.3451E-05)  0.3339E-04 (0.1755E-05)
    7.4500  0.4494E-04 (0.2428E-05)  0.6088E-04 (0.3224E-05)  0.3027E-04 (0.1689E-05)
    7.5500  0.3235E-04 (0.2043E-05)  0.4349E-04 (0.2686E-05)  0.2190E-04 (0.1416E-05)
    7.6500  0.3131E-04 (0.2028E-05)  0.4019E-04 (0.2538E-05)  0.1920E-04 (0.1303E-05)
    7.7500  0.2337E-04 (0.1788E-05)  0.3043E-04 (0.2269E-05)  0.1557E-04 (0.1209E-05)
    7.8500  0.1822E-04 (0.1516E-05)  0.2363E-04 (0.1914E-05)  0.1136E-04 (0.9646E-06)
    7.9500  0.1606E-04 (0.1425E-05)  0.2004E-04 (0.1743E-05)  0.1008E-04 (0.9156E-06)
    8.0500  0.1290E-04 (0.1310E-05)  0.1589E-04 (0.1591E-05)  0.7809E-05 (0.8193E-06)
    8.1500  0.1253E-04 (0.1229E-05)  0.1546E-04 (0.1479E-05)  0.7457E-05 (0.7603E-06)
    8.2500  0.8440E-05 (0.9647E-06)  0.1062E-04 (0.1186E-05)  0.5490E-05 (0.6665E-06)
    8.3500  0.6907E-05 (0.9014E-06)  0.8417E-05 (0.1057E-05)  0.3833E-05 (0.5167E-06)
    8.4500  0.6751E-05 (0.8610E-06)  0.8550E-05 (0.1068E-05)  0.4603E-05 (0.5979E-06)
    8.5500  0.7216E-05 (0.9128E-06)  0.8207E-05 (0.1017E-05)  0.3935E-05 (0.5416E-06)
    8.6500  0.3416E-05 (0.5906E-06)  0.4173E-05 (0.7052E-06)  0.2424E-05 (0.4214E-06)
    8.7500  0.3586E-05 (0.6045E-06)  0.4284E-05 (0.7043E-06)  0.2126E-05 (0.3819E-06)
    8.8500  0.3400E-05 (0.5873E-06)  0.4006E-05 (0.6775E-06)  0.2117E-05 (0.3822E-06)
    8.9500  0.1799E-05 (0.4950E-06)  0.1950E-05 (0.5262E-06)  0.9868E-06 (0.2881E-06)
    9.0500  0.1570E-05 (0.4024E-06)  0.1746E-05 (0.4369E-06)  0.8184E-06 (0.2273E-06)
    9.1500  0.1512E-05 (0.3921E-06)  0.1652E-05 (0.4269E-06)  0.9279E-06 (0.2527E-06)
    9.2500  0.1424E-05 (0.3858E-06)  0.1465E-05 (0.3924E-06)  0.7822E-06 (0.2183E-06)
    9.3500  0.1765E-05 (0.4357E-06)  0.1880E-05 (0.4659E-06)  0.1021E-05 (0.2798E-06)
    9.4500  0.1728E-06 (0.1241E-06)  0.1990E-06 (0.1407E-06)  0.9947E-07 (0.7084E-07)
    9.5500  0.9767E-06 (0.3139E-06)  0.1019E-05 (0.3224E-06)  0.5665E-06 (0.1932E-06)
    9.6500  0.3942E-06 (0.1786E-06)  0.4456E-06 (0.1994E-06)  0.1662E-06 (0.9090E-07)
    9.7500  0.6377E-06 (0.2750E-06)  0.5800E-06 (0.2373E-06)  0.1920E-06 (0.9484E-07)
    9.8500  0.1897E-06 (0.1353E-06)  0.2049E-06 (0.1459E-06)  0.1222E-06 (0.9643E-07)
    9.9500  0.1954E-06 (0.1386E-06)  0.1981E-06 (0.1403E-06)  0.1733E-06 (0.1227E-06)
   10.0500  0.4887E-06 (0.2041E-06)  0.5470E-06 (0.2242E-06)  0.3382E-06 (0.1525E-06)
   10.1500  0.8211E-07 (0.8210E-07)  0.9297E-07 (0.9297E-07)  0.6884E-07 (0.6884E-07)
   10.2500  0.2033E-06 (0.1450E-06)  0.1837E-06 (0.1300E-06)  0.1090E-06 (0.7818E-07)
   10.3500  0.8579E-07 (0.8579E-07)  0.8172E-07 (0.8171E-07)  0.1209E-07 (0.1209E-07)
   10.4500  0.0000E+00 (0.0000E+00)  0.0000E+00 (0.0000E+00)  0.0000E+00 (0.0000E+00)
   10.5500  0.3844E-06 (0.1936E-06)  0.3557E-06 (0.1781E-06)  0.2544E-06 (0.1310E-06)
   10.6500  0.0000E+00 (0.0000E+00)  0.0000E+00 (0.0000E+00)  0.0000E+00 (0.0000E+00)
   10.7500  0.0000E+00 (0.0000E+00)  0.0000E+00 (0.0000E+00)  0.0000E+00 (0.0000E+00)
   10.8500  0.7308E-07 (0.7308E-07)  0.7702E-07 (0.7701E-07)  0.4386E-07 (0.4386E-07)
   10.9500  0.1627E-06 (0.1184E-06)  0.1437E-06 (0.1022E-06)  0.1062E-06 (0.7559E-07)
   11.0500  0.0000E+00 (0.0000E+00)  0.0000E+00 (0.0000E+00)  0.0000E+00 (0.0000E+00)
   11.1500  0.0000E+00 (0.0000E+00)  0.0000E+00 (0.0000E+00)  0.0000E+00 (0.0000E+00)
   11.2500  0.1662E-06 (0.1175E-06)  0.1650E-06 (0.1167E-06)  0.1468E-06 (0.1038E-06)
   11.3500  0.0000E+00 (0.0000E+00)  0.0000E+00 (0.0000E+00)  0.0000E+00 (0.0000E+00)
   11.4500  0.0000E+00 (0.0000E+00)  0.0000E+00 (0.0000E+00)  0.0000E+00 (0.0000E+00)
   11.5500  0.0000E+00 (0.0000E+00)  0.0000E+00 (0.0000E+00)  0.0000E+00 (0.0000E+00)
   11.6500  0.0000E+00 (0.0000E+00)  0.0000E+00 (0.0000E+00)  0.0000E+00 (0.0000E+00)
   11.7500  0.0000E+00 (0.0000E+00)  0.0000E+00 (0.0000E+00)  0.0000E+00 (0.0000E+00)
   11.8500  0.0000E+00 (0.0000E+00)  0.0000E+00 (0.0000E+00)  0.0000E+00 (0.0000E+00)
   11.9500  0.0000E+00 (0.0000E+00)  0.0000E+00 (0.0000E+00)  0.0000E+00 (0.0000E+00)
   12.0500  0.0000E+00 (0.0000E+00)  0.0000E+00 (0.0000E+00)  0.0000E+00 (0.0000E+00)
   12.1500  0.0000E+00 (0.0000E+00)  0.0000E+00 (0.0000E+00)  0.0000E+00 (0.0000E+00)
   12.2500  0.0000E+00 (0.0000E+00)  0.0000E+00 (0.0000E+00)  0.0000E+00 (0.0000E+00)
   12.3500  0.0000E+00 (0.0000E+00)  0.0000E+00 (0.0000E+00)  0.0000E+00 (0.0000E+00)
   12.4500  0.0000E+00 (0.0000E+00)  0.0000E+00 (0.0000E+00)  0.0000E+00 (0.0000E+00)
   12.5500  0.0000E+00 (0.0000E+00)  0.0000E+00 (0.0000E+00)  0.0000E+00 (0.0000E+00)
   12.6500  0.0000E+00 (0.0000E+00)  0.0000E+00 (0.0000E+00)  0.0000E+00 (0.0000E+00)
   12.7500  0.0000E+00 (0.0000E+00)  0.0000E+00 (0.0000E+00)  0.0000E+00 (0.0000E+00)
   12.8500  0.0000E+00 (0.0000E+00)  0.0000E+00 (0.0000E+00)  0.0000E+00 (0.0000E+00)
   12.9500  0.0000E+00 (0.0000E+00)  0.0000E+00 (0.0000E+00)  0.0000E+00 (0.0000E+00)
   13.0500  0.0000E+00 (0.0000E+00)  0.0000E+00 (0.0000E+00)  0.0000E+00 (0.0000E+00)
   13.1500  0.0000E+00 (0.0000E+00)  0.0000E+00 (0.0000E+00)  0.0000E+00 (0.0000E+00)
   13.2500  0.0000E+00 (0.0000E+00)  0.0000E+00 (0.0000E+00)  0.0000E+00 (0.0000E+00)
   13.3500  0.0000E+00 (0.0000E+00)  0.0000E+00 (0.0000E+00)  0.0000E+00 (0.0000E+00)
   13.4500  0.0000E+00 (0.0000E+00)  0.0000E+00 (0.0000E+00)  0.0000E+00 (0.0000E+00)
   13.5500  0.0000E+00 (0.0000E+00)  0.0000E+00 (0.0000E+00)  0.0000E+00 (0.0000E+00)
   13.6500  0.0000E+00 (0.0000E+00)  0.0000E+00 (0.0000E+00)  0.0000E+00 (0.0000E+00)
   13.7500  0.0000E+00 (0.0000E+00)  0.0000E+00 (0.0000E+00)  0.0000E+00 (0.0000E+00)
   13.8500  0.0000E+00 (0.0000E+00)  0.0000E+00 (0.0000E+00)  0.0000E+00 (0.0000E+00)
   13.9500  0.0000E+00 (0.0000E+00)  0.0000E+00 (0.0000E+00)  0.0000E+00 (0.0000E+00)
   14.0500  0.0000E+00 (0.0000E+00)  0.0000E+00 (0.0000E+00)  0.0000E+00 (0.0000E+00)
   14.1500  0.0000E+00 (0.0000E+00)  0.0000E+00 (0.0000E+00)  0.0000E+00 (0.0000E+00)
   14.2500  0.0000E+00 (0.0000E+00)  0.0000E+00 (0.0000E+00)  0.0000E+00 (0.0000E+00)
   14.3500  0.0000E+00 (0.0000E+00)  0.0000E+00 (0.0000E+00)  0.0000E+00 (0.0000E+00)
   14.4500  0.0000E+00 (0.0000E+00)  0.0000E+00 (0.0000E+00)  0.0000E+00 (0.0000E+00)
   14.5500  0.0000E+00 (0.0000E+00)  0.0000E+00 (0.0000E+00)  0.0000E+00 (0.0000E+00)
   14.6500  0.0000E+00 (0.0000E+00)  0.0000E+00 (0.0000E+00)  0.0000E+00 (0.0000E+00)
   14.7500  0.0000E+00 (0.0000E+00)  0.0000E+00 (0.0000E+00)  0.0000E+00 (0.0000E+00)
   14.8500  0.0000E+00 (0.0000E+00)  0.0000E+00 (0.0000E+00)  0.0000E+00 (0.0000E+00)
   14.9500  0.0000E+00 (0.0000E+00)  0.0000E+00 (0.0000E+00)  0.0000E+00 (0.0000E+00)
   15.0500  0.0000E+00 (0.0000E+00)  0.0000E+00 (0.0000E+00)  0.0000E+00 (0.0000E+00)
   15.1500  0.0000E+00 (0.0000E+00)  0.0000E+00 (0.0000E+00)  0.0000E+00 (0.0000E+00)
   15.2500  0.0000E+00 (0.0000E+00)  0.0000E+00 (0.0000E+00)  0.0000E+00 (0.0000E+00)
   15.3500  0.0000E+00 (0.0000E+00)  0.0000E+00 (0.0000E+00)  0.0000E+00 (0.0000E+00)
   15.4500  0.0000E+00 (0.0000E+00)  0.0000E+00 (0.0000E+00)  0.0000E+00 (0.0000E+00)
   15.5500  0.0000E+00 (0.0000E+00)  0.0000E+00 (0.0000E+00)  0.0000E+00 (0.0000E+00)
   15.6500  0.0000E+00 (0.0000E+00)  0.0000E+00 (0.0000E+00)  0.0000E+00 (0.0000E+00)
   15.7500  0.0000E+00 (0.0000E+00)  0.0000E+00 (0.0000E+00)  0.0000E+00 (0.0000E+00)
   15.8500  0.0000E+00 (0.0000E+00)  0.0000E+00 (0.0000E+00)  0.0000E+00 (0.0000E+00)
   15.9500  0.0000E+00 (0.0000E+00)  0.0000E+00 (0.0000E+00)  0.0000E+00 (0.0000E+00)
   16.0500  0.0000E+00 (0.0000E+00)  0.0000E+00 (0.0000E+00)  0.0000E+00 (0.0000E+00)
   16.1500  0.0000E+00 (0.0000E+00)  0.0000E+00 (0.0000E+00)  0.0000E+00 (0.0000E+00)
   16.2500  0.0000E+00 (0.0000E+00)  0.0000E+00 (0.0000E+00)  0.0000E+00 (0.0000E+00)
   16.3500  0.0000E+00 (0.0000E+00)  0.0000E+00 (0.0000E+00)  0.0000E+00 (0.0000E+00)
   16.4500  0.0000E+00 (0.0000E+00)  0.0000E+00 (0.0000E+00)  0.0000E+00 (0.0000E+00)
   16.5500  0.0000E+00 (0.0000E+00)  0.0000E+00 (0.0000E+00)  0.0000E+00 (0.0000E+00)
   16.6500  0.0000E+00 (0.0000E+00)  0.0000E+00 (0.0000E+00)  0.0000E+00 (0.0000E+00)
   16.7500  0.0000E+00 (0.0000E+00)  0.0000E+00 (0.0000E+00)  0.0000E+00 (0.0000E+00)
   16.8500  0.0000E+00 (0.0000E+00)  0.0000E+00 (0.0000E+00)  0.0000E+00 (0.0000E+00)
   16.9500  0.0000E+00 (0.0000E+00)  0.0000E+00 (0.0000E+00)  0.0000E+00 (0.0000E+00)
   17.0500  0.0000E+00 (0.0000E+00)  0.0000E+00 (0.0000E+00)  0.0000E+00 (0.0000E+00)
   17.1500  0.0000E+00 (0.0000E+00)  0.0000E+00 (0.0000E+00)  0.0000E+00 (0.0000E+00)
   17.2500  0.0000E+00 (0.0000E+00)  0.0000E+00 (0.0000E+00)  0.0000E+00 (0.0000E+00)
   17.3500  0.0000E+00 (0.0000E+00)  0.0000E+00 (0.0000E+00)  0.0000E+00 (0.0000E+00)
   17.4500  0.0000E+00 (0.0000E+00)  0.0000E+00 (0.0000E+00)  0.0000E+00 (0.0000E+00)
   17.5500  0.0000E+00 (0.0000E+00)  0.0000E+00 (0.0000E+00)  0.0000E+00 (0.0000E+00)
   17.6500  0.0000E+00 (0.0000E+00)  0.0000E+00 (0.0000E+00)  0.0000E+00 (0.0000E+00)
   17.7500  0.0000E+00 (0.0000E+00)  0.0000E+00 (0.0000E+00)  0.0000E+00 (0.0000E+00)
   17.8500  0.0000E+00 (0.0000E+00)  0.0000E+00 (0.0000E+00)  0.0000E+00 (0.0000E+00)
   17.9500  0.0000E+00 (0.0000E+00)  0.0000E+00 (0.0000E+00)  0.0000E+00 (0.0000E+00)
   18.0500  0.0000E+00 (0.0000E+00)  0.0000E+00 (0.0000E+00)  0.0000E+00 (0.0000E+00)
   18.1500  0.0000E+00 (0.0000E+00)  0.0000E+00 (0.0000E+00)  0.0000E+00 (0.0000E+00)
   18.2500  0.0000E+00 (0.0000E+00)  0.0000E+00 (0.0000E+00)  0.0000E+00 (0.0000E+00)
   18.3500  0.0000E+00 (0.0000E+00)  0.0000E+00 (0.0000E+00)  0.0000E+00 (0.0000E+00)
   18.4500  0.0000E+00 (0.0000E+00)  0.0000E+00 (0.0000E+00)  0.0000E+00 (0.0000E+00)
   18.5500  0.0000E+00 (0.0000E+00)  0.0000E+00 (0.0000E+00)  0.0000E+00 (0.0000E+00)
   18.6500  0.0000E+00 (0.0000E+00)  0.0000E+00 (0.0000E+00)  0.0000E+00 (0.0000E+00)
   18.7500  0.0000E+00 (0.0000E+00)  0.0000E+00 (0.0000E+00)  0.0000E+00 (0.0000E+00)
   18.8500  0.0000E+00 (0.0000E+00)  0.0000E+00 (0.0000E+00)  0.0000E+00 (0.0000E+00)
   18.9500  0.0000E+00 (0.0000E+00)  0.0000E+00 (0.0000E+00)  0.0000E+00 (0.0000E+00)
   19.0500  0.0000E+00 (0.0000E+00)  0.0000E+00 (0.0000E+00)  0.0000E+00 (0.0000E+00)
   19.1500  0.0000E+00 (0.0000E+00)  0.0000E+00 (0.0000E+00)  0.0000E+00 (0.0000E+00)
   19.2500  0.0000E+00 (0.0000E+00)  0.0000E+00 (0.0000E+00)  0.0000E+00 (0.0000E+00)
   19.3500  0.0000E+00 (0.0000E+00)  0.0000E+00 (0.0000E+00)  0.0000E+00 (0.0000E+00)
   19.4500  0.0000E+00 (0.0000E+00)  0.0000E+00 (0.0000E+00)  0.0000E+00 (0.0000E+00)
   19.5500  0.0000E+00 (0.0000E+00)  0.0000E+00 (0.0000E+00)  0.0000E+00 (0.0000E+00)
   19.6500  0.0000E+00 (0.0000E+00)  0.0000E+00 (0.0000E+00)  0.0000E+00 (0.0000E+00)
   19.7500  0.0000E+00 (0.0000E+00)  0.0000E+00 (0.0000E+00)  0.0000E+00 (0.0000E+00)
   19.8500  0.0000E+00 (0.0000E+00)  0.0000E+00 (0.0000E+00)  0.0000E+00 (0.0000E+00)
   19.9500  0.0000E+00 (0.0000E+00)  0.0000E+00 (0.0000E+00)  0.0000E+00 (0.0000E+00)
   --------------------------------------------------------------------
   R_ij (fm)      NN (S=1)                NP (S=1)               PP (S=1)
    0.0500  0.1111E-02 (0.4014E-03)  0.2107E+00 (0.5273E-01)  0.8037E-03 (0.3365E-03)
    0.1500  0.2105E-02 (0.2751E-03)  0.2188E+00 (0.2025E-01)  0.1571E-02 (0.2200E-03)
    0.2500  0.4389E-02 (0.3387E-03)  0.2283E+00 (0.1246E-01)  0.2962E-02 (0.2370E-03)
    0.3500  0.6511E-02 (0.3506E-03)  0.2245E+00 (0.8650E-02)  0.4320E-02 (0.2454E-03)
    0.4500  0.8295E-02 (0.3318E-03)  0.2193E+00 (0.6483E-02)  0.5734E-02 (0.2433E-03)
    0.5500  0.1088E-01 (0.3301E-03)  0.2294E+00 (0.5354E-02)  0.7681E-02 (0.2482E-03)
    0.6500  0.1348E-01 (0.3468E-03)  0.2428E+00 (0.4591E-02)  0.9250E-02 (0.2498E-03)
    0.7500  0.1640E-01 (0.3514E-03)  0.2501E+00 (0.4004E-02)  0.1146E-01 (0.2585E-03)
    0.8500  0.2016E-01 (0.3770E-03)  0.2610E+00 (0.3596E-02)  0.1410E-01 (0.2764E-03)
    0.9500  0.2457E-01 (0.3860E-03)  0.2757E+00 (0.3252E-02)  0.1703E-01 (0.2775E-03)
    1.0500  0.2803E-01 (0.3906E-03)  0.2736E+00 (0.2872E-02)  0.1965E-01 (0.2825E-03)
    1.1500  0.3268E-01 (0.4265E-03)  0.2697E+00 (0.2637E-02)  0.2291E-01 (0.3086E-03)
    1.2500  0.3626E-01 (0.4338E-03)  0.2583E+00 (0.2333E-02)  0.2528E-01 (0.3119E-03)
    1.3500  0.4120E-01 (0.4474E-03)  0.2498E+00 (0.2108E-02)  0.2829E-01 (0.3174E-03)
    1.4500  0.4512E-01 (0.4602E-03)  0.2395E+00 (0.1911E-02)  0.3112E-01 (0.3286E-03)
    1.5500  0.4733E-01 (0.4554E-03)  0.2220E+00 (0.1694E-02)  0.3264E-01 (0.3241E-03)
    1.6500  0.5045E-01 (0.4595E-03)  0.2088E+00 (0.1539E-02)  0.3474E-01 (0.3259E-03)
    1.7500  0.5141E-01 (0.4456E-03)  0.1916E+00 (0.1371E-02)  0.3516E-01 (0.3151E-03)
    1.8500  0.5301E-01 (0.4395E-03)  0.1790E+00 (0.1246E-02)  0.3583E-01 (0.3062E-03)
    1.9500  0.5407E-01 (0.4310E-03)  0.1668E+00 (0.1134E-02)  0.3657E-01 (0.2994E-03)
    2.0500  0.5367E-01 (0.4167E-03)  0.1541E+00 (0.1034E-02)  0.3637E-01 (0.2916E-03)
    2.1500  0.5259E-01 (0.3930E-03)  0.1414E+00 (0.9309E-03)  0.3559E-01 (0.2748E-03)
    2.2500  0.5347E-01 (0.3890E-03)  0.1352E+00 (0.8717E-03)  0.3616E-01 (0.2716E-03)
    2.3500  0.5117E-01 (0.3664E-03)  0.1231E+00 (0.7896E-03)  0.3458E-01 (0.2558E-03)
    2.4500  0.5046E-01 (0.3429E-03)  0.1162E+00 (0.7151E-03)  0.3403E-01 (0.2371E-03)
    2.5500  0.4855E-01 (0.3231E-03)  0.1075E+00 (0.6607E-03)  0.3294E-01 (0.2261E-03)
    2.6500  0.4704E-01 (0.3086E-03)  0.1002E+00 (0.6141E-03)  0.3190E-01 (0.2150E-03)
    2.7500  0.4508E-01 (0.2918E-03)  0.9364E-01 (0.5677E-03)  0.3051E-01 (0.2026E-03)
    2.8500  0.4323E-01 (0.2772E-03)  0.8768E-01 (0.5294E-03)  0.2950E-01 (0.1925E-03)
    2.9500  0.4077E-01 (0.2582E-03)  0.8044E-01 (0.4856E-03)  0.2766E-01 (0.1793E-03)
    3.0500  0.3908E-01 (0.2422E-03)  0.7569E-01 (0.4493E-03)  0.2655E-01 (0.1688E-03)
    3.1500  0.3649E-01 (0.2276E-03)  0.6975E-01 (0.4183E-03)  0.2501E-01 (0.1594E-03)
    3.2500  0.3463E-01 (0.2140E-03)  0.6541E-01 (0.3876E-03)  0.2364E-01 (0.1493E-03)
    3.3500  0.3219E-01 (0.2016E-03)  0.5982E-01 (0.3623E-03)  0.2194E-01 (0.1401E-03)
    3.4500  0.3013E-01 (0.1898E-03)  0.5563E-01 (0.3379E-03)  0.2056E-01 (0.1318E-03)
    3.5500  0.2771E-01 (0.1761E-03)  0.5063E-01 (0.3120E-03)  0.1901E-01 (0.1227E-03)
    3.6500  0.2580E-01 (0.1661E-03)  0.4688E-01 (0.2936E-03)  0.1769E-01 (0.1161E-03)
    3.7500  0.2377E-01 (0.1547E-03)  0.4307E-01 (0.2732E-03)  0.1636E-01 (0.1089E-03)
    3.8500  0.2129E-01 (0.1442E-03)  0.3858E-01 (0.2542E-03)  0.1472E-01 (0.1013E-03)
    3.9500  0.1945E-01 (0.1354E-03)  0.3507E-01 (0.2371E-03)  0.1339E-01 (0.9450E-04)
    4.0500  0.1794E-01 (0.1273E-03)  0.3228E-01 (0.2234E-03)  0.1233E-01 (0.8903E-04)
    4.1500  0.1619E-01 (0.1169E-03)  0.2916E-01 (0.2050E-03)  0.1118E-01 (0.8190E-04)
    4.2500  0.1464E-01 (0.1105E-03)  0.2633E-01 (0.1938E-03)  0.1007E-01 (0.7731E-04)
    4.3500  0.1312E-01 (0.1041E-03)  0.2360E-01 (0.1811E-03)  0.9030E-02 (0.7209E-04)
    4.4500  0.1174E-01 (0.9630E-04)  0.2119E-01 (0.1695E-03)  0.8092E-02 (0.6758E-04)
    4.5500  0.1035E-01 (0.8844E-04)  0.1872E-01 (0.1559E-03)  0.7138E-02 (0.6218E-04)
    4.6500  0.9119E-02 (0.8134E-04)  0.1650E-01 (0.1430E-03)  0.6282E-02 (0.5695E-04)
    4.7500  0.8171E-02 (0.7549E-04)  0.1483E-01 (0.1333E-03)  0.5597E-02 (0.5264E-04)
    4.8500  0.7223E-02 (0.7099E-04)  0.1309E-01 (0.1246E-03)  0.4913E-02 (0.4893E-04)
    4.9500  0.6313E-02 (0.6525E-04)  0.1151E-01 (0.1154E-03)  0.4319E-02 (0.4535E-04)
    5.0500  0.5464E-02 (0.5956E-04)  0.9950E-02 (0.1051E-03)  0.3708E-02 (0.4086E-04)
    5.1500  0.4856E-02 (0.5541E-04)  0.8916E-02 (0.9885E-04)  0.3296E-02 (0.3813E-04)
    5.2500  0.4173E-02 (0.5049E-04)  0.7637E-02 (0.8938E-04)  0.2797E-02 (0.3432E-04)
    5.3500  0.3611E-02 (0.4626E-04)  0.6659E-02 (0.8304E-04)  0.2432E-02 (0.3175E-04)
    5.4500  0.3118E-02 (0.4268E-04)  0.5745E-02 (0.7570E-04)  0.2077E-02 (0.2851E-04)
    5.5500  0.2609E-02 (0.3765E-04)  0.4856E-02 (0.6798E-04)  0.1755E-02 (0.2573E-04)
    5.6500  0.2215E-02 (0.3426E-04)  0.4136E-02 (0.6213E-04)  0.1469E-02 (0.2332E-04)
    5.7500  0.1978E-02 (0.3140E-04)  0.3706E-02 (0.5701E-04)  0.1313E-02 (0.2131E-04)
    5.8500  0.1628E-02 (0.2873E-04)  0.3058E-02 (0.5197E-04)  0.1072E-02 (0.1909E-04)
    5.9500  0.1392E-02 (0.2596E-04)  0.2611E-02 (0.4705E-04)  0.9122E-03 (0.1733E-04)
    6.0500  0.1164E-02 (0.2321E-04)  0.2192E-02 (0.4203E-04)  0.7533E-03 (0.1512E-04)
    6.1500  0.1004E-02 (0.2114E-04)  0.1907E-02 (0.3878E-04)  0.6443E-03 (0.1398E-04)
    6.2500  0.8481E-03 (0.1878E-04)  0.1623E-02 (0.3464E-04)  0.5485E-03 (0.1231E-04)
    6.3500  0.6870E-03 (0.1652E-04)  0.1303E-02 (0.3013E-04)  0.4345E-03 (0.1059E-04)
    6.4500  0.5783E-03 (0.1499E-04)  0.1106E-02 (0.2771E-04)  0.3692E-03 (0.9753E-05)
    6.5500  0.4637E-03 (0.1325E-04)  0.9049E-03 (0.2493E-04)  0.2976E-03 (0.8709E-05)
    6.6500  0.4015E-03 (0.1222E-04)  0.7821E-03 (0.2284E-04)  0.2459E-03 (0.7622E-05)
    6.7500  0.3287E-03 (0.1116E-04)  0.6258E-03 (0.2033E-04)  0.1997E-03 (0.6862E-05)
    6.8500  0.2711E-03 (0.9658E-05)  0.5307E-03 (0.1789E-04)  0.1640E-03 (0.5906E-05)
    6.9500  0.2176E-03 (0.8331E-05)  0.4239E-03 (0.1561E-04)  0.1300E-03 (0.5145E-05)
    7.0500  0.1845E-03 (0.7660E-05)  0.3636E-03 (0.1452E-04)  0.1083E-03 (0.4652E-05)
    7.1500  0.1494E-03 (0.6834E-05)  0.2959E-03 (0.1290E-04)  0.8788E-04 (0.4073E-05)
    7.2500  0.1326E-03 (0.6397E-05)  0.2594E-03 (0.1176E-04)  0.7209E-04 (0.3491E-05)
    7.3500  0.1023E-03 (0.5438E-05)  0.2038E-03 (0.1024E-04)  0.5781E-04 (0.3084E-05)
    7.4500  0.9014E-04 (0.5019E-05)  0.1811E-03 (0.9600E-05)  0.5004E-04 (0.2845E-05)
    7.5500  0.6346E-04 (0.4120E-05)  0.1294E-03 (0.7993E-05)  0.3546E-04 (0.2336E-05)
    7.6500  0.5970E-04 (0.4061E-05)  0.1190E-03 (0.7517E-05)  0.3047E-04 (0.2087E-05)
    7.7500  0.4271E-04 (0.3436E-05)  0.9000E-04 (0.6705E-05)  0.2326E-04 (0.1876E-05)
    7.8500  0.3545E-04 (0.3100E-05)  0.7017E-04 (0.5687E-05)  0.1772E-04 (0.1540E-05)
    7.9500  0.2792E-04 (0.2584E-05)  0.6005E-04 (0.5220E-05)  0.1443E-04 (0.1345E-05)
    8.0500  0.2253E-04 (0.2469E-05)  0.4689E-04 (0.4693E-05)  0.1090E-04 (0.1173E-05)
    8.1500  0.2241E-04 (0.2338E-05)  0.4572E-04 (0.4373E-05)  0.1050E-04 (0.1087E-05)
    8.2500  0.1467E-04 (0.1745E-05)  0.3137E-04 (0.3499E-05)  0.7433E-05 (0.9192E-06)
    8.3500  0.1250E-04 (0.1657E-05)  0.2492E-04 (0.3132E-05)  0.5651E-05 (0.7639E-06)
    8.4500  0.1138E-04 (0.1602E-05)  0.2533E-04 (0.3165E-05)  0.5966E-05 (0.7918E-06)
    8.5500  0.1134E-04 (0.1495E-05)  0.2409E-04 (0.2985E-05)  0.4569E-05 (0.6569E-06)
    8.6500  0.4865E-05 (0.8594E-06)  0.1268E-04 (0.2147E-05)  0.2736E-05 (0.5051E-06)
    8.7500  0.5993E-05 (0.1049E-05)  0.1269E-04 (0.2087E-05)  0.2619E-05 (0.4841E-06)
    8.8500  0.5079E-05 (0.9114E-06)  0.1186E-04 (0.2005E-05)  0.2477E-05 (0.4537E-06)
    8.9500  0.2412E-05 (0.7363E-06)  0.5670E-05 (0.1517E-05)  0.9256E-06 (0.2772E-06)
    9.0500  0.2478E-05 (0.6723E-06)  0.5217E-05 (0.1305E-05)  0.8227E-06 (0.2379E-06)
    9.1500  0.1834E-05 (0.5044E-06)  0.4874E-05 (0.1259E-05)  0.8017E-06 (0.2227E-06)
    9.2500  0.1647E-05 (0.4713E-06)  0.4688E-05 (0.1260E-05)  0.5914E-06 (0.1707E-06)
    9.3500  0.2102E-05 (0.5690E-06)  0.5732E-05 (0.1420E-05)  0.8351E-06 (0.2499E-06)
    9.4500  0.2412E-06 (0.1762E-06)  0.6040E-06 (0.4279E-06)  0.1340E-06 (0.9621E-07)
    9.5500  0.1037E-05 (0.3527E-06)  0.3080E-05 (0.9760E-06)  0.4214E-06 (0.1548E-06)
    9.6500  0.8232E-06 (0.4105E-06)  0.1483E-05 (0.6763E-06)  0.1648E-06 (0.1078E-06)
    9.7500  0.7610E-06 (0.3323E-06)  0.1702E-05 (0.6953E-06)  0.2150E-06 (0.1123E-06)
    9.8500  0.2090E-06 (0.1634E-06)  0.5417E-06 (0.3831E-06)  0.6736E-07 (0.4763E-07)
    9.9500  0.7281E-07 (0.5151E-07)  0.6404E-06 (0.4533E-06)  0.2830E-07 (0.2084E-07)
   10.0500  0.5524E-06 (0.2653E-06)  0.1676E-05 (0.6865E-06)  0.2446E-06 (0.1186E-06)
   10.1500  0.6402E-07 (0.6402E-07)  0.2832E-06 (0.2832E-06)  0.3745E-07 (0.3745E-07)
   10.2500  0.1005E-06 (0.8126E-07)  0.5848E-06 (0.4139E-06)  0.5150E-07 (0.4083E-07)
   10.3500  0.1791E-06 (0.1791E-06)  0.2361E-06 (0.2360E-06)  0.9757E-08 (0.9756E-08)
   10.4500  0.0000E+00 (0.0000E+00)  0.0000E+00 (0.0000E+00)  0.0000E+00 (0.0000E+00)
   10.5500  0.1541E-06 (0.8116E-07)  0.1105E-05 (0.5532E-06)  0.7380E-07 (0.4066E-07)
   10.6500  0.0000E+00 (0.0000E+00)  0.0000E+00 (0.0000E+00)  0.0000E+00 (0.0000E+00)
   10.7500  0.0000E+00 (0.0000E+00)  0.0000E+00 (0.0000E+00)  0.0000E+00 (0.0000E+00)
   10.8500  0.8265E-07 (0.8265E-07)  0.2610E-06 (0.2610E-06)  0.1247E-07 (0.1247E-07)
   10.9500  0.4359E-07 (0.3203E-07)  0.6044E-06 (0.4289E-06)  0.1955E-07 (0.1429E-07)
   11.0500  0.0000E+00 (0.0000E+00)  0.0000E+00 (0.0000E+00)  0.0000E+00 (0.0000E+00)
   11.1500  0.0000E+00 (0.0000E+00)  0.0000E+00 (0.0000E+00)  0.0000E+00 (0.0000E+00)
   11.2500  0.4103E-07 (0.2917E-07)  0.4706E-06 (0.3328E-06)  0.3367E-07 (0.2401E-07)
   11.3500  0.0000E+00 (0.0000E+00)  0.0000E+00 (0.0000E+00)  0.0000E+00 (0.0000E+00)
   11.4500  0.0000E+00 (0.0000E+00)  0.0000E+00 (0.0000E+00)  0.0000E+00 (0.0000E+00)
   11.5500  0.0000E+00 (0.0000E+00)  0.0000E+00 (0.0000E+00)  0.0000E+00 (0.0000E+00)
   11.6500  0.0000E+00 (0.0000E+00)  0.0000E+00 (0.0000E+00)  0.0000E+00 (0.0000E+00)
   11.7500  0.0000E+00 (0.0000E+00)  0.0000E+00 (0.0000E+00)  0.0000E+00 (0.0000E+00)
   11.8500  0.0000E+00 (0.0000E+00)  0.0000E+00 (0.0000E+00)  0.0000E+00 (0.0000E+00)
   11.9500  0.0000E+00 (0.0000E+00)  0.0000E+00 (0.0000E+00)  0.0000E+00 (0.0000E+00)
   12.0500  0.0000E+00 (0.0000E+00)  0.0000E+00 (0.0000E+00)  0.0000E+00 (0.0000E+00)
   12.1500  0.0000E+00 (0.0000E+00)  0.0000E+00 (0.0000E+00)  0.0000E+00 (0.0000E+00)
   12.2500  0.0000E+00 (0.0000E+00)  0.0000E+00 (0.0000E+00)  0.0000E+00 (0.0000E+00)
   12.3500  0.0000E+00 (0.0000E+00)  0.0000E+00 (0.0000E+00)  0.0000E+00 (0.0000E+00)
   12.4500  0.0000E+00 (0.0000E+00)  0.0000E+00 (0.0000E+00)  0.0000E+00 (0.0000E+00)
   12.5500  0.0000E+00 (0.0000E+00)  0.0000E+00 (0.0000E+00)  0.0000E+00 (0.0000E+00)
   12.6500  0.0000E+00 (0.0000E+00)  0.0000E+00 (0.0000E+00)  0.0000E+00 (0.0000E+00)
   12.7500  0.0000E+00 (0.0000E+00)  0.0000E+00 (0.0000E+00)  0.0000E+00 (0.0000E+00)
   12.8500  0.0000E+00 (0.0000E+00)  0.0000E+00 (0.0000E+00)  0.0000E+00 (0.0000E+00)
   12.9500  0.0000E+00 (0.0000E+00)  0.0000E+00 (0.0000E+00)  0.0000E+00 (0.0000E+00)
   13.0500  0.0000E+00 (0.0000E+00)  0.0000E+00 (0.0000E+00)  0.0000E+00 (0.0000E+00)
   13.1500  0.0000E+00 (0.0000E+00)  0.0000E+00 (0.0000E+00)  0.0000E+00 (0.0000E+00)
   13.2500  0.0000E+00 (0.0000E+00)  0.0000E+00 (0.0000E+00)  0.0000E+00 (0.0000E+00)
   13.3500  0.0000E+00 (0.0000E+00)  0.0000E+00 (0.0000E+00)  0.0000E+00 (0.0000E+00)
   13.4500  0.0000E+00 (0.0000E+00)  0.0000E+00 (0.0000E+00)  0.0000E+00 (0.0000E+00)
   13.5500  0.0000E+00 (0.0000E+00)  0.0000E+00 (0.0000E+00)  0.0000E+00 (0.0000E+00)
   13.6500  0.0000E+00 (0.0000E+00)  0.0000E+00 (0.0000E+00)  0.0000E+00 (0.0000E+00)
   13.7500  0.0000E+00 (0.0000E+00)  0.0000E+00 (0.0000E+00)  0.0000E+00 (0.0000E+00)
   13.8500  0.0000E+00 (0.0000E+00)  0.0000E+00 (0.0000E+00)  0.0000E+00 (0.0000E+00)
   13.9500  0.0000E+00 (0.0000E+00)  0.0000E+00 (0.0000E+00)  0.0000E+00 (0.0000E+00)
   14.0500  0.0000E+00 (0.0000E+00)  0.0000E+00 (0.0000E+00)  0.0000E+00 (0.0000E+00)
   14.1500  0.0000E+00 (0.0000E+00)  0.0000E+00 (0.0000E+00)  0.0000E+00 (0.0000E+00)
   14.2500  0.0000E+00 (0.0000E+00)  0.0000E+00 (0.0000E+00)  0.0000E+00 (0.0000E+00)
   14.3500  0.0000E+00 (0.0000E+00)  0.0000E+00 (0.0000E+00)  0.0000E+00 (0.0000E+00)
   14.4500  0.0000E+00 (0.0000E+00)  0.0000E+00 (0.0000E+00)  0.0000E+00 (0.0000E+00)
   14.5500  0.0000E+00 (0.0000E+00)  0.0000E+00 (0.0000E+00)  0.0000E+00 (0.0000E+00)
   14.6500  0.0000E+00 (0.0000E+00)  0.0000E+00 (0.0000E+00)  0.0000E+00 (0.0000E+00)
   14.7500  0.0000E+00 (0.0000E+00)  0.0000E+00 (0.0000E+00)  0.0000E+00 (0.0000E+00)
   14.8500  0.0000E+00 (0.0000E+00)  0.0000E+00 (0.0000E+00)  0.0000E+00 (0.0000E+00)
   14.9500  0.0000E+00 (0.0000E+00)  0.0000E+00 (0.0000E+00)  0.0000E+00 (0.0000E+00)
   15.0500  0.0000E+00 (0.0000E+00)  0.0000E+00 (0.0000E+00)  0.0000E+00 (0.0000E+00)
   15.1500  0.0000E+00 (0.0000E+00)  0.0000E+00 (0.0000E+00)  0.0000E+00 (0.0000E+00)
   15.2500  0.0000E+00 (0.0000E+00)  0.0000E+00 (0.0000E+00)  0.0000E+00 (0.0000E+00)
   15.3500  0.0000E+00 (0.0000E+00)  0.0000E+00 (0.0000E+00)  0.0000E+00 (0.0000E+00)
   15.4500  0.0000E+00 (0.0000E+00)  0.0000E+00 (0.0000E+00)  0.0000E+00 (0.0000E+00)
   15.5500  0.0000E+00 (0.0000E+00)  0.0000E+00 (0.0000E+00)  0.0000E+00 (0.0000E+00)
   15.6500  0.0000E+00 (0.0000E+00)  0.0000E+00 (0.0000E+00)  0.0000E+00 (0.0000E+00)
   15.7500  0.0000E+00 (0.0000E+00)  0.0000E+00 (0.0000E+00)  0.0000E+00 (0.0000E+00)
   15.8500  0.0000E+00 (0.0000E+00)  0.0000E+00 (0.0000E+00)  0.0000E+00 (0.0000E+00)
   15.9500  0.0000E+00 (0.0000E+00)  0.0000E+00 (0.0000E+00)  0.0000E+00 (0.0000E+00)
   16.0500  0.0000E+00 (0.0000E+00)  0.0000E+00 (0.0000E+00)  0.0000E+00 (0.0000E+00)
   16.1500  0.0000E+00 (0.0000E+00)  0.0000E+00 (0.0000E+00)  0.0000E+00 (0.0000E+00)
   16.2500  0.0000E+00 (0.0000E+00)  0.0000E+00 (0.0000E+00)  0.0000E+00 (0.0000E+00)
   16.3500  0.0000E+00 (0.0000E+00)  0.0000E+00 (0.0000E+00)  0.0000E+00 (0.0000E+00)
   16.4500  0.0000E+00 (0.0000E+00)  0.0000E+00 (0.0000E+00)  0.0000E+00 (0.0000E+00)
   16.5500  0.0000E+00 (0.0000E+00)  0.0000E+00 (0.0000E+00)  0.0000E+00 (0.0000E+00)
   16.6500  0.0000E+00 (0.0000E+00)  0.0000E+00 (0.0000E+00)  0.0000E+00 (0.0000E+00)
   16.7500  0.0000E+00 (0.0000E+00)  0.0000E+00 (0.0000E+00)  0.0000E+00 (0.0000E+00)
   16.8500  0.0000E+00 (0.0000E+00)  0.0000E+00 (0.0000E+00)  0.0000E+00 (0.0000E+00)
   16.9500  0.0000E+00 (0.0000E+00)  0.0000E+00 (0.0000E+00)  0.0000E+00 (0.0000E+00)
   17.0500  0.0000E+00 (0.0000E+00)  0.0000E+00 (0.0000E+00)  0.0000E+00 (0.0000E+00)
   17.1500  0.0000E+00 (0.0000E+00)  0.0000E+00 (0.0000E+00)  0.0000E+00 (0.0000E+00)
   17.2500  0.0000E+00 (0.0000E+00)  0.0000E+00 (0.0000E+00)  0.0000E+00 (0.0000E+00)
   17.3500  0.0000E+00 (0.0000E+00)  0.0000E+00 (0.0000E+00)  0.0000E+00 (0.0000E+00)
   17.4500  0.0000E+00 (0.0000E+00)  0.0000E+00 (0.0000E+00)  0.0000E+00 (0.0000E+00)
   17.5500  0.0000E+00 (0.0000E+00)  0.0000E+00 (0.0000E+00)  0.0000E+00 (0.0000E+00)
   17.6500  0.0000E+00 (0.0000E+00)  0.0000E+00 (0.0000E+00)  0.0000E+00 (0.0000E+00)
   17.7500  0.0000E+00 (0.0000E+00)  0.0000E+00 (0.0000E+00)  0.0000E+00 (0.0000E+00)
   17.8500  0.0000E+00 (0.0000E+00)  0.0000E+00 (0.0000E+00)  0.0000E+00 (0.0000E+00)
   17.9500  0.0000E+00 (0.0000E+00)  0.0000E+00 (0.0000E+00)  0.0000E+00 (0.0000E+00)
   18.0500  0.0000E+00 (0.0000E+00)  0.0000E+00 (0.0000E+00)  0.0000E+00 (0.0000E+00)
   18.1500  0.0000E+00 (0.0000E+00)  0.0000E+00 (0.0000E+00)  0.0000E+00 (0.0000E+00)
   18.2500  0.0000E+00 (0.0000E+00)  0.0000E+00 (0.0000E+00)  0.0000E+00 (0.0000E+00)
   18.3500  0.0000E+00 (0.0000E+00)  0.0000E+00 (0.0000E+00)  0.0000E+00 (0.0000E+00)
   18.4500  0.0000E+00 (0.0000E+00)  0.0000E+00 (0.0000E+00)  0.0000E+00 (0.0000E+00)
   18.5500  0.0000E+00 (0.0000E+00)  0.0000E+00 (0.0000E+00)  0.0000E+00 (0.0000E+00)
   18.6500  0.0000E+00 (0.0000E+00)  0.0000E+00 (0.0000E+00)  0.0000E+00 (0.0000E+00)
   18.7500  0.0000E+00 (0.0000E+00)  0.0000E+00 (0.0000E+00)  0.0000E+00 (0.0000E+00)
   18.8500  0.0000E+00 (0.0000E+00)  0.0000E+00 (0.0000E+00)  0.0000E+00 (0.0000E+00)
   18.9500  0.0000E+00 (0.0000E+00)  0.0000E+00 (0.0000E+00)  0.0000E+00 (0.0000E+00)
   19.0500  0.0000E+00 (0.0000E+00)  0.0000E+00 (0.0000E+00)  0.0000E+00 (0.0000E+00)
   19.1500  0.0000E+00 (0.0000E+00)  0.0000E+00 (0.0000E+00)  0.0000E+00 (0.0000E+00)
   19.2500  0.0000E+00 (0.0000E+00)  0.0000E+00 (0.0000E+00)  0.0000E+00 (0.0000E+00)
   19.3500  0.0000E+00 (0.0000E+00)  0.0000E+00 (0.0000E+00)  0.0000E+00 (0.0000E+00)
   19.4500  0.0000E+00 (0.0000E+00)  0.0000E+00 (0.0000E+00)  0.0000E+00 (0.0000E+00)
   19.5500  0.0000E+00 (0.0000E+00)  0.0000E+00 (0.0000E+00)  0.0000E+00 (0.0000E+00)
   19.6500  0.0000E+00 (0.0000E+00)  0.0000E+00 (0.0000E+00)  0.0000E+00 (0.0000E+00)
   19.7500  0.0000E+00 (0.0000E+00)  0.0000E+00 (0.0000E+00)  0.0000E+00 (0.0000E+00)
   19.8500  0.0000E+00 (0.0000E+00)  0.0000E+00 (0.0000E+00)  0.0000E+00 (0.0000E+00)
   19.9500  0.0000E+00 (0.0000E+00)  0.0000E+00 (0.0000E+00)  0.0000E+00 (0.0000E+00)
   --------------------------------------------------------------------
                           PARTICLE COUNTS
   --------------------------------------------------------------------
  NEUTRON-DOWN            NEUTRON-UP             NEUTRONS
    3.6513 (0.9265E-02)     3.3487 (0.8372E-02)     7.0000 (0.1249E-01)
  PROTON-DOWN             PROTON-UP              PROTONS 
    2.9916 (0.7436E-02)     3.0084 (0.7478E-02)     6.0000 (0.1055E-01)
  DOWN PARTICLES          UP PARTICLES           PARTICLES 
    6.6429 (0.1188E-01)     6.3571 (0.1122E-01)    13.0000 (0.1634E-01)
   --------------------------------------------------------------------
                           PAIR COUNTS
   --------------------------------------------------------------------
  NN (S=0)                NN (S=1)               NN PAIRS
    7.0915 (0.7684E-02)    13.9085 (0.1584E-01)    21.0000 (0.1760E-01)
  NP (S=0)                NP (S=1)               NP PAIRS
   10.1065 (0.1053E-01)    31.8935 (0.3329E-01)    42.0000 (0.3491E-01)
  PP (S=0)                PP (S=1)               PP PAIRS
    5.5360 (0.6110E-02)     9.4640 (0.1100E-01)    15.0000 (0.1258E-01)
  S=0 PAIRS               S=1 PAIRS              PAIRS
   22.7340 (0.1439E-01)    55.2660 (0.3847E-01)    78.0000 (0.4107E-01)
   --------------------------------------------------------------------

                H =     -67.4830 (0.1828)

                Ti =    331.3154 (0.5829)

                Vij =  -396.6031 (0.5212)

                Vijk =  -10.4962 (0.0927)

                Vem =     8.3009 (0.0032)
  ----
  T(ci)     = 331.3374 (0.5829)  T(csb)    =  -0.0220 (0.0000)
  ----
  CENTRAL   =-110.2965 (0.5240)  T         =  78.3565 (0.4942)
  S         = -14.9082 (0.2076)  S.T       = -77.8648 (0.0989)
  TNSR      = -36.2036 (0.0783)  TNSR.T    =-306.6102 (0.4374)
  L.S       =  25.5160 (0.0854)  (L.S).T   =   4.8960 (0.0257)
  L^2       =  57.0123 (0.2009)  L^2.T     =   0.0000 (0.0000)
  L^2.S     =   3.8353 (0.0124)  L^2.S.T   =   0.0000 (0.0000)
  (L.S)^2   = -20.2739 (0.0580)  (L.S)^2.T =   0.0000 (0.0000)
  CD        =   0.0000 (0.0000)  CD.S      =   0.0000 (0.0000)
  CD.TNSR   =  -0.0000 (0.0000)  (L.S).CD  =   0.0000 (0.0000)
  CSB       =  -0.0617 (0.0003)  CSB.S     =   0.0000 (0.0000)
  CSB.TNSR  =   0.0000 (0.0000)  (L.S).CSB =   0.0000 (0.0000)
  ----
  2PI-AC    =  -5.7362 (0.0528)  2PI-C     = -10.1705 (0.0331)
  V3U       =   0.0000 (0.0000)  CD        =   3.8215 (0.0106)
  CE        =   1.1925 (0.0112)  2PI-SWAVE =   0.3965 (0.0023)
  v3b7      =   0.0000 (0.0000)  v3b8      =   0.0000 (0.0000)
  ----
  COULOMB   =   7.8141 (0.0026)  DF        =  -0.0136 (0.0000)
  C2   (pp) =  -0.0053 (0.0000)  VP        =   0.0444 (0.0000)
  C1   (np) =   0.1006 (0.0002)  S    (pp) =   0.1358 (0.0004)
  S    (np) =   0.0734 (0.0002)  S    (nn) =   0.0402 (0.0002)
  TNSR (pp) =   0.0124 (0.0000)  TNSR (np) =   0.0082 (0.0000)
  TNSR (nn) =   0.1298 (0.0001)  L.S  (pp) =   0.0145 (0.0000)
  L.S  (nn) =   0.0000 (0.0000)  L.S  (np) =  -0.0536 (0.0001)

  POINT NEUTRON RMS RADIUS =  2.3657 (0.0010)
  POINT PROTON  RMS RADIUS =  2.3254 (0.0010)

  NEUTRON MAGNETIC MOMENT CONTRIBUTION =  0.5790 (0.0026)
  PROTON  MAGNETIC MOMENT CONTRIBUTION =  0.0468 (0.0004)
  ORBITAL MAGNETIC MOMENT CONTRIBUTION =  0.3989 (0.0005)
  MAGNETIC MOMENT                      =  1.0247 (0.0032)

  CHARGE SYMMETRIC NEUTRON MAGNETIC MOMENT CONTRIBUTION = -0.0321 (0.0002)
  CHARGE SYMMETRIC PROTON  MAGNETIC MOMENT CONTRIBUTION = -0.8452 (0.0038)
  CHARGE SYMMETRIC ORBITAL MAGNETIC MOMENT CONTRIBUTION =  0.2440 (0.0003)
  CHARGE SYMMETRIC MAGNETIC MOMENT                      = -0.6333 (0.0037)
 ************************************************************************
                      -------------
                      TOTAL AVERAGE
                      -------------
                    BLOCKS:         1
                    SAMPLES:    12288

 ************************************************************************
   --------------------------------------------------------------------
                   SAMPLE COUNT DISTRIBUTIONS
   --------------------------------------------------------------------
    R (fm)      N(R_i)     N(R_ij)
    0.0500          3         16
    0.1500         34        117
    0.2500        116        341
    0.3500        241        675
    0.4500        434       1138
    0.5500        667       1839
    0.6500       1086       2803
    0.7500       1501       3952
    0.8500       2019       5441
    0.9500       2598       7316
    1.0500       3235       9047
    1.1500       4010      10907
    1.2500       4660      12538
    1.3500       5432      14444
    1.4500       6024      16269
    1.5500       6554      17558
    1.6500       7040      19102
    1.7500       7525      20099
    1.8500       7728      21360
    1.9500       7946      22524
    2.0500       7979      23343
    2.1500       8070      23897
    2.2500       7727      25373
    2.3500       7414      25484
    2.4500       6902      26405
    2.5500       6526      26730
    2.6500       6112      27152
    2.7500       5424      27500
    2.8500       4930      27846
    2.9500       4443      27540
    3.0500       3896      27840
    3.1500       3410      27484
    3.2500       2888      27510
    3.3500       2580      26853
    3.4500       2113      26530
    3.5500       1764      25661
    3.6500       1509      25148
    3.7500       1403      24423
    3.8500       1060      23074
    3.9500        832      22101
    4.0500        773      21398
    4.1500        592      20307
    4.2500        492      19236
    4.3500        440      18065
    4.4500        266      16971
    4.5500        272      15665
    4.6500        223      14421
    4.7500        185      13515
    4.8500        142      12429
    4.9500        103      11379
    5.0500         90      10236
    5.1500         59       9522
    5.2500         47       8475
    5.3500         46       7667
    5.4500         35       6858
    5.5500         19       6007
    5.6500         23       5292
    5.7500         20       4909
    5.8500         20       4188
    5.9500         15       3698
    6.0500          5       3205
    6.1500          7       2874
    6.2500          8       2524
    6.3500          7       2093
    6.4500          8       1830
    6.5500          4       1538
    6.6500          1       1367
    6.7500          1       1131
    6.8500          1        983
    6.9500          1        808
    7.0500          0        710
    7.1500          2        594
    7.2500          0        534
    7.3500          0        431
    7.4500          0        392
    7.5500          0        287
    7.6500          2        271
    7.7500          0        209
    7.8500          0        168
    7.9500          0        145
    8.0500          0        117
    8.1500          0        117
    8.2500          0         82
    8.3500          0         67
    8.4500          0         69
    8.5500          0         67
    8.6500          0         35
    8.7500          0         37
    8.8500          0         35
    8.9500          0         17
    9.0500          0         16
    9.1500          0         15
    9.2500          0         14
    9.3500          0         18
    9.4500          0          2
    9.5500          0         10
    9.6500          0          5
    9.7500          0          6
    9.8500          0          2
    9.9500          0          2
   10.0500          0          6
   10.1500          0          1
   10.2500          0          2
   10.3500          0          1
   10.4500          0          0
   10.5500          0          4
   10.6500          0          0
   10.7500          0          0
   10.8500          0          1
   10.9500          0          2
   11.0500          0          0
   11.1500          0          0
   11.2500          0          2
   11.3500          0          0
   11.4500          0          0
   11.5500          0          0
   11.6500          0          0
   11.7500          0          0
   11.8500          0          0
   11.9500          0          0
   12.0500          0          0
   12.1500          0          0
   12.2500          0          0
   12.3500          0          0
   12.4500          0          0
   12.5500          0          0
   12.6500          0          0
   12.7500          0          0
   12.8500          0          0
   12.9500          0          0
   13.0500          0          0
   13.1500          0          0
   13.2500          0          0
   13.3500          0          0
   13.4500          0          0
   13.5500          0          0
   13.6500          0          0
   13.7500          0          0
   13.8500          0          0
   13.9500          0          0
   14.0500          0          0
   14.1500          0          0
   14.2500          0          0
   14.3500          0          0
   14.4500          0          0
   14.5500          0          0
   14.6500          0          0
   14.7500          0          0
   14.8500          0          0
   14.9500          0          0
   15.0500          0          0
   15.1500          0          0
   15.2500          0          0
   15.3500          0          0
   15.4500          0          0
   15.5500          0          0
   15.6500          0          0
   15.7500          0          0
   15.8500          0          0
   15.9500          0          0
   16.0500          0          0
   16.1500          0          0
   16.2500          0          0
   16.3500          0          0
   16.4500          0          0
   16.5500          0          0
   16.6500          0          0
   16.7500          0          0
   16.8500          0          0
   16.9500          0          0
   17.0500          0          0
   17.1500          0          0
   17.2500          0          0
   17.3500          0          0
   17.4500          0          0
   17.5500          0          0
   17.6500          0          0
   17.7500          0          0
   17.8500          0          0
   17.9500          0          0
   18.0500          0          0
   18.1500          0          0
   18.2500          0          0
   18.3500          0          0
   18.4500          0          0
   18.5500          0          0
   18.6500          0          0
   18.7500          0          0
   18.8500          0          0
   18.9500          0          0
   19.0500          0          0
   19.1500          0          0
   19.2500          0          0
   19.3500          0          0
   19.4500          0          0
   19.5500          0          0
   19.6500          0          0
   19.7500          0          0
   19.8500          0          0
   19.9500          0          0
   --------------------------------------------------------------------
                   ONE-BODY R-SPACE DISTRIBUTIONS
   --------------------------------------------------------------------
   R_i (fm)     NEUTRON-DOWN             NEUTRON-UP               PROTON-DOWN              PROTON-UP
    0.0500  0.1387E-01 (0.8018E-02)  0.1468E-01 (0.8484E-02)  0.1383E-01 (0.7991E-02)  0.1590E-01 (0.9189E-02)
    0.1500  0.2331E-01 (0.3998E-02)  0.2335E-01 (0.4002E-02)  0.2234E-01 (0.3828E-02)  0.2537E-01 (0.4349E-02)
    0.2500  0.2965E-01 (0.2743E-02)  0.2947E-01 (0.2726E-02)  0.2801E-01 (0.2591E-02)  0.3148E-01 (0.2913E-02)
    0.3500  0.3177E-01 (0.2039E-02)  0.3166E-01 (0.2030E-02)  0.2999E-01 (0.1923E-02)  0.3313E-01 (0.2125E-02)
    0.4500  0.3554E-01 (0.1698E-02)  0.3429E-01 (0.1635E-02)  0.3251E-01 (0.1549E-02)  0.3589E-01 (0.1713E-02)
    0.5500  0.3705E-01 (0.1450E-02)  0.3550E-01 (0.1382E-02)  0.3349E-01 (0.1304E-02)  0.3635E-01 (0.1416E-02)
    0.6500  0.4357E-01 (0.1317E-02)  0.4149E-01 (0.1247E-02)  0.3899E-01 (0.1169E-02)  0.4209E-01 (0.1263E-02)
    0.7500  0.4611E-01 (0.1196E-02)  0.4331E-01 (0.1118E-02)  0.4037E-01 (0.1040E-02)  0.4277E-01 (0.1104E-02)
    0.8500  0.4900E-01 (0.1096E-02)  0.4518E-01 (0.1000E-02)  0.4223E-01 (0.9314E-03)  0.4436E-01 (0.9800E-03)
    0.9500  0.5084E-01 (0.1006E-02)  0.4685E-01 (0.9204E-03)  0.4338E-01 (0.8483E-03)  0.4518E-01 (0.8881E-03)
    1.0500  0.5192E-01 (0.9245E-03)  0.4761E-01 (0.8382E-03)  0.4428E-01 (0.7783E-03)  0.4607E-01 (0.8111E-03)
    1.1500  0.5409E-01 (0.8573E-03)  0.4930E-01 (0.7744E-03)  0.4572E-01 (0.7145E-03)  0.4713E-01 (0.7385E-03)
    1.2500  0.5323E-01 (0.7850E-03)  0.4890E-01 (0.7144E-03)  0.4491E-01 (0.6530E-03)  0.4600E-01 (0.6702E-03)
    1.3500  0.5370E-01 (0.7305E-03)  0.4877E-01 (0.6554E-03)  0.4477E-01 (0.5983E-03)  0.4569E-01 (0.6121E-03)
    1.4500  0.5135E-01 (0.6696E-03)  0.4699E-01 (0.6042E-03)  0.4323E-01 (0.5528E-03)  0.4391E-01 (0.5619E-03)
    1.5500  0.4897E-01 (0.6110E-03)  0.4499E-01 (0.5588E-03)  0.4107E-01 (0.5057E-03)  0.4158E-01 (0.5118E-03)
    1.6500  0.4647E-01 (0.5654E-03)  0.4289E-01 (0.5142E-03)  0.3888E-01 (0.4633E-03)  0.3918E-01 (0.4675E-03)
    1.7500  0.4433E-01 (0.5142E-03)  0.4071E-01 (0.4690E-03)  0.3693E-01 (0.4212E-03)  0.3711E-01 (0.4228E-03)
    1.8500  0.4091E-01 (0.4624E-03)  0.3731E-01 (0.4176E-03)  0.3394E-01 (0.3776E-03)  0.3404E-01 (0.3785E-03)
    1.9500  0.3765E-01 (0.4223E-03)  0.3472E-01 (0.3829E-03)  0.3148E-01 (0.3445E-03)  0.3145E-01 (0.3439E-03)
    2.0500  0.3425E-01 (0.3823E-03)  0.3169E-01 (0.3500E-03)  0.2854E-01 (0.3126E-03)  0.2846E-01 (0.3119E-03)
    2.1500  0.3160E-01 (0.3539E-03)  0.2898E-01 (0.3189E-03)  0.2628E-01 (0.2867E-03)  0.2617E-01 (0.2854E-03)
    2.2500  0.2756E-01 (0.3182E-03)  0.2554E-01 (0.2906E-03)  0.2291E-01 (0.2584E-03)  0.2282E-01 (0.2572E-03)
    2.3500  0.2446E-01 (0.2863E-03)  0.2242E-01 (0.2585E-03)  0.2007E-01 (0.2309E-03)  0.1997E-01 (0.2295E-03)
    2.4500  0.2091E-01 (0.2551E-03)  0.1928E-01 (0.2308E-03)  0.1717E-01 (0.2047E-03)  0.1709E-01 (0.2035E-03)
    2.5500  0.1823E-01 (0.2281E-03)  0.1691E-01 (0.2078E-03)  0.1496E-01 (0.1831E-03)  0.1489E-01 (0.1820E-03)
    2.6500  0.1587E-01 (0.2054E-03)  0.1460E-01 (0.1864E-03)  0.1298E-01 (0.1650E-03)  0.1290E-01 (0.1638E-03)
    2.7500  0.1313E-01 (0.1793E-03)  0.1208E-01 (0.1622E-03)  0.1065E-01 (0.1430E-03)  0.1059E-01 (0.1418E-03)
    2.8500  0.1114E-01 (0.1621E-03)  0.1023E-01 (0.1463E-03)  0.8998E-02 (0.1282E-03)  0.8937E-02 (0.1271E-03)
    2.9500  0.9361E-02 (0.1440E-03)  0.8648E-02 (0.1308E-03)  0.7544E-02 (0.1138E-03)  0.7507E-02 (0.1132E-03)
    3.0500  0.7739E-02 (0.1263E-03)  0.7092E-02 (0.1135E-03)  0.6159E-02 (0.9833E-04)  0.6131E-02 (0.9766E-04)
    3.1500  0.6309E-02 (0.1101E-03)  0.5838E-02 (0.1004E-03)  0.5072E-02 (0.8656E-04)  0.5035E-02 (0.8582E-04)
    3.2500  0.5124E-02 (0.9917E-04)  0.4663E-02 (0.8908E-04)  0.3975E-02 (0.7570E-04)  0.3943E-02 (0.7496E-04)
    3.3500  0.4326E-02 (0.8878E-04)  0.3901E-02 (0.7832E-04)  0.3335E-02 (0.6679E-04)  0.3325E-02 (0.6643E-04)
    3.4500  0.3337E-02 (0.7446E-04)  0.3024E-02 (0.6612E-04)  0.2573E-02 (0.5610E-04)  0.2561E-02 (0.5573E-04)
    3.5500  0.2649E-02 (0.6520E-04)  0.2379E-02 (0.5747E-04)  0.2023E-02 (0.4873E-04)  0.2012E-02 (0.4836E-04)
    3.6500  0.2168E-02 (0.5853E-04)  0.1944E-02 (0.5110E-04)  0.1609E-02 (0.4241E-04)  0.1614E-02 (0.4241E-04)
    3.7500  0.1910E-02 (0.5317E-04)  0.1723E-02 (0.4740E-04)  0.1415E-02 (0.3861E-04)  0.1412E-02 (0.3845E-04)
    3.8500  0.1370E-02 (0.4468E-04)  0.1226E-02 (0.3898E-04)  0.1021E-02 (0.3246E-04)  0.1015E-02 (0.3218E-04)
    3.9500  0.1030E-02 (0.3704E-04)  0.9235E-03 (0.3269E-04)  0.7515E-03 (0.2660E-04)  0.7482E-03 (0.2644E-04)
    4.0500  0.9171E-03 (0.3566E-04)  0.8149E-03 (0.3061E-04)  0.6609E-03 (0.2489E-04)  0.6589E-03 (0.2481E-04)
    4.1500  0.6934E-03 (0.3001E-04)  0.5913E-03 (0.2479E-04)  0.4703E-03 (0.1976E-04)  0.4709E-03 (0.1970E-04)
    4.2500  0.5443E-03 (0.2590E-04)  0.4865E-03 (0.2280E-04)  0.3663E-03 (0.1703E-04)  0.3669E-03 (0.1700E-04)
    4.3500  0.4659E-03 (0.2344E-04)  0.4014E-03 (0.1956E-04)  0.3205E-03 (0.1556E-04)  0.3179E-03 (0.1540E-04)
    4.4500  0.2727E-03 (0.1774E-04)  0.2337E-03 (0.1486E-04)  0.1822E-03 (0.1156E-04)  0.1812E-03 (0.1148E-04)
    4.5500  0.2689E-03 (0.1758E-04)  0.2318E-03 (0.1464E-04)  0.1751E-03 (0.1101E-04)  0.1749E-03 (0.1096E-04)
    4.6500  0.2076E-03 (0.1455E-04)  0.1842E-03 (0.1283E-04)  0.1378E-03 (0.9432E-05)  0.1383E-03 (0.9443E-05)
    4.7500  0.1678E-03 (0.1312E-04)  0.1455E-03 (0.1110E-04)  0.1086E-03 (0.8263E-05)  0.1092E-03 (0.8278E-05)
    4.8500  0.1294E-03 (0.1147E-04)  0.1081E-03 (0.9453E-05)  0.7645E-04 (0.6650E-05)  0.7706E-04 (0.6682E-05)
    4.9500  0.9245E-04 (0.9773E-05)  0.7371E-04 (0.7591E-05)  0.5299E-04 (0.5499E-05)  0.5308E-04 (0.5480E-05)
    5.0500  0.7688E-04 (0.8723E-05)  0.5957E-04 (0.6520E-05)  0.4570E-04 (0.4989E-05)  0.4639E-04 (0.5055E-05)
    5.1500  0.4732E-04 (0.6439E-05)  0.4025E-04 (0.5479E-05)  0.2794E-04 (0.3760E-05)  0.2855E-04 (0.3833E-05)
    5.2500  0.3618E-04 (0.5604E-05)  0.3064E-04 (0.4541E-05)  0.2176E-04 (0.3298E-05)  0.2185E-04 (0.3307E-05)
    5.3500  0.3455E-04 (0.5356E-05)  0.2834E-04 (0.4318E-05)  0.2045E-04 (0.3101E-05)  0.2074E-04 (0.3133E-05)
    5.4500  0.2773E-04 (0.5074E-05)  0.2073E-04 (0.3694E-05)  0.1377E-04 (0.2460E-05)  0.1407E-04 (0.2507E-05)
    5.5500  0.1255E-04 (0.2989E-05)  0.1170E-04 (0.2786E-05)  0.7748E-05 (0.1837E-05)  0.7943E-05 (0.1877E-05)
    5.6500  0.1841E-04 (0.4128E-05)  0.1307E-04 (0.2859E-05)  0.7521E-05 (0.1698E-05)  0.7652E-05 (0.1715E-05)
    5.7500  0.1332E-04 (0.3106E-05)  0.1069E-04 (0.2547E-05)  0.7561E-05 (0.1748E-05)  0.7598E-05 (0.1748E-05)
    5.8500  0.1393E-04 (0.3244E-05)  0.9584E-05 (0.2184E-05)  0.7173E-05 (0.1663E-05)  0.7161E-05 (0.1651E-05)
    5.9500  0.1138E-04 (0.3212E-05)  0.7776E-05 (0.2181E-05)  0.4160E-05 (0.1160E-05)  0.4121E-05 (0.1138E-05)
    6.0500  0.4709E-05 (0.2197E-05)  0.1889E-05 (0.8566E-06)  0.1108E-05 (0.5545E-06)  0.1140E-05 (0.5693E-06)
    6.1500  0.4259E-05 (0.1717E-05)  0.3051E-05 (0.1168E-05)  0.2389E-05 (0.9417E-06)  0.2287E-05 (0.8945E-06)
    6.2500  0.5907E-05 (0.2220E-05)  0.3333E-05 (0.1200E-05)  0.2013E-05 (0.7819E-06)  0.2010E-05 (0.7757E-06)
    6.3500  0.4341E-05 (0.1818E-05)  0.2909E-05 (0.1159E-05)  0.2017E-05 (0.8068E-06)  0.1974E-05 (0.7831E-06)
    6.4500  0.4103E-05 (0.1497E-05)  0.4039E-05 (0.1527E-05)  0.2175E-05 (0.8065E-06)  0.2137E-05 (0.7951E-06)
    6.5500  0.2383E-05 (0.1404E-05)  0.2092E-05 (0.1176E-05)  0.7980E-06 (0.4477E-06)  0.7648E-06 (0.4288E-06)
    6.6500  0.6581E-06 (0.6581E-06)  0.7477E-06 (0.7477E-06)  0.2967E-07 (0.2967E-07)  0.2889E-07 (0.2888E-07)
    6.7500  0.5036E-06 (0.5036E-06)  0.6698E-06 (0.6697E-06)  0.1271E-06 (0.1271E-06)  0.1209E-06 (0.1209E-06)
    6.8500  0.3629E-06 (0.3629E-06)  0.3501E-06 (0.3500E-06)  0.3233E-06 (0.3232E-06)  0.3439E-06 (0.3439E-06)
    6.9500  0.4404E-06 (0.4404E-06)  0.3350E-06 (0.3350E-06)  0.2736E-06 (0.2736E-06)  0.2917E-06 (0.2917E-06)
    7.0500  0.0000E+00 (0.0000E+00)  0.0000E+00 (0.0000E+00)  0.0000E+00 (0.0000E+00)  0.0000E+00 (0.0000E+00)
    7.1500  0.8125E-06 (0.5774E-06)  0.6023E-06 (0.4262E-06)  0.5597E-06 (0.3966E-06)  0.5590E-06 (0.3955E-06)
    7.2500  0.0000E+00 (0.0000E+00)  0.0000E+00 (0.0000E+00)  0.0000E+00 (0.0000E+00)  0.0000E+00 (0.0000E+00)
    7.3500  0.0000E+00 (0.0000E+00)  0.0000E+00 (0.0000E+00)  0.0000E+00 (0.0000E+00)  0.0000E+00 (0.0000E+00)
    7.4500  0.0000E+00 (0.0000E+00)  0.0000E+00 (0.0000E+00)  0.0000E+00 (0.0000E+00)  0.0000E+00 (0.0000E+00)
    7.5500  0.0000E+00 (0.0000E+00)  0.0000E+00 (0.0000E+00)  0.0000E+00 (0.0000E+00)  0.0000E+00 (0.0000E+00)
    7.6500  0.9104E-06 (0.7885E-06)  0.1103E-05 (0.9033E-06)  0.1021E-06 (0.7220E-07)  0.9775E-07 (0.6913E-07)
    7.7500  0.0000E+00 (0.0000E+00)  0.0000E+00 (0.0000E+00)  0.0000E+00 (0.0000E+00)  0.0000E+00 (0.0000E+00)
    7.8500  0.0000E+00 (0.0000E+00)  0.0000E+00 (0.0000E+00)  0.0000E+00 (0.0000E+00)  0.0000E+00 (0.0000E+00)
    7.9500  0.0000E+00 (0.0000E+00)  0.0000E+00 (0.0000E+00)  0.0000E+00 (0.0000E+00)  0.0000E+00 (0.0000E+00)
    8.0500  0.0000E+00 (0.0000E+00)  0.0000E+00 (0.0000E+00)  0.0000E+00 (0.0000E+00)  0.0000E+00 (0.0000E+00)
    8.1500  0.0000E+00 (0.0000E+00)  0.0000E+00 (0.0000E+00)  0.0000E+00 (0.0000E+00)  0.0000E+00 (0.0000E+00)
    8.2500  0.0000E+00 (0.0000E+00)  0.0000E+00 (0.0000E+00)  0.0000E+00 (0.0000E+00)  0.0000E+00 (0.0000E+00)
    8.3500  0.0000E+00 (0.0000E+00)  0.0000E+00 (0.0000E+00)  0.0000E+00 (0.0000E+00)  0.0000E+00 (0.0000E+00)
    8.4500  0.0000E+00 (0.0000E+00)  0.0000E+00 (0.0000E+00)  0.0000E+00 (0.0000E+00)  0.0000E+00 (0.0000E+00)
    8.5500  0.0000E+00 (0.0000E+00)  0.0000E+00 (0.0000E+00)  0.0000E+00 (0.0000E+00)  0.0000E+00 (0.0000E+00)
    8.6500  0.0000E+00 (0.0000E+00)  0.0000E+00 (0.0000E+00)  0.0000E+00 (0.0000E+00)  0.0000E+00 (0.0000E+00)
    8.7500  0.0000E+00 (0.0000E+00)  0.0000E+00 (0.0000E+00)  0.0000E+00 (0.0000E+00)  0.0000E+00 (0.0000E+00)
    8.8500  0.0000E+00 (0.0000E+00)  0.0000E+00 (0.0000E+00)  0.0000E+00 (0.0000E+00)  0.0000E+00 (0.0000E+00)
    8.9500  0.0000E+00 (0.0000E+00)  0.0000E+00 (0.0000E+00)  0.0000E+00 (0.0000E+00)  0.0000E+00 (0.0000E+00)
    9.0500  0.0000E+00 (0.0000E+00)  0.0000E+00 (0.0000E+00)  0.0000E+00 (0.0000E+00)  0.0000E+00 (0.0000E+00)
    9.1500  0.0000E+00 (0.0000E+00)  0.0000E+00 (0.0000E+00)  0.0000E+00 (0.0000E+00)  0.0000E+00 (0.0000E+00)
    9.2500  0.0000E+00 (0.0000E+00)  0.0000E+00 (0.0000E+00)  0.0000E+00 (0.0000E+00)  0.0000E+00 (0.0000E+00)
    9.3500  0.0000E+00 (0.0000E+00)  0.0000E+00 (0.0000E+00)  0.0000E+00 (0.0000E+00)  0.0000E+00 (0.0000E+00)
    9.4500  0.0000E+00 (0.0000E+00)  0.0000E+00 (0.0000E+00)  0.0000E+00 (0.0000E+00)  0.0000E+00 (0.0000E+00)
    9.5500  0.0000E+00 (0.0000E+00)  0.0000E+00 (0.0000E+00)  0.0000E+00 (0.0000E+00)  0.0000E+00 (0.0000E+00)
    9.6500  0.0000E+00 (0.0000E+00)  0.0000E+00 (0.0000E+00)  0.0000E+00 (0.0000E+00)  0.0000E+00 (0.0000E+00)
    9.7500  0.0000E+00 (0.0000E+00)  0.0000E+00 (0.0000E+00)  0.0000E+00 (0.0000E+00)  0.0000E+00 (0.0000E+00)
    9.8500  0.0000E+00 (0.0000E+00)  0.0000E+00 (0.0000E+00)  0.0000E+00 (0.0000E+00)  0.0000E+00 (0.0000E+00)
    9.9500  0.0000E+00 (0.0000E+00)  0.0000E+00 (0.0000E+00)  0.0000E+00 (0.0000E+00)  0.0000E+00 (0.0000E+00)
   10.0500  0.0000E+00 (0.0000E+00)  0.0000E+00 (0.0000E+00)  0.0000E+00 (0.0000E+00)  0.0000E+00 (0.0000E+00)
   10.1500  0.0000E+00 (0.0000E+00)  0.0000E+00 (0.0000E+00)  0.0000E+00 (0.0000E+00)  0.0000E+00 (0.0000E+00)
   10.2500  0.0000E+00 (0.0000E+00)  0.0000E+00 (0.0000E+00)  0.0000E+00 (0.0000E+00)  0.0000E+00 (0.0000E+00)
   10.3500  0.0000E+00 (0.0000E+00)  0.0000E+00 (0.0000E+00)  0.0000E+00 (0.0000E+00)  0.0000E+00 (0.0000E+00)
   10.4500  0.0000E+00 (0.0000E+00)  0.0000E+00 (0.0000E+00)  0.0000E+00 (0.0000E+00)  0.0000E+00 (0.0000E+00)
   10.5500  0.0000E+00 (0.0000E+00)  0.0000E+00 (0.0000E+00)  0.0000E+00 (0.0000E+00)  0.0000E+00 (0.0000E+00)
   10.6500  0.0000E+00 (0.0000E+00)  0.0000E+00 (0.0000E+00)  0.0000E+00 (0.0000E+00)  0.0000E+00 (0.0000E+00)
   10.7500  0.0000E+00 (0.0000E+00)  0.0000E+00 (0.0000E+00)  0.0000E+00 (0.0000E+00)  0.0000E+00 (0.0000E+00)
   10.8500  0.0000E+00 (0.0000E+00)  0.0000E+00 (0.0000E+00)  0.0000E+00 (0.0000E+00)  0.0000E+00 (0.0000E+00)
   10.9500  0.0000E+00 (0.0000E+00)  0.0000E+00 (0.0000E+00)  0.0000E+00 (0.0000E+00)  0.0000E+00 (0.0000E+00)
   11.0500  0.0000E+00 (0.0000E+00)  0.0000E+00 (0.0000E+00)  0.0000E+00 (0.0000E+00)  0.0000E+00 (0.0000E+00)
   11.1500  0.0000E+00 (0.0000E+00)  0.0000E+00 (0.0000E+00)  0.0000E+00 (0.0000E+00)  0.0000E+00 (0.0000E+00)
   11.2500  0.0000E+00 (0.0000E+00)  0.0000E+00 (0.0000E+00)  0.0000E+00 (0.0000E+00)  0.0000E+00 (0.0000E+00)
   11.3500  0.0000E+00 (0.0000E+00)  0.0000E+00 (0.0000E+00)  0.0000E+00 (0.0000E+00)  0.0000E+00 (0.0000E+00)
   11.4500  0.0000E+00 (0.0000E+00)  0.0000E+00 (0.0000E+00)  0.0000E+00 (0.0000E+00)  0.0000E+00 (0.0000E+00)
   11.5500  0.0000E+00 (0.0000E+00)  0.0000E+00 (0.0000E+00)  0.0000E+00 (0.0000E+00)  0.0000E+00 (0.0000E+00)
   11.6500  0.0000E+00 (0.0000E+00)  0.0000E+00 (0.0000E+00)  0.0000E+00 (0.0000E+00)  0.0000E+00 (0.0000E+00)
   11.7500  0.0000E+00 (0.0000E+00)  0.0000E+00 (0.0000E+00)  0.0000E+00 (0.0000E+00)  0.0000E+00 (0.0000E+00)
   11.8500  0.0000E+00 (0.0000E+00)  0.0000E+00 (0.0000E+00)  0.0000E+00 (0.0000E+00)  0.0000E+00 (0.0000E+00)
   11.9500  0.0000E+00 (0.0000E+00)  0.0000E+00 (0.0000E+00)  0.0000E+00 (0.0000E+00)  0.0000E+00 (0.0000E+00)
   12.0500  0.0000E+00 (0.0000E+00)  0.0000E+00 (0.0000E+00)  0.0000E+00 (0.0000E+00)  0.0000E+00 (0.0000E+00)
   12.1500  0.0000E+00 (0.0000E+00)  0.0000E+00 (0.0000E+00)  0.0000E+00 (0.0000E+00)  0.0000E+00 (0.0000E+00)
   12.2500  0.0000E+00 (0.0000E+00)  0.0000E+00 (0.0000E+00)  0.0000E+00 (0.0000E+00)  0.0000E+00 (0.0000E+00)
   12.3500  0.0000E+00 (0.0000E+00)  0.0000E+00 (0.0000E+00)  0.0000E+00 (0.0000E+00)  0.0000E+00 (0.0000E+00)
   12.4500  0.0000E+00 (0.0000E+00)  0.0000E+00 (0.0000E+00)  0.0000E+00 (0.0000E+00)  0.0000E+00 (0.0000E+00)
   12.5500  0.0000E+00 (0.0000E+00)  0.0000E+00 (0.0000E+00)  0.0000E+00 (0.0000E+00)  0.0000E+00 (0.0000E+00)
   12.6500  0.0000E+00 (0.0000E+00)  0.0000E+00 (0.0000E+00)  0.0000E+00 (0.0000E+00)  0.0000E+00 (0.0000E+00)
   12.7500  0.0000E+00 (0.0000E+00)  0.0000E+00 (0.0000E+00)  0.0000E+00 (0.0000E+00)  0.0000E+00 (0.0000E+00)
   12.8500  0.0000E+00 (0.0000E+00)  0.0000E+00 (0.0000E+00)  0.0000E+00 (0.0000E+00)  0.0000E+00 (0.0000E+00)
   12.9500  0.0000E+00 (0.0000E+00)  0.0000E+00 (0.0000E+00)  0.0000E+00 (0.0000E+00)  0.0000E+00 (0.0000E+00)
   13.0500  0.0000E+00 (0.0000E+00)  0.0000E+00 (0.0000E+00)  0.0000E+00 (0.0000E+00)  0.0000E+00 (0.0000E+00)
   13.1500  0.0000E+00 (0.0000E+00)  0.0000E+00 (0.0000E+00)  0.0000E+00 (0.0000E+00)  0.0000E+00 (0.0000E+00)
   13.2500  0.0000E+00 (0.0000E+00)  0.0000E+00 (0.0000E+00)  0.0000E+00 (0.0000E+00)  0.0000E+00 (0.0000E+00)
   13.3500  0.0000E+00 (0.0000E+00)  0.0000E+00 (0.0000E+00)  0.0000E+00 (0.0000E+00)  0.0000E+00 (0.0000E+00)
   13.4500  0.0000E+00 (0.0000E+00)  0.0000E+00 (0.0000E+00)  0.0000E+00 (0.0000E+00)  0.0000E+00 (0.0000E+00)
   13.5500  0.0000E+00 (0.0000E+00)  0.0000E+00 (0.0000E+00)  0.0000E+00 (0.0000E+00)  0.0000E+00 (0.0000E+00)
   13.6500  0.0000E+00 (0.0000E+00)  0.0000E+00 (0.0000E+00)  0.0000E+00 (0.0000E+00)  0.0000E+00 (0.0000E+00)
   13.7500  0.0000E+00 (0.0000E+00)  0.0000E+00 (0.0000E+00)  0.0000E+00 (0.0000E+00)  0.0000E+00 (0.0000E+00)
   13.8500  0.0000E+00 (0.0000E+00)  0.0000E+00 (0.0000E+00)  0.0000E+00 (0.0000E+00)  0.0000E+00 (0.0000E+00)
   13.9500  0.0000E+00 (0.0000E+00)  0.0000E+00 (0.0000E+00)  0.0000E+00 (0.0000E+00)  0.0000E+00 (0.0000E+00)
   14.0500  0.0000E+00 (0.0000E+00)  0.0000E+00 (0.0000E+00)  0.0000E+00 (0.0000E+00)  0.0000E+00 (0.0000E+00)
   14.1500  0.0000E+00 (0.0000E+00)  0.0000E+00 (0.0000E+00)  0.0000E+00 (0.0000E+00)  0.0000E+00 (0.0000E+00)
   14.2500  0.0000E+00 (0.0000E+00)  0.0000E+00 (0.0000E+00)  0.0000E+00 (0.0000E+00)  0.0000E+00 (0.0000E+00)
   14.3500  0.0000E+00 (0.0000E+00)  0.0000E+00 (0.0000E+00)  0.0000E+00 (0.0000E+00)  0.0000E+00 (0.0000E+00)
   14.4500  0.0000E+00 (0.0000E+00)  0.0000E+00 (0.0000E+00)  0.0000E+00 (0.0000E+00)  0.0000E+00 (0.0000E+00)
   14.5500  0.0000E+00 (0.0000E+00)  0.0000E+00 (0.0000E+00)  0.0000E+00 (0.0000E+00)  0.0000E+00 (0.0000E+00)
   14.6500  0.0000E+00 (0.0000E+00)  0.0000E+00 (0.0000E+00)  0.0000E+00 (0.0000E+00)  0.0000E+00 (0.0000E+00)
   14.7500  0.0000E+00 (0.0000E+00)  0.0000E+00 (0.0000E+00)  0.0000E+00 (0.0000E+00)  0.0000E+00 (0.0000E+00)
   14.8500  0.0000E+00 (0.0000E+00)  0.0000E+00 (0.0000E+00)  0.0000E+00 (0.0000E+00)  0.0000E+00 (0.0000E+00)
   14.9500  0.0000E+00 (0.0000E+00)  0.0000E+00 (0.0000E+00)  0.0000E+00 (0.0000E+00)  0.0000E+00 (0.0000E+00)
   15.0500  0.0000E+00 (0.0000E+00)  0.0000E+00 (0.0000E+00)  0.0000E+00 (0.0000E+00)  0.0000E+00 (0.0000E+00)
   15.1500  0.0000E+00 (0.0000E+00)  0.0000E+00 (0.0000E+00)  0.0000E+00 (0.0000E+00)  0.0000E+00 (0.0000E+00)
   15.2500  0.0000E+00 (0.0000E+00)  0.0000E+00 (0.0000E+00)  0.0000E+00 (0.0000E+00)  0.0000E+00 (0.0000E+00)
   15.3500  0.0000E+00 (0.0000E+00)  0.0000E+00 (0.0000E+00)  0.0000E+00 (0.0000E+00)  0.0000E+00 (0.0000E+00)
   15.4500  0.0000E+00 (0.0000E+00)  0.0000E+00 (0.0000E+00)  0.0000E+00 (0.0000E+00)  0.0000E+00 (0.0000E+00)
   15.5500  0.0000E+00 (0.0000E+00)  0.0000E+00 (0.0000E+00)  0.0000E+00 (0.0000E+00)  0.0000E+00 (0.0000E+00)
   15.6500  0.0000E+00 (0.0000E+00)  0.0000E+00 (0.0000E+00)  0.0000E+00 (0.0000E+00)  0.0000E+00 (0.0000E+00)
   15.7500  0.0000E+00 (0.0000E+00)  0.0000E+00 (0.0000E+00)  0.0000E+00 (0.0000E+00)  0.0000E+00 (0.0000E+00)
   15.8500  0.0000E+00 (0.0000E+00)  0.0000E+00 (0.0000E+00)  0.0000E+00 (0.0000E+00)  0.0000E+00 (0.0000E+00)
   15.9500  0.0000E+00 (0.0000E+00)  0.0000E+00 (0.0000E+00)  0.0000E+00 (0.0000E+00)  0.0000E+00 (0.0000E+00)
   16.0500  0.0000E+00 (0.0000E+00)  0.0000E+00 (0.0000E+00)  0.0000E+00 (0.0000E+00)  0.0000E+00 (0.0000E+00)
   16.1500  0.0000E+00 (0.0000E+00)  0.0000E+00 (0.0000E+00)  0.0000E+00 (0.0000E+00)  0.0000E+00 (0.0000E+00)
   16.2500  0.0000E+00 (0.0000E+00)  0.0000E+00 (0.0000E+00)  0.0000E+00 (0.0000E+00)  0.0000E+00 (0.0000E+00)
   16.3500  0.0000E+00 (0.0000E+00)  0.0000E+00 (0.0000E+00)  0.0000E+00 (0.0000E+00)  0.0000E+00 (0.0000E+00)
   16.4500  0.0000E+00 (0.0000E+00)  0.0000E+00 (0.0000E+00)  0.0000E+00 (0.0000E+00)  0.0000E+00 (0.0000E+00)
   16.5500  0.0000E+00 (0.0000E+00)  0.0000E+00 (0.0000E+00)  0.0000E+00 (0.0000E+00)  0.0000E+00 (0.0000E+00)
   16.6500  0.0000E+00 (0.0000E+00)  0.0000E+00 (0.0000E+00)  0.0000E+00 (0.0000E+00)  0.0000E+00 (0.0000E+00)
   16.7500  0.0000E+00 (0.0000E+00)  0.0000E+00 (0.0000E+00)  0.0000E+00 (0.0000E+00)  0.0000E+00 (0.0000E+00)
   16.8500  0.0000E+00 (0.0000E+00)  0.0000E+00 (0.0000E+00)  0.0000E+00 (0.0000E+00)  0.0000E+00 (0.0000E+00)
   16.9500  0.0000E+00 (0.0000E+00)  0.0000E+00 (0.0000E+00)  0.0000E+00 (0.0000E+00)  0.0000E+00 (0.0000E+00)
   17.0500  0.0000E+00 (0.0000E+00)  0.0000E+00 (0.0000E+00)  0.0000E+00 (0.0000E+00)  0.0000E+00 (0.0000E+00)
   17.1500  0.0000E+00 (0.0000E+00)  0.0000E+00 (0.0000E+00)  0.0000E+00 (0.0000E+00)  0.0000E+00 (0.0000E+00)
   17.2500  0.0000E+00 (0.0000E+00)  0.0000E+00 (0.0000E+00)  0.0000E+00 (0.0000E+00)  0.0000E+00 (0.0000E+00)
   17.3500  0.0000E+00 (0.0000E+00)  0.0000E+00 (0.0000E+00)  0.0000E+00 (0.0000E+00)  0.0000E+00 (0.0000E+00)
   17.4500  0.0000E+00 (0.0000E+00)  0.0000E+00 (0.0000E+00)  0.0000E+00 (0.0000E+00)  0.0000E+00 (0.0000E+00)
   17.5500  0.0000E+00 (0.0000E+00)  0.0000E+00 (0.0000E+00)  0.0000E+00 (0.0000E+00)  0.0000E+00 (0.0000E+00)
   17.6500  0.0000E+00 (0.0000E+00)  0.0000E+00 (0.0000E+00)  0.0000E+00 (0.0000E+00)  0.0000E+00 (0.0000E+00)
   17.7500  0.0000E+00 (0.0000E+00)  0.0000E+00 (0.0000E+00)  0.0000E+00 (0.0000E+00)  0.0000E+00 (0.0000E+00)
   17.8500  0.0000E+00 (0.0000E+00)  0.0000E+00 (0.0000E+00)  0.0000E+00 (0.0000E+00)  0.0000E+00 (0.0000E+00)
   17.9500  0.0000E+00 (0.0000E+00)  0.0000E+00 (0.0000E+00)  0.0000E+00 (0.0000E+00)  0.0000E+00 (0.0000E+00)
   18.0500  0.0000E+00 (0.0000E+00)  0.0000E+00 (0.0000E+00)  0.0000E+00 (0.0000E+00)  0.0000E+00 (0.0000E+00)
   18.1500  0.0000E+00 (0.0000E+00)  0.0000E+00 (0.0000E+00)  0.0000E+00 (0.0000E+00)  0.0000E+00 (0.0000E+00)
   18.2500  0.0000E+00 (0.0000E+00)  0.0000E+00 (0.0000E+00)  0.0000E+00 (0.0000E+00)  0.0000E+00 (0.0000E+00)
   18.3500  0.0000E+00 (0.0000E+00)  0.0000E+00 (0.0000E+00)  0.0000E+00 (0.0000E+00)  0.0000E+00 (0.0000E+00)
   18.4500  0.0000E+00 (0.0000E+00)  0.0000E+00 (0.0000E+00)  0.0000E+00 (0.0000E+00)  0.0000E+00 (0.0000E+00)
   18.5500  0.0000E+00 (0.0000E+00)  0.0000E+00 (0.0000E+00)  0.0000E+00 (0.0000E+00)  0.0000E+00 (0.0000E+00)
   18.6500  0.0000E+00 (0.0000E+00)  0.0000E+00 (0.0000E+00)  0.0000E+00 (0.0000E+00)  0.0000E+00 (0.0000E+00)
   18.7500  0.0000E+00 (0.0000E+00)  0.0000E+00 (0.0000E+00)  0.0000E+00 (0.0000E+00)  0.0000E+00 (0.0000E+00)
   18.8500  0.0000E+00 (0.0000E+00)  0.0000E+00 (0.0000E+00)  0.0000E+00 (0.0000E+00)  0.0000E+00 (0.0000E+00)
   18.9500  0.0000E+00 (0.0000E+00)  0.0000E+00 (0.0000E+00)  0.0000E+00 (0.0000E+00)  0.0000E+00 (0.0000E+00)
   19.0500  0.0000E+00 (0.0000E+00)  0.0000E+00 (0.0000E+00)  0.0000E+00 (0.0000E+00)  0.0000E+00 (0.0000E+00)
   19.1500  0.0000E+00 (0.0000E+00)  0.0000E+00 (0.0000E+00)  0.0000E+00 (0.0000E+00)  0.0000E+00 (0.0000E+00)
   19.2500  0.0000E+00 (0.0000E+00)  0.0000E+00 (0.0000E+00)  0.0000E+00 (0.0000E+00)  0.0000E+00 (0.0000E+00)
   19.3500  0.0000E+00 (0.0000E+00)  0.0000E+00 (0.0000E+00)  0.0000E+00 (0.0000E+00)  0.0000E+00 (0.0000E+00)
   19.4500  0.0000E+00 (0.0000E+00)  0.0000E+00 (0.0000E+00)  0.0000E+00 (0.0000E+00)  0.0000E+00 (0.0000E+00)
   19.5500  0.0000E+00 (0.0000E+00)  0.0000E+00 (0.0000E+00)  0.0000E+00 (0.0000E+00)  0.0000E+00 (0.0000E+00)
   19.6500  0.0000E+00 (0.0000E+00)  0.0000E+00 (0.0000E+00)  0.0000E+00 (0.0000E+00)  0.0000E+00 (0.0000E+00)
   19.7500  0.0000E+00 (0.0000E+00)  0.0000E+00 (0.0000E+00)  0.0000E+00 (0.0000E+00)  0.0000E+00 (0.0000E+00)
   19.8500  0.0000E+00 (0.0000E+00)  0.0000E+00 (0.0000E+00)  0.0000E+00 (0.0000E+00)  0.0000E+00 (0.0000E+00)
   19.9500  0.0000E+00 (0.0000E+00)  0.0000E+00 (0.0000E+00)  0.0000E+00 (0.0000E+00)  0.0000E+00 (0.0000E+00)
   --------------------------------------------------------------------
                   TWO-BODY R-SPACE DISTRIBUTIONS
   --------------------------------------------------------------------
   R_ij (fm)      NN (S=0)                NP (S=0)               PP (S=0)
    0.0500  0.3452E-01 (0.8754E-02)  0.3276E-01 (0.8241E-02)  0.3091E-01 (0.7837E-02)
    0.1500  0.3700E-01 (0.3504E-02)  0.3423E-01 (0.3246E-02)  0.3105E-01 (0.2999E-02)
    0.2500  0.4064E-01 (0.2250E-02)  0.3802E-01 (0.2084E-02)  0.3441E-01 (0.1921E-02)
    0.3500  0.4278E-01 (0.1671E-02)  0.4024E-01 (0.1556E-02)  0.3604E-01 (0.1416E-02)
    0.4500  0.4616E-01 (0.1388E-02)  0.4387E-01 (0.1310E-02)  0.3904E-01 (0.1189E-02)
    0.5500  0.5146E-01 (0.1219E-02)  0.4948E-01 (0.1161E-02)  0.4371E-01 (0.1046E-02)
    0.6500  0.5780E-01 (0.1117E-02)  0.5614E-01 (0.1075E-02)  0.4934E-01 (0.9630E-03)
    0.7500  0.6235E-01 (0.1014E-02)  0.6107E-01 (0.9874E-03)  0.5292E-01 (0.8744E-03)
    0.8500  0.6740E-01 (0.9446E-03)  0.6697E-01 (0.9335E-03)  0.5748E-01 (0.8142E-03)
    0.9500  0.7300E-01 (0.8761E-03)  0.7292E-01 (0.8692E-03)  0.6131E-01 (0.7445E-03)
    1.0500  0.7345E-01 (0.7830E-03)  0.7439E-01 (0.7887E-03)  0.6192E-01 (0.6698E-03)
    1.1500  0.7251E-01 (0.7172E-03)  0.7480E-01 (0.7374E-03)  0.6120E-01 (0.6116E-03)
    1.2500  0.6926E-01 (0.6327E-03)  0.7238E-01 (0.6596E-03)  0.5787E-01 (0.5350E-03)
    1.3500  0.6698E-01 (0.5743E-03)  0.7123E-01 (0.6053E-03)  0.5554E-01 (0.4787E-03)
    1.4500  0.6358E-01 (0.5121E-03)  0.6899E-01 (0.5535E-03)  0.5261E-01 (0.4278E-03)
    1.5500  0.5828E-01 (0.4484E-03)  0.6465E-01 (0.4954E-03)  0.4818E-01 (0.3737E-03)
    1.6500  0.5416E-01 (0.4028E-03)  0.6157E-01 (0.4560E-03)  0.4454E-01 (0.3349E-03)
    1.7500  0.4923E-01 (0.3570E-03)  0.5721E-01 (0.4107E-03)  0.4028E-01 (0.2938E-03)
    1.8500  0.4544E-01 (0.3212E-03)  0.5400E-01 (0.3772E-03)  0.3678E-01 (0.2623E-03)
    1.9500  0.4164E-01 (0.2894E-03)  0.5086E-01 (0.3470E-03)  0.3356E-01 (0.2340E-03)
    2.0500  0.3785E-01 (0.2582E-03)  0.4738E-01 (0.3188E-03)  0.3027E-01 (0.2088E-03)
    2.1500  0.3408E-01 (0.2297E-03)  0.4383E-01 (0.2888E-03)  0.2721E-01 (0.1848E-03)
    2.2500  0.3202E-01 (0.2109E-03)  0.4225E-01 (0.2731E-03)  0.2538E-01 (0.1694E-03)
    2.3500  0.2866E-01 (0.1883E-03)  0.3872E-01 (0.2491E-03)  0.2256E-01 (0.1493E-03)
    2.4500  0.2657E-01 (0.1685E-03)  0.3677E-01 (0.2269E-03)  0.2085E-01 (0.1338E-03)
    2.5500  0.2415E-01 (0.1537E-03)  0.3423E-01 (0.2108E-03)  0.1884E-01 (0.1215E-03)
    2.6500  0.2205E-01 (0.1399E-03)  0.3207E-01 (0.1968E-03)  0.1713E-01 (0.1100E-03)
    2.7500  0.2037E-01 (0.1278E-03)  0.3012E-01 (0.1829E-03)  0.1574E-01 (0.9969E-04)
    2.8500  0.1874E-01 (0.1171E-03)  0.2834E-01 (0.1711E-03)  0.1450E-01 (0.9125E-04)
    2.9500  0.1695E-01 (0.1065E-03)  0.2611E-01 (0.1576E-03)  0.1299E-01 (0.8203E-04)
    3.0500  0.1576E-01 (0.9745E-04)  0.2467E-01 (0.1463E-03)  0.1205E-01 (0.7507E-04)
    3.1500  0.1432E-01 (0.8916E-04)  0.2281E-01 (0.1368E-03)  0.1098E-01 (0.6898E-04)
    3.2500  0.1335E-01 (0.8179E-04)  0.2144E-01 (0.1271E-03)  0.1019E-01 (0.6327E-04)
    3.3500  0.1212E-01 (0.7616E-04)  0.1969E-01 (0.1192E-03)  0.9181E-02 (0.5820E-04)
    3.4500  0.1122E-01 (0.7070E-04)  0.1833E-01 (0.1114E-03)  0.8470E-02 (0.5366E-04)
    3.5500  0.1010E-01 (0.6437E-04)  0.1674E-01 (0.1031E-03)  0.7664E-02 (0.4926E-04)
    3.6500  0.9312E-02 (0.6021E-04)  0.1552E-01 (0.9711E-04)  0.7042E-02 (0.4576E-04)
    3.7500  0.8528E-02 (0.5569E-04)  0.1428E-01 (0.9061E-04)  0.6462E-02 (0.4278E-04)
    3.8500  0.7627E-02 (0.5166E-04)  0.1281E-01 (0.8432E-04)  0.5789E-02 (0.3955E-04)
    3.9500  0.6918E-02 (0.4798E-04)  0.1165E-01 (0.7874E-04)  0.5238E-02 (0.3661E-04)
    4.0500  0.6385E-02 (0.4527E-04)  0.1074E-01 (0.7426E-04)  0.4813E-02 (0.3441E-04)
    4.1500  0.5762E-02 (0.4141E-04)  0.9708E-02 (0.6820E-04)  0.4352E-02 (0.3153E-04)
    4.2500  0.5219E-02 (0.3930E-04)  0.8772E-02 (0.6455E-04)  0.3937E-02 (0.2998E-04)
    4.3500  0.4677E-02 (0.3665E-04)  0.7868E-02 (0.6039E-04)  0.3527E-02 (0.2777E-04)
    4.4500  0.4226E-02 (0.3438E-04)  0.7067E-02 (0.5653E-04)  0.3182E-02 (0.2624E-04)
    4.5500  0.3734E-02 (0.3160E-04)  0.6242E-02 (0.5198E-04)  0.2816E-02 (0.2418E-04)
    4.6500  0.3296E-02 (0.2900E-04)  0.5504E-02 (0.4768E-04)  0.2489E-02 (0.2213E-04)
    4.7500  0.2993E-02 (0.2729E-04)  0.4951E-02 (0.4450E-04)  0.2246E-02 (0.2077E-04)
    4.8500  0.2646E-02 (0.2557E-04)  0.4370E-02 (0.4162E-04)  0.1980E-02 (0.1933E-04)
    4.9500  0.2338E-02 (0.2377E-04)  0.3843E-02 (0.3857E-04)  0.1751E-02 (0.1805E-04)
    5.0500  0.2031E-02 (0.2178E-04)  0.3324E-02 (0.3512E-04)  0.1516E-02 (0.1645E-04)
    5.1500  0.1834E-02 (0.2063E-04)  0.2977E-02 (0.3301E-04)  0.1371E-02 (0.1565E-04)
    5.2500  0.1585E-02 (0.1877E-04)  0.2551E-02 (0.2987E-04)  0.1169E-02 (0.1405E-04)
    5.3500  0.1389E-02 (0.1755E-04)  0.2225E-02 (0.2775E-04)  0.1030E-02 (0.1326E-04)
    5.4500  0.1206E-02 (0.1610E-04)  0.1920E-02 (0.2531E-04)  0.8874E-03 (0.1199E-04)
    5.5500  0.1023E-02 (0.1453E-04)  0.1624E-02 (0.2275E-04)  0.7615E-03 (0.1104E-04)
    5.6500  0.8820E-03 (0.1338E-04)  0.1383E-02 (0.2078E-04)  0.6497E-03 (0.1007E-04)
    5.7500  0.7953E-03 (0.1239E-04)  0.1240E-02 (0.1908E-04)  0.5830E-03 (0.9311E-05)
    5.8500  0.6608E-03 (0.1137E-04)  0.1023E-02 (0.1740E-04)  0.4824E-03 (0.8467E-05)
    5.9500  0.5649E-03 (0.1031E-04)  0.8734E-03 (0.1576E-04)  0.4114E-03 (0.7655E-05)
    6.0500  0.4803E-03 (0.9395E-05)  0.7337E-03 (0.1407E-04)  0.3473E-03 (0.6864E-05)
    6.1500  0.4226E-03 (0.8703E-05)  0.6384E-03 (0.1299E-04)  0.3050E-03 (0.6465E-05)
    6.2500  0.3609E-03 (0.7840E-05)  0.5427E-03 (0.1158E-04)  0.2609E-03 (0.5780E-05)
    6.3500  0.2921E-03 (0.6881E-05)  0.4365E-03 (0.1009E-04)  0.2079E-03 (0.5008E-05)
    6.4500  0.2478E-03 (0.6304E-05)  0.3700E-03 (0.9269E-05)  0.1771E-03 (0.4621E-05)
    6.5500  0.2051E-03 (0.5722E-05)  0.3027E-03 (0.8338E-05)  0.1476E-03 (0.4213E-05)
    6.6500  0.1826E-03 (0.5414E-05)  0.2623E-03 (0.7664E-05)  0.1274E-03 (0.3882E-05)
    6.7500  0.1436E-03 (0.4751E-05)  0.2098E-03 (0.6821E-05)  0.9988E-04 (0.3370E-05)
    6.8500  0.1250E-03 (0.4291E-05)  0.1783E-03 (0.6012E-05)  0.8757E-04 (0.3075E-05)
    6.9500  0.1002E-03 (0.3750E-05)  0.1425E-03 (0.5247E-05)  0.6908E-04 (0.2681E-05)
    7.0500  0.8724E-04 (0.3539E-05)  0.1220E-03 (0.4870E-05)  0.5938E-04 (0.2502E-05)
    7.1500  0.7131E-04 (0.3195E-05)  0.9935E-04 (0.4334E-05)  0.4854E-04 (0.2224E-05)
    7.2500  0.6450E-04 (0.3006E-05)  0.8719E-04 (0.3951E-05)  0.4209E-04 (0.1992E-05)
    7.3500  0.5069E-04 (0.2616E-05)  0.6865E-04 (0.3451E-05)  0.3339E-04 (0.1755E-05)
    7.4500  0.4494E-04 (0.2428E-05)  0.6088E-04 (0.3224E-05)  0.3027E-04 (0.1689E-05)
    7.5500  0.3235E-04 (0.2043E-05)  0.4349E-04 (0.2686E-05)  0.2190E-04 (0.1416E-05)
    7.6500  0.3131E-04 (0.2028E-05)  0.4019E-04 (0.2538E-05)  0.1920E-04 (0.1303E-05)
    7.7500  0.2337E-04 (0.1788E-05)  0.3043E-04 (0.2269E-05)  0.1557E-04 (0.1209E-05)
    7.8500  0.1822E-04 (0.1516E-05)  0.2363E-04 (0.1914E-05)  0.1136E-04 (0.9646E-06)
    7.9500  0.1606E-04 (0.1425E-05)  0.2004E-04 (0.1743E-05)  0.1008E-04 (0.9156E-06)
    8.0500  0.1290E-04 (0.1310E-05)  0.1589E-04 (0.1591E-05)  0.7809E-05 (0.8193E-06)
    8.1500  0.1253E-04 (0.1229E-05)  0.1546E-04 (0.1479E-05)  0.7457E-05 (0.7603E-06)
    8.2500  0.8440E-05 (0.9647E-06)  0.1062E-04 (0.1186E-05)  0.5490E-05 (0.6665E-06)
    8.3500  0.6907E-05 (0.9014E-06)  0.8417E-05 (0.1057E-05)  0.3833E-05 (0.5167E-06)
    8.4500  0.6751E-05 (0.8610E-06)  0.8550E-05 (0.1068E-05)  0.4603E-05 (0.5979E-06)
    8.5500  0.7216E-05 (0.9128E-06)  0.8207E-05 (0.1017E-05)  0.3935E-05 (0.5416E-06)
    8.6500  0.3416E-05 (0.5906E-06)  0.4173E-05 (0.7052E-06)  0.2424E-05 (0.4214E-06)
    8.7500  0.3586E-05 (0.6045E-06)  0.4284E-05 (0.7043E-06)  0.2126E-05 (0.3819E-06)
    8.8500  0.3400E-05 (0.5873E-06)  0.4006E-05 (0.6775E-06)  0.2117E-05 (0.3822E-06)
    8.9500  0.1799E-05 (0.4950E-06)  0.1950E-05 (0.5262E-06)  0.9868E-06 (0.2881E-06)
    9.0500  0.1570E-05 (0.4024E-06)  0.1746E-05 (0.4369E-06)  0.8184E-06 (0.2273E-06)
    9.1500  0.1512E-05 (0.3921E-06)  0.1652E-05 (0.4269E-06)  0.9279E-06 (0.2527E-06)
    9.2500  0.1424E-05 (0.3858E-06)  0.1465E-05 (0.3924E-06)  0.7822E-06 (0.2183E-06)
    9.3500  0.1765E-05 (0.4357E-06)  0.1880E-05 (0.4659E-06)  0.1021E-05 (0.2798E-06)
    9.4500  0.1728E-06 (0.1241E-06)  0.1990E-06 (0.1407E-06)  0.9947E-07 (0.7084E-07)
    9.5500  0.9767E-06 (0.3139E-06)  0.1019E-05 (0.3224E-06)  0.5665E-06 (0.1932E-06)
    9.6500  0.3942E-06 (0.1786E-06)  0.4456E-06 (0.1994E-06)  0.1662E-06 (0.9090E-07)
    9.7500  0.6377E-06 (0.2750E-06)  0.5800E-06 (0.2373E-06)  0.1920E-06 (0.9484E-07)
    9.8500  0.1897E-06 (0.1353E-06)  0.2049E-06 (0.1459E-06)  0.1222E-06 (0.9643E-07)
    9.9500  0.1954E-06 (0.1386E-06)  0.1981E-06 (0.1403E-06)  0.1733E-06 (0.1227E-06)
   10.0500  0.4887E-06 (0.2041E-06)  0.5470E-06 (0.2242E-06)  0.3382E-06 (0.1525E-06)
   10.1500  0.8211E-07 (0.8210E-07)  0.9297E-07 (0.9297E-07)  0.6884E-07 (0.6884E-07)
   10.2500  0.2033E-06 (0.1450E-06)  0.1837E-06 (0.1300E-06)  0.1090E-06 (0.7818E-07)
   10.3500  0.8579E-07 (0.8579E-07)  0.8172E-07 (0.8171E-07)  0.1209E-07 (0.1209E-07)
   10.4500  0.0000E+00 (0.0000E+00)  0.0000E+00 (0.0000E+00)  0.0000E+00 (0.0000E+00)
   10.5500  0.3844E-06 (0.1936E-06)  0.3557E-06 (0.1781E-06)  0.2544E-06 (0.1310E-06)
   10.6500  0.0000E+00 (0.0000E+00)  0.0000E+00 (0.0000E+00)  0.0000E+00 (0.0000E+00)
   10.7500  0.0000E+00 (0.0000E+00)  0.0000E+00 (0.0000E+00)  0.0000E+00 (0.0000E+00)
   10.8500  0.7308E-07 (0.7308E-07)  0.7702E-07 (0.7701E-07)  0.4386E-07 (0.4386E-07)
   10.9500  0.1627E-06 (0.1184E-06)  0.1437E-06 (0.1022E-06)  0.1062E-06 (0.7559E-07)
   11.0500  0.0000E+00 (0.0000E+00)  0.0000E+00 (0.0000E+00)  0.0000E+00 (0.0000E+00)
   11.1500  0.0000E+00 (0.0000E+00)  0.0000E+00 (0.0000E+00)  0.0000E+00 (0.0000E+00)
   11.2500  0.1662E-06 (0.1175E-06)  0.1650E-06 (0.1167E-06)  0.1468E-06 (0.1038E-06)
   11.3500  0.0000E+00 (0.0000E+00)  0.0000E+00 (0.0000E+00)  0.0000E+00 (0.0000E+00)
   11.4500  0.0000E+00 (0.0000E+00)  0.0000E+00 (0.0000E+00)  0.0000E+00 (0.0000E+00)
   11.5500  0.0000E+00 (0.0000E+00)  0.0000E+00 (0.0000E+00)  0.0000E+00 (0.0000E+00)
   11.6500  0.0000E+00 (0.0000E+00)  0.0000E+00 (0.0000E+00)  0.0000E+00 (0.0000E+00)
   11.7500  0.0000E+00 (0.0000E+00)  0.0000E+00 (0.0000E+00)  0.0000E+00 (0.0000E+00)
   11.8500  0.0000E+00 (0.0000E+00)  0.0000E+00 (0.0000E+00)  0.0000E+00 (0.0000E+00)
   11.9500  0.0000E+00 (0.0000E+00)  0.0000E+00 (0.0000E+00)  0.0000E+00 (0.0000E+00)
   12.0500  0.0000E+00 (0.0000E+00)  0.0000E+00 (0.0000E+00)  0.0000E+00 (0.0000E+00)
   12.1500  0.0000E+00 (0.0000E+00)  0.0000E+00 (0.0000E+00)  0.0000E+00 (0.0000E+00)
   12.2500  0.0000E+00 (0.0000E+00)  0.0000E+00 (0.0000E+00)  0.0000E+00 (0.0000E+00)
   12.3500  0.0000E+00 (0.0000E+00)  0.0000E+00 (0.0000E+00)  0.0000E+00 (0.0000E+00)
   12.4500  0.0000E+00 (0.0000E+00)  0.0000E+00 (0.0000E+00)  0.0000E+00 (0.0000E+00)
   12.5500  0.0000E+00 (0.0000E+00)  0.0000E+00 (0.0000E+00)  0.0000E+00 (0.0000E+00)
   12.6500  0.0000E+00 (0.0000E+00)  0.0000E+00 (0.0000E+00)  0.0000E+00 (0.0000E+00)
   12.7500  0.0000E+00 (0.0000E+00)  0.0000E+00 (0.0000E+00)  0.0000E+00 (0.0000E+00)
   12.8500  0.0000E+00 (0.0000E+00)  0.0000E+00 (0.0000E+00)  0.0000E+00 (0.0000E+00)
   12.9500  0.0000E+00 (0.0000E+00)  0.0000E+00 (0.0000E+00)  0.0000E+00 (0.0000E+00)
   13.0500  0.0000E+00 (0.0000E+00)  0.0000E+00 (0.0000E+00)  0.0000E+00 (0.0000E+00)
   13.1500  0.0000E+00 (0.0000E+00)  0.0000E+00 (0.0000E+00)  0.0000E+00 (0.0000E+00)
   13.2500  0.0000E+00 (0.0000E+00)  0.0000E+00 (0.0000E+00)  0.0000E+00 (0.0000E+00)
   13.3500  0.0000E+00 (0.0000E+00)  0.0000E+00 (0.0000E+00)  0.0000E+00 (0.0000E+00)
   13.4500  0.0000E+00 (0.0000E+00)  0.0000E+00 (0.0000E+00)  0.0000E+00 (0.0000E+00)
   13.5500  0.0000E+00 (0.0000E+00)  0.0000E+00 (0.0000E+00)  0.0000E+00 (0.0000E+00)
   13.6500  0.0000E+00 (0.0000E+00)  0.0000E+00 (0.0000E+00)  0.0000E+00 (0.0000E+00)
   13.7500  0.0000E+00 (0.0000E+00)  0.0000E+00 (0.0000E+00)  0.0000E+00 (0.0000E+00)
   13.8500  0.0000E+00 (0.0000E+00)  0.0000E+00 (0.0000E+00)  0.0000E+00 (0.0000E+00)
   13.9500  0.0000E+00 (0.0000E+00)  0.0000E+00 (0.0000E+00)  0.0000E+00 (0.0000E+00)
   14.0500  0.0000E+00 (0.0000E+00)  0.0000E+00 (0.0000E+00)  0.0000E+00 (0.0000E+00)
   14.1500  0.0000E+00 (0.0000E+00)  0.0000E+00 (0.0000E+00)  0.0000E+00 (0.0000E+00)
   14.2500  0.0000E+00 (0.0000E+00)  0.0000E+00 (0.0000E+00)  0.0000E+00 (0.0000E+00)
   14.3500  0.0000E+00 (0.0000E+00)  0.0000E+00 (0.0000E+00)  0.0000E+00 (0.0000E+00)
   14.4500  0.0000E+00 (0.0000E+00)  0.0000E+00 (0.0000E+00)  0.0000E+00 (0.0000E+00)
   14.5500  0.0000E+00 (0.0000E+00)  0.0000E+00 (0.0000E+00)  0.0000E+00 (0.0000E+00)
   14.6500  0.0000E+00 (0.0000E+00)  0.0000E+00 (0.0000E+00)  0.0000E+00 (0.0000E+00)
   14.7500  0.0000E+00 (0.0000E+00)  0.0000E+00 (0.0000E+00)  0.0000E+00 (0.0000E+00)
   14.8500  0.0000E+00 (0.0000E+00)  0.0000E+00 (0.0000E+00)  0.0000E+00 (0.0000E+00)
   14.9500  0.0000E+00 (0.0000E+00)  0.0000E+00 (0.0000E+00)  0.0000E+00 (0.0000E+00)
   15.0500  0.0000E+00 (0.0000E+00)  0.0000E+00 (0.0000E+00)  0.0000E+00 (0.0000E+00)
   15.1500  0.0000E+00 (0.0000E+00)  0.0000E+00 (0.0000E+00)  0.0000E+00 (0.0000E+00)
   15.2500  0.0000E+00 (0.0000E+00)  0.0000E+00 (0.0000E+00)  0.0000E+00 (0.0000E+00)
   15.3500  0.0000E+00 (0.0000E+00)  0.0000E+00 (0.0000E+00)  0.0000E+00 (0.0000E+00)
   15.4500  0.0000E+00 (0.0000E+00)  0.0000E+00 (0.0000E+00)  0.0000E+00 (0.0000E+00)
   15.5500  0.0000E+00 (0.0000E+00)  0.0000E+00 (0.0000E+00)  0.0000E+00 (0.0000E+00)
   15.6500  0.0000E+00 (0.0000E+00)  0.0000E+00 (0.0000E+00)  0.0000E+00 (0.0000E+00)
   15.7500  0.0000E+00 (0.0000E+00)  0.0000E+00 (0.0000E+00)  0.0000E+00 (0.0000E+00)
   15.8500  0.0000E+00 (0.0000E+00)  0.0000E+00 (0.0000E+00)  0.0000E+00 (0.0000E+00)
   15.9500  0.0000E+00 (0.0000E+00)  0.0000E+00 (0.0000E+00)  0.0000E+00 (0.0000E+00)
   16.0500  0.0000E+00 (0.0000E+00)  0.0000E+00 (0.0000E+00)  0.0000E+00 (0.0000E+00)
   16.1500  0.0000E+00 (0.0000E+00)  0.0000E+00 (0.0000E+00)  0.0000E+00 (0.0000E+00)
   16.2500  0.0000E+00 (0.0000E+00)  0.0000E+00 (0.0000E+00)  0.0000E+00 (0.0000E+00)
   16.3500  0.0000E+00 (0.0000E+00)  0.0000E+00 (0.0000E+00)  0.0000E+00 (0.0000E+00)
   16.4500  0.0000E+00 (0.0000E+00)  0.0000E+00 (0.0000E+00)  0.0000E+00 (0.0000E+00)
   16.5500  0.0000E+00 (0.0000E+00)  0.0000E+00 (0.0000E+00)  0.0000E+00 (0.0000E+00)
   16.6500  0.0000E+00 (0.0000E+00)  0.0000E+00 (0.0000E+00)  0.0000E+00 (0.0000E+00)
   16.7500  0.0000E+00 (0.0000E+00)  0.0000E+00 (0.0000E+00)  0.0000E+00 (0.0000E+00)
   16.8500  0.0000E+00 (0.0000E+00)  0.0000E+00 (0.0000E+00)  0.0000E+00 (0.0000E+00)
   16.9500  0.0000E+00 (0.0000E+00)  0.0000E+00 (0.0000E+00)  0.0000E+00 (0.0000E+00)
   17.0500  0.0000E+00 (0.0000E+00)  0.0000E+00 (0.0000E+00)  0.0000E+00 (0.0000E+00)
   17.1500  0.0000E+00 (0.0000E+00)  0.0000E+00 (0.0000E+00)  0.0000E+00 (0.0000E+00)
   17.2500  0.0000E+00 (0.0000E+00)  0.0000E+00 (0.0000E+00)  0.0000E+00 (0.0000E+00)
   17.3500  0.0000E+00 (0.0000E+00)  0.0000E+00 (0.0000E+00)  0.0000E+00 (0.0000E+00)
   17.4500  0.0000E+00 (0.0000E+00)  0.0000E+00 (0.0000E+00)  0.0000E+00 (0.0000E+00)
   17.5500  0.0000E+00 (0.0000E+00)  0.0000E+00 (0.0000E+00)  0.0000E+00 (0.0000E+00)
   17.6500  0.0000E+00 (0.0000E+00)  0.0000E+00 (0.0000E+00)  0.0000E+00 (0.0000E+00)
   17.7500  0.0000E+00 (0.0000E+00)  0.0000E+00 (0.0000E+00)  0.0000E+00 (0.0000E+00)
   17.8500  0.0000E+00 (0.0000E+00)  0.0000E+00 (0.0000E+00)  0.0000E+00 (0.0000E+00)
   17.9500  0.0000E+00 (0.0000E+00)  0.0000E+00 (0.0000E+00)  0.0000E+00 (0.0000E+00)
   18.0500  0.0000E+00 (0.0000E+00)  0.0000E+00 (0.0000E+00)  0.0000E+00 (0.0000E+00)
   18.1500  0.0000E+00 (0.0000E+00)  0.0000E+00 (0.0000E+00)  0.0000E+00 (0.0000E+00)
   18.2500  0.0000E+00 (0.0000E+00)  0.0000E+00 (0.0000E+00)  0.0000E+00 (0.0000E+00)
   18.3500  0.0000E+00 (0.0000E+00)  0.0000E+00 (0.0000E+00)  0.0000E+00 (0.0000E+00)
   18.4500  0.0000E+00 (0.0000E+00)  0.0000E+00 (0.0000E+00)  0.0000E+00 (0.0000E+00)
   18.5500  0.0000E+00 (0.0000E+00)  0.0000E+00 (0.0000E+00)  0.0000E+00 (0.0000E+00)
   18.6500  0.0000E+00 (0.0000E+00)  0.0000E+00 (0.0000E+00)  0.0000E+00 (0.0000E+00)
   18.7500  0.0000E+00 (0.0000E+00)  0.0000E+00 (0.0000E+00)  0.0000E+00 (0.0000E+00)
   18.8500  0.0000E+00 (0.0000E+00)  0.0000E+00 (0.0000E+00)  0.0000E+00 (0.0000E+00)
   18.9500  0.0000E+00 (0.0000E+00)  0.0000E+00 (0.0000E+00)  0.0000E+00 (0.0000E+00)
   19.0500  0.0000E+00 (0.0000E+00)  0.0000E+00 (0.0000E+00)  0.0000E+00 (0.0000E+00)
   19.1500  0.0000E+00 (0.0000E+00)  0.0000E+00 (0.0000E+00)  0.0000E+00 (0.0000E+00)
   19.2500  0.0000E+00 (0.0000E+00)  0.0000E+00 (0.0000E+00)  0.0000E+00 (0.0000E+00)
   19.3500  0.0000E+00 (0.0000E+00)  0.0000E+00 (0.0000E+00)  0.0000E+00 (0.0000E+00)
   19.4500  0.0000E+00 (0.0000E+00)  0.0000E+00 (0.0000E+00)  0.0000E+00 (0.0000E+00)
   19.5500  0.0000E+00 (0.0000E+00)  0.0000E+00 (0.0000E+00)  0.0000E+00 (0.0000E+00)
   19.6500  0.0000E+00 (0.0000E+00)  0.0000E+00 (0.0000E+00)  0.0000E+00 (0.0000E+00)
   19.7500  0.0000E+00 (0.0000E+00)  0.0000E+00 (0.0000E+00)  0.0000E+00 (0.0000E+00)
   19.8500  0.0000E+00 (0.0000E+00)  0.0000E+00 (0.0000E+00)  0.0000E+00 (0.0000E+00)
   19.9500  0.0000E+00 (0.0000E+00)  0.0000E+00 (0.0000E+00)  0.0000E+00 (0.0000E+00)
   --------------------------------------------------------------------
   R_ij (fm)      NN (S=1)                NP (S=1)               PP (S=1)
    0.0500  0.1111E-02 (0.4014E-03)  0.2107E+00 (0.5273E-01)  0.8037E-03 (0.3365E-03)
    0.1500  0.2105E-02 (0.2751E-03)  0.2188E+00 (0.2025E-01)  0.1571E-02 (0.2200E-03)
    0.2500  0.4389E-02 (0.3387E-03)  0.2283E+00 (0.1246E-01)  0.2962E-02 (0.2370E-03)
    0.3500  0.6511E-02 (0.3506E-03)  0.2245E+00 (0.8650E-02)  0.4320E-02 (0.2454E-03)
    0.4500  0.8295E-02 (0.3318E-03)  0.2193E+00 (0.6483E-02)  0.5734E-02 (0.2433E-03)
    0.5500  0.1088E-01 (0.3301E-03)  0.2294E+00 (0.5354E-02)  0.7681E-02 (0.2482E-03)
    0.6500  0.1348E-01 (0.3468E-03)  0.2428E+00 (0.4591E-02)  0.9250E-02 (0.2498E-03)
    0.7500  0.1640E-01 (0.3514E-03)  0.2501E+00 (0.4004E-02)  0.1146E-01 (0.2585E-03)
    0.8500  0.2016E-01 (0.3770E-03)  0.2610E+00 (0.3596E-02)  0.1410E-01 (0.2764E-03)
    0.9500  0.2457E-01 (0.3860E-03)  0.2757E+00 (0.3252E-02)  0.1703E-01 (0.2775E-03)
    1.0500  0.2803E-01 (0.3906E-03)  0.2736E+00 (0.2872E-02)  0.1965E-01 (0.2825E-03)
    1.1500  0.3268E-01 (0.4265E-03)  0.2697E+00 (0.2637E-02)  0.2291E-01 (0.3086E-03)
    1.2500  0.3626E-01 (0.4338E-03)  0.2583E+00 (0.2333E-02)  0.2528E-01 (0.3119E-03)
    1.3500  0.4120E-01 (0.4474E-03)  0.2498E+00 (0.2108E-02)  0.2829E-01 (0.3174E-03)
    1.4500  0.4512E-01 (0.4602E-03)  0.2395E+00 (0.1911E-02)  0.3112E-01 (0.3286E-03)
    1.5500  0.4733E-01 (0.4554E-03)  0.2220E+00 (0.1694E-02)  0.3264E-01 (0.3241E-03)
    1.6500  0.5045E-01 (0.4595E-03)  0.2088E+00 (0.1539E-02)  0.3474E-01 (0.3259E-03)
    1.7500  0.5141E-01 (0.4456E-03)  0.1916E+00 (0.1371E-02)  0.3516E-01 (0.3151E-03)
    1.8500  0.5301E-01 (0.4395E-03)  0.1790E+00 (0.1246E-02)  0.3583E-01 (0.3062E-03)
    1.9500  0.5407E-01 (0.4310E-03)  0.1668E+00 (0.1134E-02)  0.3657E-01 (0.2994E-03)
    2.0500  0.5367E-01 (0.4167E-03)  0.1541E+00 (0.1034E-02)  0.3637E-01 (0.2916E-03)
    2.1500  0.5259E-01 (0.3930E-03)  0.1414E+00 (0.9309E-03)  0.3559E-01 (0.2748E-03)
    2.2500  0.5347E-01 (0.3890E-03)  0.1352E+00 (0.8717E-03)  0.3616E-01 (0.2716E-03)
    2.3500  0.5117E-01 (0.3664E-03)  0.1231E+00 (0.7896E-03)  0.3458E-01 (0.2558E-03)
    2.4500  0.5046E-01 (0.3429E-03)  0.1162E+00 (0.7151E-03)  0.3403E-01 (0.2371E-03)
    2.5500  0.4855E-01 (0.3231E-03)  0.1075E+00 (0.6607E-03)  0.3294E-01 (0.2261E-03)
    2.6500  0.4704E-01 (0.3086E-03)  0.1002E+00 (0.6141E-03)  0.3190E-01 (0.2150E-03)
    2.7500  0.4508E-01 (0.2918E-03)  0.9364E-01 (0.5677E-03)  0.3051E-01 (0.2026E-03)
    2.8500  0.4323E-01 (0.2772E-03)  0.8768E-01 (0.5294E-03)  0.2950E-01 (0.1925E-03)
    2.9500  0.4077E-01 (0.2582E-03)  0.8044E-01 (0.4856E-03)  0.2766E-01 (0.1793E-03)
    3.0500  0.3908E-01 (0.2422E-03)  0.7569E-01 (0.4493E-03)  0.2655E-01 (0.1688E-03)
    3.1500  0.3649E-01 (0.2276E-03)  0.6975E-01 (0.4183E-03)  0.2501E-01 (0.1594E-03)
    3.2500  0.3463E-01 (0.2140E-03)  0.6541E-01 (0.3876E-03)  0.2364E-01 (0.1493E-03)
    3.3500  0.3219E-01 (0.2016E-03)  0.5982E-01 (0.3623E-03)  0.2194E-01 (0.1401E-03)
    3.4500  0.3013E-01 (0.1898E-03)  0.5563E-01 (0.3379E-03)  0.2056E-01 (0.1318E-03)
    3.5500  0.2771E-01 (0.1761E-03)  0.5063E-01 (0.3120E-03)  0.1901E-01 (0.1227E-03)
    3.6500  0.2580E-01 (0.1661E-03)  0.4688E-01 (0.2936E-03)  0.1769E-01 (0.1161E-03)
    3.7500  0.2377E-01 (0.1547E-03)  0.4307E-01 (0.2732E-03)  0.1636E-01 (0.1089E-03)
    3.8500  0.2129E-01 (0.1442E-03)  0.3858E-01 (0.2542E-03)  0.1472E-01 (0.1013E-03)
    3.9500  0.1945E-01 (0.1354E-03)  0.3507E-01 (0.2371E-03)  0.1339E-01 (0.9450E-04)
    4.0500  0.1794E-01 (0.1273E-03)  0.3228E-01 (0.2234E-03)  0.1233E-01 (0.8903E-04)
    4.1500  0.1619E-01 (0.1169E-03)  0.2916E-01 (0.2050E-03)  0.1118E-01 (0.8190E-04)
    4.2500  0.1464E-01 (0.1105E-03)  0.2633E-01 (0.1938E-03)  0.1007E-01 (0.7731E-04)
    4.3500  0.1312E-01 (0.1041E-03)  0.2360E-01 (0.1811E-03)  0.9030E-02 (0.7209E-04)
    4.4500  0.1174E-01 (0.9630E-04)  0.2119E-01 (0.1695E-03)  0.8092E-02 (0.6758E-04)
    4.5500  0.1035E-01 (0.8844E-04)  0.1872E-01 (0.1559E-03)  0.7138E-02 (0.6218E-04)
    4.6500  0.9119E-02 (0.8134E-04)  0.1650E-01 (0.1430E-03)  0.6282E-02 (0.5695E-04)
    4.7500  0.8171E-02 (0.7549E-04)  0.1483E-01 (0.1333E-03)  0.5597E-02 (0.5264E-04)
    4.8500  0.7223E-02 (0.7099E-04)  0.1309E-01 (0.1246E-03)  0.4913E-02 (0.4893E-04)
    4.9500  0.6313E-02 (0.6525E-04)  0.1151E-01 (0.1154E-03)  0.4319E-02 (0.4535E-04)
    5.0500  0.5464E-02 (0.5956E-04)  0.9950E-02 (0.1051E-03)  0.3708E-02 (0.4086E-04)
    5.1500  0.4856E-02 (0.5541E-04)  0.8916E-02 (0.9885E-04)  0.3296E-02 (0.3813E-04)
    5.2500  0.4173E-02 (0.5049E-04)  0.7637E-02 (0.8938E-04)  0.2797E-02 (0.3432E-04)
    5.3500  0.3611E-02 (0.4626E-04)  0.6659E-02 (0.8304E-04)  0.2432E-02 (0.3175E-04)
    5.4500  0.3118E-02 (0.4268E-04)  0.5745E-02 (0.7570E-04)  0.2077E-02 (0.2851E-04)
    5.5500  0.2609E-02 (0.3765E-04)  0.4856E-02 (0.6798E-04)  0.1755E-02 (0.2573E-04)
    5.6500  0.2215E-02 (0.3426E-04)  0.4136E-02 (0.6213E-04)  0.1469E-02 (0.2332E-04)
    5.7500  0.1978E-02 (0.3140E-04)  0.3706E-02 (0.5701E-04)  0.1313E-02 (0.2131E-04)
    5.8500  0.1628E-02 (0.2873E-04)  0.3058E-02 (0.5197E-04)  0.1072E-02 (0.1909E-04)
    5.9500  0.1392E-02 (0.2596E-04)  0.2611E-02 (0.4705E-04)  0.9122E-03 (0.1733E-04)
    6.0500  0.1164E-02 (0.2321E-04)  0.2192E-02 (0.4203E-04)  0.7533E-03 (0.1512E-04)
    6.1500  0.1004E-02 (0.2114E-04)  0.1907E-02 (0.3878E-04)  0.6443E-03 (0.1398E-04)
    6.2500  0.8481E-03 (0.1878E-04)  0.1623E-02 (0.3464E-04)  0.5485E-03 (0.1231E-04)
    6.3500  0.6870E-03 (0.1652E-04)  0.1303E-02 (0.3013E-04)  0.4345E-03 (0.1059E-04)
    6.4500  0.5783E-03 (0.1499E-04)  0.1106E-02 (0.2771E-04)  0.3692E-03 (0.9753E-05)
    6.5500  0.4637E-03 (0.1325E-04)  0.9049E-03 (0.2493E-04)  0.2976E-03 (0.8709E-05)
    6.6500  0.4015E-03 (0.1222E-04)  0.7821E-03 (0.2284E-04)  0.2459E-03 (0.7622E-05)
    6.7500  0.3287E-03 (0.1116E-04)  0.6258E-03 (0.2033E-04)  0.1997E-03 (0.6862E-05)
    6.8500  0.2711E-03 (0.9658E-05)  0.5307E-03 (0.1789E-04)  0.1640E-03 (0.5906E-05)
    6.9500  0.2176E-03 (0.8331E-05)  0.4239E-03 (0.1561E-04)  0.1300E-03 (0.5145E-05)
    7.0500  0.1845E-03 (0.7660E-05)  0.3636E-03 (0.1452E-04)  0.1083E-03 (0.4652E-05)
    7.1500  0.1494E-03 (0.6834E-05)  0.2959E-03 (0.1290E-04)  0.8788E-04 (0.4073E-05)
    7.2500  0.1326E-03 (0.6397E-05)  0.2594E-03 (0.1176E-04)  0.7209E-04 (0.3491E-05)
    7.3500  0.1023E-03 (0.5438E-05)  0.2038E-03 (0.1024E-04)  0.5781E-04 (0.3084E-05)
    7.4500  0.9014E-04 (0.5019E-05)  0.1811E-03 (0.9600E-05)  0.5004E-04 (0.2845E-05)
    7.5500  0.6346E-04 (0.4120E-05)  0.1294E-03 (0.7993E-05)  0.3546E-04 (0.2336E-05)
    7.6500  0.5970E-04 (0.4061E-05)  0.1190E-03 (0.7517E-05)  0.3047E-04 (0.2087E-05)
    7.7500  0.4271E-04 (0.3436E-05)  0.9000E-04 (0.6705E-05)  0.2326E-04 (0.1876E-05)
    7.8500  0.3545E-04 (0.3100E-05)  0.7017E-04 (0.5687E-05)  0.1772E-04 (0.1540E-05)
    7.9500  0.2792E-04 (0.2584E-05)  0.6005E-04 (0.5220E-05)  0.1443E-04 (0.1345E-05)
    8.0500  0.2253E-04 (0.2469E-05)  0.4689E-04 (0.4693E-05)  0.1090E-04 (0.1173E-05)
    8.1500  0.2241E-04 (0.2338E-05)  0.4572E-04 (0.4373E-05)  0.1050E-04 (0.1087E-05)
    8.2500  0.1467E-04 (0.1745E-05)  0.3137E-04 (0.3499E-05)  0.7433E-05 (0.9192E-06)
    8.3500  0.1250E-04 (0.1657E-05)  0.2492E-04 (0.3132E-05)  0.5651E-05 (0.7639E-06)
    8.4500  0.1138E-04 (0.1602E-05)  0.2533E-04 (0.3165E-05)  0.5966E-05 (0.7918E-06)
    8.5500  0.1134E-04 (0.1495E-05)  0.2409E-04 (0.2985E-05)  0.4569E-05 (0.6569E-06)
    8.6500  0.4865E-05 (0.8594E-06)  0.1268E-04 (0.2147E-05)  0.2736E-05 (0.5051E-06)
    8.7500  0.5993E-05 (0.1049E-05)  0.1269E-04 (0.2087E-05)  0.2619E-05 (0.4841E-06)
    8.8500  0.5079E-05 (0.9114E-06)  0.1186E-04 (0.2005E-05)  0.2477E-05 (0.4537E-06)
    8.9500  0.2412E-05 (0.7363E-06)  0.5670E-05 (0.1517E-05)  0.9256E-06 (0.2772E-06)
    9.0500  0.2478E-05 (0.6723E-06)  0.5217E-05 (0.1305E-05)  0.8227E-06 (0.2379E-06)
    9.1500  0.1834E-05 (0.5044E-06)  0.4874E-05 (0.1259E-05)  0.8017E-06 (0.2227E-06)
    9.2500  0.1647E-05 (0.4713E-06)  0.4688E-05 (0.1260E-05)  0.5914E-06 (0.1707E-06)
    9.3500  0.2102E-05 (0.5690E-06)  0.5732E-05 (0.1420E-05)  0.8351E-06 (0.2499E-06)
    9.4500  0.2412E-06 (0.1762E-06)  0.6040E-06 (0.4279E-06)  0.1340E-06 (0.9621E-07)
    9.5500  0.1037E-05 (0.3527E-06)  0.3080E-05 (0.9760E-06)  0.4214E-06 (0.1548E-06)
    9.6500  0.8232E-06 (0.4105E-06)  0.1483E-05 (0.6763E-06)  0.1648E-06 (0.1078E-06)
    9.7500  0.7610E-06 (0.3323E-06)  0.1702E-05 (0.6953E-06)  0.2150E-06 (0.1123E-06)
    9.8500  0.2090E-06 (0.1634E-06)  0.5417E-06 (0.3831E-06)  0.6736E-07 (0.4763E-07)
    9.9500  0.7281E-07 (0.5151E-07)  0.6404E-06 (0.4533E-06)  0.2830E-07 (0.2084E-07)
   10.0500  0.5524E-06 (0.2653E-06)  0.1676E-05 (0.6865E-06)  0.2446E-06 (0.1186E-06)
   10.1500  0.6402E-07 (0.6402E-07)  0.2832E-06 (0.2832E-06)  0.3745E-07 (0.3745E-07)
   10.2500  0.1005E-06 (0.8126E-07)  0.5848E-06 (0.4139E-06)  0.5150E-07 (0.4083E-07)
   10.3500  0.1791E-06 (0.1791E-06)  0.2361E-06 (0.2360E-06)  0.9757E-08 (0.9756E-08)
   10.4500  0.0000E+00 (0.0000E+00)  0.0000E+00 (0.0000E+00)  0.0000E+00 (0.0000E+00)
   10.5500  0.1541E-06 (0.8116E-07)  0.1105E-05 (0.5532E-06)  0.7380E-07 (0.4066E-07)
   10.6500  0.0000E+00 (0.0000E+00)  0.0000E+00 (0.0000E+00)  0.0000E+00 (0.0000E+00)
   10.7500  0.0000E+00 (0.0000E+00)  0.0000E+00 (0.0000E+00)  0.0000E+00 (0.0000E+00)
   10.8500  0.8265E-07 (0.8265E-07)  0.2610E-06 (0.2610E-06)  0.1247E-07 (0.1247E-07)
   10.9500  0.4359E-07 (0.3203E-07)  0.6044E-06 (0.4289E-06)  0.1955E-07 (0.1429E-07)
   11.0500  0.0000E+00 (0.0000E+00)  0.0000E+00 (0.0000E+00)  0.0000E+00 (0.0000E+00)
   11.1500  0.0000E+00 (0.0000E+00)  0.0000E+00 (0.0000E+00)  0.0000E+00 (0.0000E+00)
   11.2500  0.4103E-07 (0.2917E-07)  0.4706E-06 (0.3328E-06)  0.3367E-07 (0.2401E-07)
   11.3500  0.0000E+00 (0.0000E+00)  0.0000E+00 (0.0000E+00)  0.0000E+00 (0.0000E+00)
   11.4500  0.0000E+00 (0.0000E+00)  0.0000E+00 (0.0000E+00)  0.0000E+00 (0.0000E+00)
   11.5500  0.0000E+00 (0.0000E+00)  0.0000E+00 (0.0000E+00)  0.0000E+00 (0.0000E+00)
   11.6500  0.0000E+00 (0.0000E+00)  0.0000E+00 (0.0000E+00)  0.0000E+00 (0.0000E+00)
   11.7500  0.0000E+00 (0.0000E+00)  0.0000E+00 (0.0000E+00)  0.0000E+00 (0.0000E+00)
   11.8500  0.0000E+00 (0.0000E+00)  0.0000E+00 (0.0000E+00)  0.0000E+00 (0.0000E+00)
   11.9500  0.0000E+00 (0.0000E+00)  0.0000E+00 (0.0000E+00)  0.0000E+00 (0.0000E+00)
   12.0500  0.0000E+00 (0.0000E+00)  0.0000E+00 (0.0000E+00)  0.0000E+00 (0.0000E+00)
   12.1500  0.0000E+00 (0.0000E+00)  0.0000E+00 (0.0000E+00)  0.0000E+00 (0.0000E+00)
   12.2500  0.0000E+00 (0.0000E+00)  0.0000E+00 (0.0000E+00)  0.0000E+00 (0.0000E+00)
   12.3500  0.0000E+00 (0.0000E+00)  0.0000E+00 (0.0000E+00)  0.0000E+00 (0.0000E+00)
   12.4500  0.0000E+00 (0.0000E+00)  0.0000E+00 (0.0000E+00)  0.0000E+00 (0.0000E+00)
   12.5500  0.0000E+00 (0.0000E+00)  0.0000E+00 (0.0000E+00)  0.0000E+00 (0.0000E+00)
   12.6500  0.0000E+00 (0.0000E+00)  0.0000E+00 (0.0000E+00)  0.0000E+00 (0.0000E+00)
   12.7500  0.0000E+00 (0.0000E+00)  0.0000E+00 (0.0000E+00)  0.0000E+00 (0.0000E+00)
   12.8500  0.0000E+00 (0.0000E+00)  0.0000E+00 (0.0000E+00)  0.0000E+00 (0.0000E+00)
   12.9500  0.0000E+00 (0.0000E+00)  0.0000E+00 (0.0000E+00)  0.0000E+00 (0.0000E+00)
   13.0500  0.0000E+00 (0.0000E+00)  0.0000E+00 (0.0000E+00)  0.0000E+00 (0.0000E+00)
   13.1500  0.0000E+00 (0.0000E+00)  0.0000E+00 (0.0000E+00)  0.0000E+00 (0.0000E+00)
   13.2500  0.0000E+00 (0.0000E+00)  0.0000E+00 (0.0000E+00)  0.0000E+00 (0.0000E+00)
   13.3500  0.0000E+00 (0.0000E+00)  0.0000E+00 (0.0000E+00)  0.0000E+00 (0.0000E+00)
   13.4500  0.0000E+00 (0.0000E+00)  0.0000E+00 (0.0000E+00)  0.0000E+00 (0.0000E+00)
   13.5500  0.0000E+00 (0.0000E+00)  0.0000E+00 (0.0000E+00)  0.0000E+00 (0.0000E+00)
   13.6500  0.0000E+00 (0.0000E+00)  0.0000E+00 (0.0000E+00)  0.0000E+00 (0.0000E+00)
   13.7500  0.0000E+00 (0.0000E+00)  0.0000E+00 (0.0000E+00)  0.0000E+00 (0.0000E+00)
   13.8500  0.0000E+00 (0.0000E+00)  0.0000E+00 (0.0000E+00)  0.0000E+00 (0.0000E+00)
   13.9500  0.0000E+00 (0.0000E+00)  0.0000E+00 (0.0000E+00)  0.0000E+00 (0.0000E+00)
   14.0500  0.0000E+00 (0.0000E+00)  0.0000E+00 (0.0000E+00)  0.0000E+00 (0.0000E+00)
   14.1500  0.0000E+00 (0.0000E+00)  0.0000E+00 (0.0000E+00)  0.0000E+00 (0.0000E+00)
   14.2500  0.0000E+00 (0.0000E+00)  0.0000E+00 (0.0000E+00)  0.0000E+00 (0.0000E+00)
   14.3500  0.0000E+00 (0.0000E+00)  0.0000E+00 (0.0000E+00)  0.0000E+00 (0.0000E+00)
   14.4500  0.0000E+00 (0.0000E+00)  0.0000E+00 (0.0000E+00)  0.0000E+00 (0.0000E+00)
   14.5500  0.0000E+00 (0.0000E+00)  0.0000E+00 (0.0000E+00)  0.0000E+00 (0.0000E+00)
   14.6500  0.0000E+00 (0.0000E+00)  0.0000E+00 (0.0000E+00)  0.0000E+00 (0.0000E+00)
   14.7500  0.0000E+00 (0.0000E+00)  0.0000E+00 (0.0000E+00)  0.0000E+00 (0.0000E+00)
   14.8500  0.0000E+00 (0.0000E+00)  0.0000E+00 (0.0000E+00)  0.0000E+00 (0.0000E+00)
   14.9500  0.0000E+00 (0.0000E+00)  0.0000E+00 (0.0000E+00)  0.0000E+00 (0.0000E+00)
   15.0500  0.0000E+00 (0.0000E+00)  0.0000E+00 (0.0000E+00)  0.0000E+00 (0.0000E+00)
   15.1500  0.0000E+00 (0.0000E+00)  0.0000E+00 (0.0000E+00)  0.0000E+00 (0.0000E+00)
   15.2500  0.0000E+00 (0.0000E+00)  0.0000E+00 (0.0000E+00)  0.0000E+00 (0.0000E+00)
   15.3500  0.0000E+00 (0.0000E+00)  0.0000E+00 (0.0000E+00)  0.0000E+00 (0.0000E+00)
   15.4500  0.0000E+00 (0.0000E+00)  0.0000E+00 (0.0000E+00)  0.0000E+00 (0.0000E+00)
   15.5500  0.0000E+00 (0.0000E+00)  0.0000E+00 (0.0000E+00)  0.0000E+00 (0.0000E+00)
   15.6500  0.0000E+00 (0.0000E+00)  0.0000E+00 (0.0000E+00)  0.0000E+00 (0.0000E+00)
   15.7500  0.0000E+00 (0.0000E+00)  0.0000E+00 (0.0000E+00)  0.0000E+00 (0.0000E+00)
   15.8500  0.0000E+00 (0.0000E+00)  0.0000E+00 (0.0000E+00)  0.0000E+00 (0.0000E+00)
   15.9500  0.0000E+00 (0.0000E+00)  0.0000E+00 (0.0000E+00)  0.0000E+00 (0.0000E+00)
   16.0500  0.0000E+00 (0.0000E+00)  0.0000E+00 (0.0000E+00)  0.0000E+00 (0.0000E+00)
   16.1500  0.0000E+00 (0.0000E+00)  0.0000E+00 (0.0000E+00)  0.0000E+00 (0.0000E+00)
   16.2500  0.0000E+00 (0.0000E+00)  0.0000E+00 (0.0000E+00)  0.0000E+00 (0.0000E+00)
   16.3500  0.0000E+00 (0.0000E+00)  0.0000E+00 (0.0000E+00)  0.0000E+00 (0.0000E+00)
   16.4500  0.0000E+00 (0.0000E+00)  0.0000E+00 (0.0000E+00)  0.0000E+00 (0.0000E+00)
   16.5500  0.0000E+00 (0.0000E+00)  0.0000E+00 (0.0000E+00)  0.0000E+00 (0.0000E+00)
   16.6500  0.0000E+00 (0.0000E+00)  0.0000E+00 (0.0000E+00)  0.0000E+00 (0.0000E+00)
   16.7500  0.0000E+00 (0.0000E+00)  0.0000E+00 (0.0000E+00)  0.0000E+00 (0.0000E+00)
   16.8500  0.0000E+00 (0.0000E+00)  0.0000E+00 (0.0000E+00)  0.0000E+00 (0.0000E+00)
   16.9500  0.0000E+00 (0.0000E+00)  0.0000E+00 (0.0000E+00)  0.0000E+00 (0.0000E+00)
   17.0500  0.0000E+00 (0.0000E+00)  0.0000E+00 (0.0000E+00)  0.0000E+00 (0.0000E+00)
   17.1500  0.0000E+00 (0.0000E+00)  0.0000E+00 (0.0000E+00)  0.0000E+00 (0.0000E+00)
   17.2500  0.0000E+00 (0.0000E+00)  0.0000E+00 (0.0000E+00)  0.0000E+00 (0.0000E+00)
   17.3500  0.0000E+00 (0.0000E+00)  0.0000E+00 (0.0000E+00)  0.0000E+00 (0.0000E+00)
   17.4500  0.0000E+00 (0.0000E+00)  0.0000E+00 (0.0000E+00)  0.0000E+00 (0.0000E+00)
   17.5500  0.0000E+00 (0.0000E+00)  0.0000E+00 (0.0000E+00)  0.0000E+00 (0.0000E+00)
   17.6500  0.0000E+00 (0.0000E+00)  0.0000E+00 (0.0000E+00)  0.0000E+00 (0.0000E+00)
   17.7500  0.0000E+00 (0.0000E+00)  0.0000E+00 (0.0000E+00)  0.0000E+00 (0.0000E+00)
   17.8500  0.0000E+00 (0.0000E+00)  0.0000E+00 (0.0000E+00)  0.0000E+00 (0.0000E+00)
   17.9500  0.0000E+00 (0.0000E+00)  0.0000E+00 (0.0000E+00)  0.0000E+00 (0.0000E+00)
   18.0500  0.0000E+00 (0.0000E+00)  0.0000E+00 (0.0000E+00)  0.0000E+00 (0.0000E+00)
   18.1500  0.0000E+00 (0.0000E+00)  0.0000E+00 (0.0000E+00)  0.0000E+00 (0.0000E+00)
   18.2500  0.0000E+00 (0.0000E+00)  0.0000E+00 (0.0000E+00)  0.0000E+00 (0.0000E+00)
   18.3500  0.0000E+00 (0.0000E+00)  0.0000E+00 (0.0000E+00)  0.0000E+00 (0.0000E+00)
   18.4500  0.0000E+00 (0.0000E+00)  0.0000E+00 (0.0000E+00)  0.0000E+00 (0.0000E+00)
   18.5500  0.0000E+00 (0.0000E+00)  0.0000E+00 (0.0000E+00)  0.0000E+00 (0.0000E+00)
   18.6500  0.0000E+00 (0.0000E+00)  0.0000E+00 (0.0000E+00)  0.0000E+00 (0.0000E+00)
   18.7500  0.0000E+00 (0.0000E+00)  0.0000E+00 (0.0000E+00)  0.0000E+00 (0.0000E+00)
   18.8500  0.0000E+00 (0.0000E+00)  0.0000E+00 (0.0000E+00)  0.0000E+00 (0.0000E+00)
   18.9500  0.0000E+00 (0.0000E+00)  0.0000E+00 (0.0000E+00)  0.0000E+00 (0.0000E+00)
   19.0500  0.0000E+00 (0.0000E+00)  0.0000E+00 (0.0000E+00)  0.0000E+00 (0.0000E+00)
   19.1500  0.0000E+00 (0.0000E+00)  0.0000E+00 (0.0000E+00)  0.0000E+00 (0.0000E+00)
   19.2500  0.0000E+00 (0.0000E+00)  0.0000E+00 (0.0000E+00)  0.0000E+00 (0.0000E+00)
   19.3500  0.0000E+00 (0.0000E+00)  0.0000E+00 (0.0000E+00)  0.0000E+00 (0.0000E+00)
   19.4500  0.0000E+00 (0.0000E+00)  0.0000E+00 (0.0000E+00)  0.0000E+00 (0.0000E+00)
   19.5500  0.0000E+00 (0.0000E+00)  0.0000E+00 (0.0000E+00)  0.0000E+00 (0.0000E+00)
   19.6500  0.0000E+00 (0.0000E+00)  0.0000E+00 (0.0000E+00)  0.0000E+00 (0.0000E+00)
   19.7500  0.0000E+00 (0.0000E+00)  0.0000E+00 (0.0000E+00)  0.0000E+00 (0.0000E+00)
   19.8500  0.0000E+00 (0.0000E+00)  0.0000E+00 (0.0000E+00)  0.0000E+00 (0.0000E+00)
   19.9500  0.0000E+00 (0.0000E+00)  0.0000E+00 (0.0000E+00)  0.0000E+00 (0.0000E+00)
   --------------------------------------------------------------------
                           PARTICLE COUNTS
   --------------------------------------------------------------------
  NEUTRON-DOWN            NEUTRON-UP             NEUTRONS
    3.6513 (0.9265E-02)     3.3487 (0.8372E-02)     7.0000 (0.1249E-01)
  PROTON-DOWN             PROTON-UP              PROTONS 
    2.9916 (0.7436E-02)     3.0084 (0.7478E-02)     6.0000 (0.1055E-01)
  DOWN PARTICLES          UP PARTICLES           PARTICLES 
    6.6429 (0.1188E-01)     6.3571 (0.1122E-01)    13.0000 (0.1634E-01)
   --------------------------------------------------------------------
                           PAIR COUNTS
   --------------------------------------------------------------------
  NN (S=0)                NN (S=1)               NN PAIRS
    7.0915 (0.7684E-02)    13.9085 (0.1584E-01)    21.0000 (0.1760E-01)
  NP (S=0)                NP (S=1)               NP PAIRS
   10.1065 (0.1053E-01)    31.8935 (0.3329E-01)    42.0000 (0.3491E-01)
  PP (S=0)                PP (S=1)               PP PAIRS
    5.5360 (0.6110E-02)     9.4640 (0.1100E-01)    15.0000 (0.1258E-01)
  S=0 PAIRS               S=1 PAIRS              PAIRS
   22.7340 (0.1439E-01)    55.2660 (0.3847E-01)    78.0000 (0.4107E-01)
   --------------------------------------------------------------------

                H =     -67.4830 (0.1828)

                Ti =    331.3154 (0.5829)

                Vij =  -396.6031 (0.5212)

                Vijk =  -10.4962 (0.0927)

                Vem =     8.3009 (0.0032)
  ----
  T(ci)     = 331.3374 (0.5829)  T(csb)    =  -0.0220 (0.0000)
  ----
  CENTRAL   =-110.2965 (0.5240)  T         =  78.3565 (0.4942)
  S         = -14.9082 (0.2076)  S.T       = -77.8648 (0.0989)
  TNSR      = -36.2036 (0.0783)  TNSR.T    =-306.6102 (0.4374)
  L.S       =  25.5160 (0.0854)  (L.S).T   =   4.8960 (0.0257)
  L^2       =  57.0123 (0.2009)  L^2.T     =   0.0000 (0.0000)
  L^2.S     =   3.8353 (0.0124)  L^2.S.T   =   0.0000 (0.0000)
  (L.S)^2   = -20.2739 (0.0580)  (L.S)^2.T =   0.0000 (0.0000)
  CD        =   0.0000 (0.0000)  CD.S      =   0.0000 (0.0000)
  CD.TNSR   =  -0.0000 (0.0000)  (L.S).CD  =   0.0000 (0.0000)
  CSB       =  -0.0617 (0.0003)  CSB.S     =   0.0000 (0.0000)
  CSB.TNSR  =   0.0000 (0.0000)  (L.S).CSB =   0.0000 (0.0000)
  ----
  2PI-AC    =  -5.7362 (0.0528)  2PI-C     = -10.1705 (0.0331)
  V3U       =   0.0000 (0.0000)  CD        =   3.8215 (0.0106)
  CE        =   1.1925 (0.0112)  2PI-SWAVE =   0.3965 (0.0023)
  v3b7      =   0.0000 (0.0000)  v3b8      =   0.0000 (0.0000)
  ----
  COULOMB   =   7.8141 (0.0026)  DF        =  -0.0136 (0.0000)
  C2   (pp) =  -0.0053 (0.0000)  VP        =   0.0444 (0.0000)
  C1   (np) =   0.1006 (0.0002)  S    (pp) =   0.1358 (0.0004)
  S    (np) =   0.0734 (0.0002)  S    (nn) =   0.0402 (0.0002)
  TNSR (pp) =   0.0124 (0.0000)  TNSR (np) =   0.0082 (0.0000)
  TNSR (nn) =   0.1298 (0.0001)  L.S  (pp) =   0.0145 (0.0000)
  L.S  (nn) =   0.0000 (0.0000)  L.S  (np) =  -0.0536 (0.0001)

  POINT NEUTRON RMS RADIUS =  2.3657 (0.0010)
  POINT PROTON  RMS RADIUS =  2.3254 (0.0010)

  NEUTRON MAGNETIC MOMENT CONTRIBUTION =  0.5790 (0.0026)
  PROTON  MAGNETIC MOMENT CONTRIBUTION =  0.0468 (0.0004)
  ORBITAL MAGNETIC MOMENT CONTRIBUTION =  0.3989 (0.0005)
  MAGNETIC MOMENT                      =  1.0247 (0.0032)

  CHARGE SYMMETRIC NEUTRON MAGNETIC MOMENT CONTRIBUTION = -0.0321 (0.0002)
  CHARGE SYMMETRIC PROTON  MAGNETIC MOMENT CONTRIBUTION = -0.8452 (0.0038)
  CHARGE SYMMETRIC ORBITAL MAGNETIC MOMENT CONTRIBUTION =  0.2440 (0.0003)
  CHARGE SYMMETRIC MAGNETIC MOMENT                      = -0.6333 (0.0037)
 ************************************************************************
 TOTAL CALCULATION TIME (s):    1735.71506595612     
 TIME PER SAMPLE (s):    0.1412528536748141E+00
 ************************************************************************
