 ************************************************************************
  DATE: 12-May-26
  TIME: 15:53:30
 ************************************************************************
  nuclear Quantum Monte Carlo with Continuum : 1.04.3
 ************************************************************************
  COMPILER: 
 Intel(R) Fortran Compiler for applications running on Intel(R) 64, Version 2025
 .3.2 Build 20260112
  OPTIONS: 
 -I/home/piarulli/nQMCC_v2/nQMCC/build/external/coulcc/mod -I/home/piarulli/nQMC
 C_v2/nQMCC/external/nlopt/build/install/include -I/opt/aurora/26.26.0/spack/uni
 fied/1.1.1/install/linux-x86_64/mpich-5.0.0.aurora_test.3c70a61-hlkigtk/include
  -I/opt/aurora/26.26.0/spack/unified/1.1.1/install/linux-x86_64/mpich-5.0.0.aur
 ora_test.3c70a61-hlkigtk/include -isystem /home/piarulli/nQMCC_v2/nQMCC/externa
 l/nqmcc-slatec/build/mod -isystem /home/piarulli/nQMCC_v2/nQMCC/external/nqmcc-
 fft/build/mod -Dphi_r4=1 -Dphi_offload=1 -Dopk_offload=0 -Ddocc=0 -diag-enable=
 all -warn -cpp -O3 -traceback -qmkl -fiopenmp -fopenmp-targets=spir64_gen -Xope
 nmp-target-backend=spir64_gen -module mod -c -o CMakeFiles/nQMCC.dir/src/input/
 control.f90.o 
 ************************************************************************
  MPI: SIZE:    12288
  MPI: ROOT:        0
 ************************************************************************
  OMP: NUMBER OF THREADS:   16
  OMP: AVAILABLE DEVICES:    1
 ************************************************************************
                      CALCULATION TYPE
    ----------------------------------------------------
                     VARIATIONAL MONTE CARLO
                     BASIS: isospin
    ----------------------------------------------------
 ************************************************************************
 CONTROL INPUTS
 ************************************************************************
 isospin                                                     BASIS
 constants/fbn95.const                                       CONSTANTS_FILE
 pots/av18.2bp              pots/ux.3bp                      2B_POT_FILE, 3B_POT_FILE
 1  1                                                        LKE LEMP
 1  work/n13/av18ux/n13_opt.calc                             CALC_FILE_FORMAT CALC_FILE
 T                                                           BRA_EQ_KET
 variational                                                 BRA-TYPE
 nuclei/params/n13.params                                    PARAM_FILE
 work/n13/av18ux/n13.dk                                      DECK_FILE
 0  /lus/flare/projects/NucStructReact_6/piarulli/c13.       R/W : SPIN_FILE
 3  /lus/flare/projects/NucSt  /lus/flare/projects/NucSt     R/W : YLM_FILE PHI_FILE
 0  configs/n13_av18ux.config                                R/W : CONFIG_FILE
 0  walks/n13_av18ux.walk                                    R/W : WALK_FILE
     25265137                                                RNG SEED
        1     12288         6                                BLOCKS BLOCK_SIZE WALKERS_PER_NODE
      250        10                                          BURN_IN NUM_MOVES_BETWEEN
 1.2000                                                      PARTICLE_DX
 T    1.60    0.01                                           SAMPLE_L2 RSAM PSAM
     5120       128        32                                NPTS ONE_OVER_DX FD_FACTOR
  40.00   40.00   40.00                                      SS_LIMIT SP_LIMIT SD_LIMIT (in fm)
  40.00                                                      BOX RADIUS (in fm)
       0.1000       20.0000                                  BIN_WIDTH BIN_MAXR
 scratch/                                                    SCRATCH_DIRECTORY
 ************************************************************************
 CALCULATION PARAMETERS
 ************************************************************************
 1       1    27                                             NLOPT_METHOD  NUM_OPT_WALKS  NUM_OPT_EVALUATIONS
 T    2.35    2.35                                           LIMIT_CHARGE_RADII NR_LIMIT PR_LIMIT
 work/n13/av18ux/n13.opt                                     OPTIMIZATION_INPUT 
 work/n13/av18ux/opt_n13_av18ux.dk                           OPTIMIZED_DECK
 ************************************************************************
 BROADCASTING CONTROL
 ************************************************************************
 BROADCASTING CALC
 ************************************************************************
 BROADCAST CALC -- DONE
 ************************************************************************
 BROADCASTING WAVEFUNCTION INPUT
 BROADCAST WAVEFUNCTION INPUT -- DONE
 ************************************************************************
 BROADCAST CONTROL -- DONE
 ************************************************************************
 MPI TOPOLOGY
 ************************************************************************
 IS TRIVIAL?  F
 NUMBER OF WALKERS PER NODE:        6
 NUMBER OF HELPERS PER WALKER:      2
 TOTAL NUMBER OF WALKERS:        6144
 ************************************************************************
 CONSTANTS
 ************************************************************************
   3.14159265                 PI
   0.57721566                 EULERS_CONSTANT
 ************************************************************************
 PHYSICAL CONSTANTS
 ************************************************************************
 197.32705300                 HBARC
 938.27231000                 PROTON MASS
 939.56563000                 NEUTRON MASS
   0.51099900                 ELECTRON MASS
 293.10000000                 NUCLEON MASS DIFFERENCE
 134.97390000                 NEUTRAL PION MASS
 139.56750000                 CHARGED PION MASS
   0.07500000                 PION NUCLEON COUPLING CONSTANT
   0.00729735                 HYPER FINE STRUCTURE CONSTANT (ALPHA)
   2.79284740                 PROTON MAGNETIC MOMENT
  -1.91304270                 NEUTRON MAGNETIC MOMENT
   5.58569478                 PROTON G-FACTOR
  -3.82608560                 NEUTRON G-FACTOR
   0.81200000                 GD ROOT MEAN SQUARE RADIUS
   0.01890000                 NEUTRON FORM FACTOR SLOPE
   1.29000000                 g_A
  92.40000000                 PION DECAY AMPLITUDE
 ************************************************************************
 COMPUTED CONSTANTS
 ************************************************************************
 138.03630000                 PION MASS
  41.47108064                 HBAR**2 / (2 * MU)
  41.47106096                 H2MAVG
   0.02856230                 H2MCSB
   2.73650324                 h_A
 ************************************************************************
                      Hamiltonian
    ----------------------------------------------------
         Kinetic Energy: T+CSB
         Two-Body Potential: Argonne v18
         Three-Body Potential: Urbana X
         EM Potential: Full
    ----------------------------------------------------
 ************************************************************************
                        NUCLEI
 ************************************************************************
 PARAMETERS FROM: nuclei/params/n13.params
 ************************************************************************
           13                 NUMBER OF PARTICLES (A)
            7                 NUMBER OF PROTONS (Z)
            4                 NUMBER OF S-SHELL PARTICLES (NSPART)
            9                 NUMBER OF P-SHELL PARTICLES (NPPART)
            0                 NUMBER OF SD-SHELL PARTICLES (NDPART)
            0                 PHI_TYPE
            1                 NUMBER OF SPATIAL SYMMETRIES (NBETA)
  10353674612                 NUMBER OF NON-ZERO MATRIX ELEMENTS (NPHIM)
        19683                 MAX ? (NS0) : KALMAN LIMITS
         3139                 MAX L (MXL)
          216                 MAX YOUNG TABLEUX (MNYOUNG)
           20                 MAX MS (M_SPIN_LIM)
           40                 MAX PERMUTATIONS? (IMA_LIM)
          100                 MAX YOUNG NUMBERS (NY_LIM)
           10                 MAX ? (KMACO_LIM)
           20                 MAX L (M_L_LIM)
       481250                 MAX ? (NTERM)
          168                 MAX ? (NSTA0)
         6840                 MAX ? (NSC0)
         2520                 MAX YLM COMBINATIONS (NORTAB_DIM)
         4830                 MAX UNIQUE YLM COMBINATIONS (MAX_ICY1)
 ************************************************************************
 COMPUTED PARAMETERS FROM: nuclei/params/n13.params
 ************************************************************************
         8192                 NUMBER OF SPIN STATES (NS)
          429                 NUMBER OF ISOSPIN STATES (NT)
            9                 NUMBER OF P-SHELL + SD-SHELL PARTICLES
         2048                 NUMBER OF SPIN GROUPS (NS/4)
           78                 NUMBER OF PAIRS
          286                 NUMBER OF TRIPLES
          715                 NUMBER OF QUADRUPLES
            6                 NUMBER PAIRS IN THE S-SHELL
           36                 NUMBER PAIRS IN THE P-SHELL
           36                 NUMBER PAIRS IN THE P-SHELL+SD-SHELL
          715                 NUMBER OF S-SHELL COMBINATIONS
            1                 NUMBER OF P-SHELL COMBINATIONS
            3                 NSPART - 1 (NCL)
          512                 2**(NPPART + NDPART)
       262144                 2**(2*(NPPART + NDPART))
       362880                 (NPPART + NDPART)!
           12                 4-BYTE INTEGER FACTORIAL LIMIT
 ************************************************************************
 Nitrogen-13
  -1       0.5       0.5       0.5       0.5                                              Pi J m_J T m_T
   2   0   6   1                                                                          lwf lsc lopc lcut
  20.10000   6.67000  29.30000  12.80000                                                  esep
   0.02950  -0.00400                                                                      eta
   0.00000   0.00000                                                                      zeta
   1.00000   0.53000   1.09000   0.72000   1.00000   1.00000   1.00000   1.00000          fscal
   1.00000   1.43000   1.99000   1.94000   2.00000   2.00000   2.00000   2.00000          ac
   0.42000   0.73000   0.42000   0.48000   0.42000   0.42000   0.24000   0.24000          aa
   0.66000   0.83000   2.30000   2.60000   4.00000   4.00000   0.40000   0.40000          ar
   1.00000   1.02000   1.00000   1.00000   0.96000   0.88000   1.00000   1.00000          alpha
   1.00000   1.00000   1.00000   1.02000   1.20000   1.20000   1.00000   1.00000          beta
     56.35    -66.41      5.97     -9.09      2.21     -0.68      0.00      0.00          gamma
  15.50000   8.50000   0.25000                                                            cutR cutA cutW
   0   0   0   0   0   0   0                                                              lfsp e_v lscat m1 m2 L nodes
   0.00000   0.00000   0.00000   0.00000   0.00000   0.00000                              wse wsv wsr wsa wbrho wbalph
  -0.00040   0.00000  -0.00050   0.00000   0.55000   0.80000                              delta eps theta ups rscal uscal
   0.58000   0.19000                                                                      qps1 qps2
   0.24000   0.92000                                                                      qsss1 qsss2
   0.00000   0.00000                                                                      qssp1 qssp2
   0.00000   0.00000                                                                      qspp1 qspp2
   0.00000   0.00000                                                                      qppp1 qppp2
 2P[441]
   1.00000                                                                                beta (LS)
   1    0.84533   0.22412   4.78034   1.23982   1.22000   3.91000   0.00000   0.00000     lfcsp spu spv spr spa spb spc spk spl
   1    1.19062  -0.24342   3.91913   1.32140   0.33000   3.33000   0.00000   0.00000     lfcpp ppu ppv ppr ppa ppb ppc ppk ppl
   1   0   0   4   1   1   0                                                              lfsp e_v lscat m1 m2 L nodes
   1.00000 -25.00000   4.00000   1.50000   0.00000   1.44000                              wse wsv wsr wsa wbrho wbalph
 ************************************************************************
 SETTING BOOKS
 ************************************************************************
 SETTING BOOKS -- DONE
 ************************************************************************
 SETTING SPIN TABLES
 ************************************************************************
 SETTING SPIN TABLES -- DONE
 ************************************************************************
 SETTING TWO BODY OPERATOR CORRELATIONS
 ************************************************************************
 SETTING TWO BODY OPERATOR CORRELATIONS -- DONE
 ************************************************************************
 SETTING THREE BODY OPERATOR CORRELATIONS
 ************************************************************************
 SETTING THREE BODY OPERATOR CORRELATIONS -- DONE
 ************************************************************************
 SETTING TWO BODY SCALAR CORRELATIONS
 ************************************************************************
 SETTING TWO BODY SCALAR CORRELATIONS -- DONE
 ************************************************************************
 READING YLM FROM: /lus/flare/projects/NucStructReact_6/flores/kal/c13.ylm
 ROOT READING SCATTERED PHI FROM: 
 /lus/flare/projects/NucStructReact_6/flores/kal/c13.phi.0.2
 ************************************************************************
 MAPPING SCATTERED PHI TO DEVICE FOR PHI KERNEL
 MAPPING SCATTERED PHI TO DEVICE -- DONE
 ************************************************************************
 WAVE FUNCTION INITIALIZATION TIME (s):       754.6655
 ************************************************************************
 ACCEPTANCE PROBABILITY:    33.46%
 ************************************************************************
 BURN IN TIME (s):       561.8512
 ************************************************************************
                              -------------
                              LOCAL AVERAGE
                              -------------
                            BLOCK:        1
                            SAMPLES:    12288

 ************************************************************************
   --------------------------------------------------------------------
                   SAMPLE COUNT DISTRIBUTIONS
   --------------------------------------------------------------------
    R (fm)      N(R_i)     N(R_ij)
    0.0500          4          0
    0.1500         44          5
    0.2500        120         41
    0.3500        268        165
    0.4500        392        458
    0.5500        714       1045
    0.6500        984       2242
    0.7500       1464       3693
    0.8500       1906       5669
    0.9500       2505       7500
    1.0500       3153       9542
    1.1500       3803      11341
    1.2500       4373      12839
    1.3500       5056      14539
    1.4500       5928      15862
    1.5500       6415      17210
    1.6500       6816      18449
    1.7500       7147      19533
    1.8500       7776      20623
    1.9500       7799      21433
    2.0500       8009      22403
    2.1500       7837      23485
    2.2500       7850      24284
    2.3500       7318      24846
    2.4500       7150      26125
    2.5500       6826      26431
    2.6500       6094      26471
    2.7500       5719      27261
    2.8500       5093      27563
    2.9500       4704      27589
    3.0500       4107      27527
    3.1500       3594      27322
    3.2500       3122      27299
    3.3500       2705      27318
    3.4500       2272      26401
    3.5500       1932      25968
    3.6500       1615      25536
    3.7500       1350      24599
    3.8500       1113      23866
    3.9500        956      22869
    4.0500        731      21776
    4.1500        573      20743
    4.2500        504      19593
    4.3500        391      18506
    4.4500        289      17518
    4.5500        236      16483
    4.6500        193      14934
    4.7500        161      13772
    4.8500        138      12909
    4.9500         88      11899
    5.0500         89      10755
    5.1500         86       9932
    5.2500         35       8929
    5.3500         34       7980
    5.4500         40       7192
    5.5500         35       6125
    5.6500         18       5591
    5.7500         13       5004
    5.8500         17       4438
    5.9500          7       3850
    6.0500          5       3378
    6.1500          9       2960
    6.2500          7       2526
    6.3500          3       2118
    6.4500          4       1922
    6.5500          1       1609
    6.6500          0       1337
    6.7500          1       1152
    6.8500          0        947
    6.9500          1        897
    7.0500          2        707
    7.1500          0        595
    7.2500          0        502
    7.3500          0        410
    7.4500          0        346
    7.5500          0        296
    7.6500          0        269
    7.7500          0        222
    7.8500          0        188
    7.9500          0        144
    8.0500          0         96
    8.1500          0        106
    8.2500          0         79
    8.3500          0         69
    8.4500          0         47
    8.5500          0         45
    8.6500          0         30
    8.7500          0         40
    8.8500          0         20
    8.9500          0         21
    9.0500          0         21
    9.1500          0         13
    9.2500          0         21
    9.3500          0          8
    9.4500          0          4
    9.5500          0         11
    9.6500          0          2
    9.7500          0          3
    9.8500          0          4
    9.9500          0          4
   10.0500          0          1
   10.1500          0          4
   10.2500          0          3
   10.3500          0          1
   10.4500          0          2
   10.5500          0          1
   10.6500          0          0
   10.7500          0          1
   10.8500          0          0
   10.9500          0          0
   11.0500          0          0
   11.1500          0          0
   11.2500          0          0
   11.3500          0          1
   11.4500          0          0
   11.5500          0          0
   11.6500          0          0
   11.7500          0          0
   11.8500          0          0
   11.9500          0          0
   12.0500          0          0
   12.1500          0          0
   12.2500          0          0
   12.3500          0          0
   12.4500          0          0
   12.5500          0          0
   12.6500          0          0
   12.7500          0          0
   12.8500          0          0
   12.9500          0          0
   13.0500          0          0
   13.1500          0          0
   13.2500          0          0
   13.3500          0          0
   13.4500          0          0
   13.5500          0          0
   13.6500          0          0
   13.7500          0          0
   13.8500          0          0
   13.9500          0          0
   14.0500          0          0
   14.1500          0          0
   14.2500          0          0
   14.3500          0          0
   14.4500          0          0
   14.5500          0          0
   14.6500          0          0
   14.7500          0          0
   14.8500          0          0
   14.9500          0          0
   15.0500          0          0
   15.1500          0          0
   15.2500          0          0
   15.3500          0          0
   15.4500          0          0
   15.5500          0          0
   15.6500          0          0
   15.7500          0          0
   15.8500          0          0
   15.9500          0          0
   16.0500          0          0
   16.1500          0          0
   16.2500          0          0
   16.3500          0          0
   16.4500          0          0
   16.5500          0          0
   16.6500          0          0
   16.7500          0          0
   16.8500          0          0
   16.9500          0          0
   17.0500          0          0
   17.1500          0          0
   17.2500          0          0
   17.3500          0          0
   17.4500          0          0
   17.5500          0          0
   17.6500          0          0
   17.7500          0          0
   17.8500          0          0
   17.9500          0          0
   18.0500          0          0
   18.1500          0          0
   18.2500          0          0
   18.3500          0          0
   18.4500          0          0
   18.5500          0          0
   18.6500          0          0
   18.7500          0          0
   18.8500          0          0
   18.9500          0          0
   19.0500          0          0
   19.1500          0          0
   19.2500          0          0
   19.3500          0          0
   19.4500          0          0
   19.5500          0          0
   19.6500          0          0
   19.7500          0          0
   19.8500          0          0
   19.9500          0          0
   --------------------------------------------------------------------
                   ONE-BODY R-SPACE DISTRIBUTIONS
   --------------------------------------------------------------------
   R_i (fm)     NEUTRON-DOWN             NEUTRON-UP               PROTON-DOWN              PROTON-UP
    0.0500  0.1889E-01 (0.9448E-02)  0.2097E-01 (0.1049E-01)  0.1896E-01 (0.9486E-02)  0.1889E-01 (0.9447E-02)
    0.1500  0.2939E-01 (0.4426E-02)  0.3241E-01 (0.4883E-02)  0.2988E-01 (0.4501E-02)  0.3044E-01 (0.4585E-02)
    0.2500  0.2926E-01 (0.2684E-02)  0.3238E-01 (0.2967E-02)  0.3042E-01 (0.2792E-02)  0.3064E-01 (0.2808E-02)
    0.3500  0.3352E-01 (0.2050E-02)  0.3658E-01 (0.2239E-02)  0.3544E-01 (0.2169E-02)  0.3518E-01 (0.2152E-02)
    0.4500  0.2964E-01 (0.1494E-02)  0.3221E-01 (0.1625E-02)  0.3163E-01 (0.1597E-02)  0.3138E-01 (0.1582E-02)
    0.5500  0.3609E-01 (0.1338E-02)  0.3892E-01 (0.1442E-02)  0.3930E-01 (0.1463E-02)  0.3813E-01 (0.1415E-02)
    0.6500  0.3559E-01 (0.1128E-02)  0.3790E-01 (0.1201E-02)  0.3930E-01 (0.1253E-02)  0.3773E-01 (0.1197E-02)
    0.7500  0.3969E-01 (0.1031E-02)  0.4212E-01 (0.1096E-02)  0.4435E-01 (0.1158E-02)  0.4214E-01 (0.1094E-02)
    0.8500  0.4009E-01 (0.9153E-03)  0.4201E-01 (0.9607E-03)  0.4563E-01 (0.1054E-02)  0.4291E-01 (0.9809E-03)
    0.9500  0.4209E-01 (0.8371E-03)  0.4395E-01 (0.8748E-03)  0.4837E-01 (0.9784E-03)  0.4517E-01 (0.9035E-03)
    1.0500  0.4336E-01 (0.7717E-03)  0.4479E-01 (0.7974E-03)  0.5025E-01 (0.9038E-03)  0.4667E-01 (0.8328E-03)
    1.1500  0.4365E-01 (0.7089E-03)  0.4496E-01 (0.7305E-03)  0.5040E-01 (0.8269E-03)  0.4710E-01 (0.7663E-03)
    1.2500  0.4220E-01 (0.6297E-03)  0.4323E-01 (0.6469E-03)  0.4987E-01 (0.7559E-03)  0.4585E-01 (0.6885E-03)
    1.3500  0.4205E-01 (0.5845E-03)  0.4278E-01 (0.5951E-03)  0.4908E-01 (0.6910E-03)  0.4567E-01 (0.6374E-03)
    1.4500  0.4261E-01 (0.5432E-03)  0.4329E-01 (0.5525E-03)  0.5022E-01 (0.6508E-03)  0.4641E-01 (0.5954E-03)
    1.5500  0.4036E-01 (0.5029E-03)  0.4082E-01 (0.5089E-03)  0.4751E-01 (0.6015E-03)  0.4417E-01 (0.5548E-03)
    1.6500  0.3771E-01 (0.4503E-03)  0.3807E-01 (0.4551E-03)  0.4495E-01 (0.5478E-03)  0.4135E-01 (0.4987E-03)
    1.7500  0.3528E-01 (0.4120E-03)  0.3549E-01 (0.4149E-03)  0.4169E-01 (0.4940E-03)  0.3864E-01 (0.4541E-03)
    1.8500  0.3425E-01 (0.3856E-03)  0.3435E-01 (0.3867E-03)  0.4088E-01 (0.4702E-03)  0.3762E-01 (0.4254E-03)
    1.9500  0.3096E-01 (0.3481E-03)  0.3095E-01 (0.3478E-03)  0.3679E-01 (0.4229E-03)  0.3410E-01 (0.3847E-03)
    2.0500  0.2873E-01 (0.3167E-03)  0.2873E-01 (0.3164E-03)  0.3423E-01 (0.3884E-03)  0.3171E-01 (0.3533E-03)
    2.1500  0.2550E-01 (0.2837E-03)  0.2543E-01 (0.2827E-03)  0.3064E-01 (0.3470E-03)  0.2821E-01 (0.3148E-03)
    2.2500  0.2333E-01 (0.2568E-03)  0.2326E-01 (0.2560E-03)  0.2792E-01 (0.3150E-03)  0.2589E-01 (0.2876E-03)
    2.3500  0.1992E-01 (0.2282E-03)  0.1981E-01 (0.2270E-03)  0.2397E-01 (0.2787E-03)  0.2210E-01 (0.2548E-03)
    2.4500  0.1787E-01 (0.2091E-03)  0.1779E-01 (0.2079E-03)  0.2155E-01 (0.2567E-03)  0.1992E-01 (0.2351E-03)
    2.5500  0.1567E-01 (0.1871E-03)  0.1560E-01 (0.1861E-03)  0.1921E-01 (0.2346E-03)  0.1749E-01 (0.2089E-03)
    2.6500  0.1295E-01 (0.1637E-03)  0.1287E-01 (0.1625E-03)  0.1586E-01 (0.2050E-03)  0.1450E-01 (0.1840E-03)
    2.7500  0.1125E-01 (0.1478E-03)  0.1117E-01 (0.1466E-03)  0.1384E-01 (0.1865E-03)  0.1271E-01 (0.1678E-03)
    2.8500  0.9272E-02 (0.1304E-03)  0.9224E-02 (0.1295E-03)  0.1154E-01 (0.1645E-03)  0.1056E-01 (0.1486E-03)
    2.9500  0.7970E-02 (0.1176E-03)  0.7939E-02 (0.1169E-03)  0.1002E-01 (0.1505E-03)  0.9074E-02 (0.1337E-03)
    3.0500  0.6464E-02 (0.1007E-03)  0.6452E-02 (0.1003E-03)  0.8224E-02 (0.1311E-03)  0.7450E-02 (0.1170E-03)
    3.1500  0.5295E-02 (0.8974E-04)  0.5271E-02 (0.8928E-04)  0.6776E-02 (0.1169E-03)  0.6113E-02 (0.1041E-03)
    3.2500  0.4274E-02 (0.7784E-04)  0.4263E-02 (0.7740E-04)  0.5618E-02 (0.1049E-03)  0.4985E-02 (0.9121E-04)
    3.3500  0.3468E-02 (0.6832E-04)  0.3464E-02 (0.6811E-04)  0.4612E-02 (0.9286E-04)  0.4064E-02 (0.8004E-04)
    3.4500  0.2742E-02 (0.5841E-04)  0.2729E-02 (0.5797E-04)  0.3644E-02 (0.7923E-04)  0.3245E-02 (0.6944E-04)
    3.5500  0.2193E-02 (0.5095E-04)  0.2183E-02 (0.5061E-04)  0.2931E-02 (0.6973E-04)  0.2620E-02 (0.6108E-04)
    3.6500  0.1706E-02 (0.4339E-04)  0.1697E-02 (0.4310E-04)  0.2336E-02 (0.6071E-04)  0.2112E-02 (0.5399E-04)
    3.7500  0.1331E-02 (0.3729E-04)  0.1325E-02 (0.3698E-04)  0.1916E-02 (0.5516E-04)  0.1645E-02 (0.4623E-04)
    3.8500  0.1031E-02 (0.3177E-04)  0.1034E-02 (0.3177E-04)  0.1507E-02 (0.4743E-04)  0.1291E-02 (0.3996E-04)
    3.9500  0.8493E-03 (0.2840E-04)  0.8481E-03 (0.2827E-04)  0.1236E-02 (0.4249E-04)  0.1035E-02 (0.3482E-04)
    4.0500  0.6008E-03 (0.2310E-04)  0.6039E-03 (0.2312E-04)  0.9161E-03 (0.3608E-04)  0.7651E-03 (0.2933E-04)
    4.1500  0.4448E-03 (0.1945E-04)  0.4506E-03 (0.1960E-04)  0.6777E-03 (0.3031E-04)  0.5814E-03 (0.2550E-04)
    4.2500  0.3758E-03 (0.1725E-04)  0.3784E-03 (0.1731E-04)  0.5756E-03 (0.2714E-04)  0.4771E-03 (0.2179E-04)
    4.3500  0.2712E-03 (0.1436E-04)  0.2744E-03 (0.1447E-04)  0.4287E-03 (0.2306E-04)  0.3638E-03 (0.1922E-04)
    4.4500  0.1939E-03 (0.1178E-04)  0.1942E-03 (0.1177E-04)  0.3033E-03 (0.1891E-04)  0.2537E-03 (0.1553E-04)
    4.5500  0.1432E-03 (0.9761E-05)  0.1447E-03 (0.9811E-05)  0.2494E-03 (0.1745E-04)  0.2010E-03 (0.1376E-04)
    4.6500  0.1139E-03 (0.8482E-05)  0.1145E-03 (0.8510E-05)  0.1940E-03 (0.1489E-04)  0.1556E-03 (0.1157E-04)
    4.7500  0.8939E-04 (0.7369E-05)  0.8944E-04 (0.7340E-05)  0.1556E-03 (0.1300E-04)  0.1277E-03 (0.1052E-04)
    4.8500  0.7139E-04 (0.6343E-05)  0.7254E-04 (0.6412E-05)  0.1294E-03 (0.1175E-04)  0.1066E-03 (0.9503E-05)
    4.9500  0.4389E-04 (0.4915E-05)  0.4403E-04 (0.4910E-05)  0.8015E-04 (0.9210E-05)  0.6450E-04 (0.7326E-05)
    5.0500  0.3968E-04 (0.4468E-05)  0.4066E-04 (0.4557E-05)  0.7754E-04 (0.8767E-05)  0.6812E-04 (0.7660E-05)
    5.1500  0.3636E-04 (0.4189E-05)  0.3724E-04 (0.4281E-05)  0.7930E-04 (0.9313E-05)  0.5707E-04 (0.6538E-05)
    5.2500  0.1419E-04 (0.2615E-05)  0.1453E-04 (0.2667E-05)  0.3126E-04 (0.5754E-05)  0.2225E-04 (0.3931E-05)
    5.3500  0.1324E-04 (0.2459E-05)  0.1327E-04 (0.2438E-05)  0.2775E-04 (0.5243E-05)  0.2267E-04 (0.4282E-05)
    5.4500  0.1552E-04 (0.2626E-05)  0.1623E-04 (0.2731E-05)  0.3127E-04 (0.5329E-05)  0.2419E-04 (0.4139E-05)
    5.5500  0.1267E-04 (0.2250E-05)  0.1275E-04 (0.2264E-05)  0.2629E-04 (0.4650E-05)  0.2187E-04 (0.3851E-05)
    5.6500  0.5925E-05 (0.1497E-05)  0.6117E-05 (0.1540E-05)  0.1484E-04 (0.3765E-05)  0.9634E-05 (0.2360E-05)
    5.7500  0.4413E-05 (0.1266E-05)  0.4394E-05 (0.1254E-05)  0.8107E-05 (0.2363E-05)  0.8548E-05 (0.2522E-05)
    5.8500  0.5634E-05 (0.1457E-05)  0.5724E-05 (0.1476E-05)  0.1170E-04 (0.3060E-05)  0.9108E-05 (0.2253E-05)
    5.9500  0.1893E-05 (0.7570E-06)  0.2045E-05 (0.8239E-06)  0.5473E-05 (0.2207E-05)  0.3393E-05 (0.1335E-05)
    6.0500  0.1720E-05 (0.8029E-06)  0.1759E-05 (0.8241E-06)  0.3057E-05 (0.1480E-05)  0.2311E-05 (0.1039E-05)
    6.1500  0.2706E-05 (0.9600E-06)  0.2848E-05 (0.1018E-05)  0.5371E-05 (0.1992E-05)  0.4485E-05 (0.1602E-05)
    6.2500  0.2157E-05 (0.8264E-06)  0.2203E-05 (0.8454E-06)  0.3470E-05 (0.1331E-05)  0.3774E-05 (0.1476E-05)
    6.3500  0.6107E-06 (0.4026E-06)  0.6783E-06 (0.4365E-06)  0.2322E-05 (0.1396E-05)  0.1207E-05 (0.7051E-06)
    6.4500  0.7120E-06 (0.3879E-06)  0.8398E-06 (0.4498E-06)  0.3421E-05 (0.1772E-05)  0.1253E-05 (0.6454E-06)
    6.5500  0.2844E-06 (0.2844E-06)  0.3173E-06 (0.3173E-06)  0.5417E-06 (0.5417E-06)  0.3661E-06 (0.3661E-06)
    6.6500  0.0000E+00 (0.0000E+00)  0.0000E+00 (0.0000E+00)  0.0000E+00 (0.0000E+00)  0.0000E+00 (0.0000E+00)
    6.7500  0.1661E-06 (0.1661E-06)  0.1845E-06 (0.1845E-06)  0.7516E-06 (0.7516E-06)  0.3191E-06 (0.3191E-06)
    6.8500  0.0000E+00 (0.0000E+00)  0.0000E+00 (0.0000E+00)  0.0000E+00 (0.0000E+00)  0.0000E+00 (0.0000E+00)
    6.9500  0.2701E-07 (0.2701E-07)  0.2728E-07 (0.2728E-07)  0.1168E-05 (0.1168E-05)  0.1183E-06 (0.1183E-06)
    7.0500  0.2447E-06 (0.1800E-06)  0.2695E-06 (0.1974E-06)  0.1715E-05 (0.1225E-05)  0.3761E-06 (0.2748E-06)
    7.1500  0.0000E+00 (0.0000E+00)  0.0000E+00 (0.0000E+00)  0.0000E+00 (0.0000E+00)  0.0000E+00 (0.0000E+00)
    7.2500  0.0000E+00 (0.0000E+00)  0.0000E+00 (0.0000E+00)  0.0000E+00 (0.0000E+00)  0.0000E+00 (0.0000E+00)
    7.3500  0.0000E+00 (0.0000E+00)  0.0000E+00 (0.0000E+00)  0.0000E+00 (0.0000E+00)  0.0000E+00 (0.0000E+00)
    7.4500  0.0000E+00 (0.0000E+00)  0.0000E+00 (0.0000E+00)  0.0000E+00 (0.0000E+00)  0.0000E+00 (0.0000E+00)
    7.5500  0.0000E+00 (0.0000E+00)  0.0000E+00 (0.0000E+00)  0.0000E+00 (0.0000E+00)  0.0000E+00 (0.0000E+00)
    7.6500  0.0000E+00 (0.0000E+00)  0.0000E+00 (0.0000E+00)  0.0000E+00 (0.0000E+00)  0.0000E+00 (0.0000E+00)
    7.7500  0.0000E+00 (0.0000E+00)  0.0000E+00 (0.0000E+00)  0.0000E+00 (0.0000E+00)  0.0000E+00 (0.0000E+00)
    7.8500  0.0000E+00 (0.0000E+00)  0.0000E+00 (0.0000E+00)  0.0000E+00 (0.0000E+00)  0.0000E+00 (0.0000E+00)
    7.9500  0.0000E+00 (0.0000E+00)  0.0000E+00 (0.0000E+00)  0.0000E+00 (0.0000E+00)  0.0000E+00 (0.0000E+00)
    8.0500  0.0000E+00 (0.0000E+00)  0.0000E+00 (0.0000E+00)  0.0000E+00 (0.0000E+00)  0.0000E+00 (0.0000E+00)
    8.1500  0.0000E+00 (0.0000E+00)  0.0000E+00 (0.0000E+00)  0.0000E+00 (0.0000E+00)  0.0000E+00 (0.0000E+00)
    8.2500  0.0000E+00 (0.0000E+00)  0.0000E+00 (0.0000E+00)  0.0000E+00 (0.0000E+00)  0.0000E+00 (0.0000E+00)
    8.3500  0.0000E+00 (0.0000E+00)  0.0000E+00 (0.0000E+00)  0.0000E+00 (0.0000E+00)  0.0000E+00 (0.0000E+00)
    8.4500  0.0000E+00 (0.0000E+00)  0.0000E+00 (0.0000E+00)  0.0000E+00 (0.0000E+00)  0.0000E+00 (0.0000E+00)
    8.5500  0.0000E+00 (0.0000E+00)  0.0000E+00 (0.0000E+00)  0.0000E+00 (0.0000E+00)  0.0000E+00 (0.0000E+00)
    8.6500  0.0000E+00 (0.0000E+00)  0.0000E+00 (0.0000E+00)  0.0000E+00 (0.0000E+00)  0.0000E+00 (0.0000E+00)
    8.7500  0.0000E+00 (0.0000E+00)  0.0000E+00 (0.0000E+00)  0.0000E+00 (0.0000E+00)  0.0000E+00 (0.0000E+00)
    8.8500  0.0000E+00 (0.0000E+00)  0.0000E+00 (0.0000E+00)  0.0000E+00 (0.0000E+00)  0.0000E+00 (0.0000E+00)
    8.9500  0.0000E+00 (0.0000E+00)  0.0000E+00 (0.0000E+00)  0.0000E+00 (0.0000E+00)  0.0000E+00 (0.0000E+00)
    9.0500  0.0000E+00 (0.0000E+00)  0.0000E+00 (0.0000E+00)  0.0000E+00 (0.0000E+00)  0.0000E+00 (0.0000E+00)
    9.1500  0.0000E+00 (0.0000E+00)  0.0000E+00 (0.0000E+00)  0.0000E+00 (0.0000E+00)  0.0000E+00 (0.0000E+00)
    9.2500  0.0000E+00 (0.0000E+00)  0.0000E+00 (0.0000E+00)  0.0000E+00 (0.0000E+00)  0.0000E+00 (0.0000E+00)
    9.3500  0.0000E+00 (0.0000E+00)  0.0000E+00 (0.0000E+00)  0.0000E+00 (0.0000E+00)  0.0000E+00 (0.0000E+00)
    9.4500  0.0000E+00 (0.0000E+00)  0.0000E+00 (0.0000E+00)  0.0000E+00 (0.0000E+00)  0.0000E+00 (0.0000E+00)
    9.5500  0.0000E+00 (0.0000E+00)  0.0000E+00 (0.0000E+00)  0.0000E+00 (0.0000E+00)  0.0000E+00 (0.0000E+00)
    9.6500  0.0000E+00 (0.0000E+00)  0.0000E+00 (0.0000E+00)  0.0000E+00 (0.0000E+00)  0.0000E+00 (0.0000E+00)
    9.7500  0.0000E+00 (0.0000E+00)  0.0000E+00 (0.0000E+00)  0.0000E+00 (0.0000E+00)  0.0000E+00 (0.0000E+00)
    9.8500  0.0000E+00 (0.0000E+00)  0.0000E+00 (0.0000E+00)  0.0000E+00 (0.0000E+00)  0.0000E+00 (0.0000E+00)
    9.9500  0.0000E+00 (0.0000E+00)  0.0000E+00 (0.0000E+00)  0.0000E+00 (0.0000E+00)  0.0000E+00 (0.0000E+00)
   10.0500  0.0000E+00 (0.0000E+00)  0.0000E+00 (0.0000E+00)  0.0000E+00 (0.0000E+00)  0.0000E+00 (0.0000E+00)
   10.1500  0.0000E+00 (0.0000E+00)  0.0000E+00 (0.0000E+00)  0.0000E+00 (0.0000E+00)  0.0000E+00 (0.0000E+00)
   10.2500  0.0000E+00 (0.0000E+00)  0.0000E+00 (0.0000E+00)  0.0000E+00 (0.0000E+00)  0.0000E+00 (0.0000E+00)
   10.3500  0.0000E+00 (0.0000E+00)  0.0000E+00 (0.0000E+00)  0.0000E+00 (0.0000E+00)  0.0000E+00 (0.0000E+00)
   10.4500  0.0000E+00 (0.0000E+00)  0.0000E+00 (0.0000E+00)  0.0000E+00 (0.0000E+00)  0.0000E+00 (0.0000E+00)
   10.5500  0.0000E+00 (0.0000E+00)  0.0000E+00 (0.0000E+00)  0.0000E+00 (0.0000E+00)  0.0000E+00 (0.0000E+00)
   10.6500  0.0000E+00 (0.0000E+00)  0.0000E+00 (0.0000E+00)  0.0000E+00 (0.0000E+00)  0.0000E+00 (0.0000E+00)
   10.7500  0.0000E+00 (0.0000E+00)  0.0000E+00 (0.0000E+00)  0.0000E+00 (0.0000E+00)  0.0000E+00 (0.0000E+00)
   10.8500  0.0000E+00 (0.0000E+00)  0.0000E+00 (0.0000E+00)  0.0000E+00 (0.0000E+00)  0.0000E+00 (0.0000E+00)
   10.9500  0.0000E+00 (0.0000E+00)  0.0000E+00 (0.0000E+00)  0.0000E+00 (0.0000E+00)  0.0000E+00 (0.0000E+00)
   11.0500  0.0000E+00 (0.0000E+00)  0.0000E+00 (0.0000E+00)  0.0000E+00 (0.0000E+00)  0.0000E+00 (0.0000E+00)
   11.1500  0.0000E+00 (0.0000E+00)  0.0000E+00 (0.0000E+00)  0.0000E+00 (0.0000E+00)  0.0000E+00 (0.0000E+00)
   11.2500  0.0000E+00 (0.0000E+00)  0.0000E+00 (0.0000E+00)  0.0000E+00 (0.0000E+00)  0.0000E+00 (0.0000E+00)
   11.3500  0.0000E+00 (0.0000E+00)  0.0000E+00 (0.0000E+00)  0.0000E+00 (0.0000E+00)  0.0000E+00 (0.0000E+00)
   11.4500  0.0000E+00 (0.0000E+00)  0.0000E+00 (0.0000E+00)  0.0000E+00 (0.0000E+00)  0.0000E+00 (0.0000E+00)
   11.5500  0.0000E+00 (0.0000E+00)  0.0000E+00 (0.0000E+00)  0.0000E+00 (0.0000E+00)  0.0000E+00 (0.0000E+00)
   11.6500  0.0000E+00 (0.0000E+00)  0.0000E+00 (0.0000E+00)  0.0000E+00 (0.0000E+00)  0.0000E+00 (0.0000E+00)
   11.7500  0.0000E+00 (0.0000E+00)  0.0000E+00 (0.0000E+00)  0.0000E+00 (0.0000E+00)  0.0000E+00 (0.0000E+00)
   11.8500  0.0000E+00 (0.0000E+00)  0.0000E+00 (0.0000E+00)  0.0000E+00 (0.0000E+00)  0.0000E+00 (0.0000E+00)
   11.9500  0.0000E+00 (0.0000E+00)  0.0000E+00 (0.0000E+00)  0.0000E+00 (0.0000E+00)  0.0000E+00 (0.0000E+00)
   12.0500  0.0000E+00 (0.0000E+00)  0.0000E+00 (0.0000E+00)  0.0000E+00 (0.0000E+00)  0.0000E+00 (0.0000E+00)
   12.1500  0.0000E+00 (0.0000E+00)  0.0000E+00 (0.0000E+00)  0.0000E+00 (0.0000E+00)  0.0000E+00 (0.0000E+00)
   12.2500  0.0000E+00 (0.0000E+00)  0.0000E+00 (0.0000E+00)  0.0000E+00 (0.0000E+00)  0.0000E+00 (0.0000E+00)
   12.3500  0.0000E+00 (0.0000E+00)  0.0000E+00 (0.0000E+00)  0.0000E+00 (0.0000E+00)  0.0000E+00 (0.0000E+00)
   12.4500  0.0000E+00 (0.0000E+00)  0.0000E+00 (0.0000E+00)  0.0000E+00 (0.0000E+00)  0.0000E+00 (0.0000E+00)
   12.5500  0.0000E+00 (0.0000E+00)  0.0000E+00 (0.0000E+00)  0.0000E+00 (0.0000E+00)  0.0000E+00 (0.0000E+00)
   12.6500  0.0000E+00 (0.0000E+00)  0.0000E+00 (0.0000E+00)  0.0000E+00 (0.0000E+00)  0.0000E+00 (0.0000E+00)
   12.7500  0.0000E+00 (0.0000E+00)  0.0000E+00 (0.0000E+00)  0.0000E+00 (0.0000E+00)  0.0000E+00 (0.0000E+00)
   12.8500  0.0000E+00 (0.0000E+00)  0.0000E+00 (0.0000E+00)  0.0000E+00 (0.0000E+00)  0.0000E+00 (0.0000E+00)
   12.9500  0.0000E+00 (0.0000E+00)  0.0000E+00 (0.0000E+00)  0.0000E+00 (0.0000E+00)  0.0000E+00 (0.0000E+00)
   13.0500  0.0000E+00 (0.0000E+00)  0.0000E+00 (0.0000E+00)  0.0000E+00 (0.0000E+00)  0.0000E+00 (0.0000E+00)
   13.1500  0.0000E+00 (0.0000E+00)  0.0000E+00 (0.0000E+00)  0.0000E+00 (0.0000E+00)  0.0000E+00 (0.0000E+00)
   13.2500  0.0000E+00 (0.0000E+00)  0.0000E+00 (0.0000E+00)  0.0000E+00 (0.0000E+00)  0.0000E+00 (0.0000E+00)
   13.3500  0.0000E+00 (0.0000E+00)  0.0000E+00 (0.0000E+00)  0.0000E+00 (0.0000E+00)  0.0000E+00 (0.0000E+00)
   13.4500  0.0000E+00 (0.0000E+00)  0.0000E+00 (0.0000E+00)  0.0000E+00 (0.0000E+00)  0.0000E+00 (0.0000E+00)
   13.5500  0.0000E+00 (0.0000E+00)  0.0000E+00 (0.0000E+00)  0.0000E+00 (0.0000E+00)  0.0000E+00 (0.0000E+00)
   13.6500  0.0000E+00 (0.0000E+00)  0.0000E+00 (0.0000E+00)  0.0000E+00 (0.0000E+00)  0.0000E+00 (0.0000E+00)
   13.7500  0.0000E+00 (0.0000E+00)  0.0000E+00 (0.0000E+00)  0.0000E+00 (0.0000E+00)  0.0000E+00 (0.0000E+00)
   13.8500  0.0000E+00 (0.0000E+00)  0.0000E+00 (0.0000E+00)  0.0000E+00 (0.0000E+00)  0.0000E+00 (0.0000E+00)
   13.9500  0.0000E+00 (0.0000E+00)  0.0000E+00 (0.0000E+00)  0.0000E+00 (0.0000E+00)  0.0000E+00 (0.0000E+00)
   14.0500  0.0000E+00 (0.0000E+00)  0.0000E+00 (0.0000E+00)  0.0000E+00 (0.0000E+00)  0.0000E+00 (0.0000E+00)
   14.1500  0.0000E+00 (0.0000E+00)  0.0000E+00 (0.0000E+00)  0.0000E+00 (0.0000E+00)  0.0000E+00 (0.0000E+00)
   14.2500  0.0000E+00 (0.0000E+00)  0.0000E+00 (0.0000E+00)  0.0000E+00 (0.0000E+00)  0.0000E+00 (0.0000E+00)
   14.3500  0.0000E+00 (0.0000E+00)  0.0000E+00 (0.0000E+00)  0.0000E+00 (0.0000E+00)  0.0000E+00 (0.0000E+00)
   14.4500  0.0000E+00 (0.0000E+00)  0.0000E+00 (0.0000E+00)  0.0000E+00 (0.0000E+00)  0.0000E+00 (0.0000E+00)
   14.5500  0.0000E+00 (0.0000E+00)  0.0000E+00 (0.0000E+00)  0.0000E+00 (0.0000E+00)  0.0000E+00 (0.0000E+00)
   14.6500  0.0000E+00 (0.0000E+00)  0.0000E+00 (0.0000E+00)  0.0000E+00 (0.0000E+00)  0.0000E+00 (0.0000E+00)
   14.7500  0.0000E+00 (0.0000E+00)  0.0000E+00 (0.0000E+00)  0.0000E+00 (0.0000E+00)  0.0000E+00 (0.0000E+00)
   14.8500  0.0000E+00 (0.0000E+00)  0.0000E+00 (0.0000E+00)  0.0000E+00 (0.0000E+00)  0.0000E+00 (0.0000E+00)
   14.9500  0.0000E+00 (0.0000E+00)  0.0000E+00 (0.0000E+00)  0.0000E+00 (0.0000E+00)  0.0000E+00 (0.0000E+00)
   15.0500  0.0000E+00 (0.0000E+00)  0.0000E+00 (0.0000E+00)  0.0000E+00 (0.0000E+00)  0.0000E+00 (0.0000E+00)
   15.1500  0.0000E+00 (0.0000E+00)  0.0000E+00 (0.0000E+00)  0.0000E+00 (0.0000E+00)  0.0000E+00 (0.0000E+00)
   15.2500  0.0000E+00 (0.0000E+00)  0.0000E+00 (0.0000E+00)  0.0000E+00 (0.0000E+00)  0.0000E+00 (0.0000E+00)
   15.3500  0.0000E+00 (0.0000E+00)  0.0000E+00 (0.0000E+00)  0.0000E+00 (0.0000E+00)  0.0000E+00 (0.0000E+00)
   15.4500  0.0000E+00 (0.0000E+00)  0.0000E+00 (0.0000E+00)  0.0000E+00 (0.0000E+00)  0.0000E+00 (0.0000E+00)
   15.5500  0.0000E+00 (0.0000E+00)  0.0000E+00 (0.0000E+00)  0.0000E+00 (0.0000E+00)  0.0000E+00 (0.0000E+00)
   15.6500  0.0000E+00 (0.0000E+00)  0.0000E+00 (0.0000E+00)  0.0000E+00 (0.0000E+00)  0.0000E+00 (0.0000E+00)
   15.7500  0.0000E+00 (0.0000E+00)  0.0000E+00 (0.0000E+00)  0.0000E+00 (0.0000E+00)  0.0000E+00 (0.0000E+00)
   15.8500  0.0000E+00 (0.0000E+00)  0.0000E+00 (0.0000E+00)  0.0000E+00 (0.0000E+00)  0.0000E+00 (0.0000E+00)
   15.9500  0.0000E+00 (0.0000E+00)  0.0000E+00 (0.0000E+00)  0.0000E+00 (0.0000E+00)  0.0000E+00 (0.0000E+00)
   16.0500  0.0000E+00 (0.0000E+00)  0.0000E+00 (0.0000E+00)  0.0000E+00 (0.0000E+00)  0.0000E+00 (0.0000E+00)
   16.1500  0.0000E+00 (0.0000E+00)  0.0000E+00 (0.0000E+00)  0.0000E+00 (0.0000E+00)  0.0000E+00 (0.0000E+00)
   16.2500  0.0000E+00 (0.0000E+00)  0.0000E+00 (0.0000E+00)  0.0000E+00 (0.0000E+00)  0.0000E+00 (0.0000E+00)
   16.3500  0.0000E+00 (0.0000E+00)  0.0000E+00 (0.0000E+00)  0.0000E+00 (0.0000E+00)  0.0000E+00 (0.0000E+00)
   16.4500  0.0000E+00 (0.0000E+00)  0.0000E+00 (0.0000E+00)  0.0000E+00 (0.0000E+00)  0.0000E+00 (0.0000E+00)
   16.5500  0.0000E+00 (0.0000E+00)  0.0000E+00 (0.0000E+00)  0.0000E+00 (0.0000E+00)  0.0000E+00 (0.0000E+00)
   16.6500  0.0000E+00 (0.0000E+00)  0.0000E+00 (0.0000E+00)  0.0000E+00 (0.0000E+00)  0.0000E+00 (0.0000E+00)
   16.7500  0.0000E+00 (0.0000E+00)  0.0000E+00 (0.0000E+00)  0.0000E+00 (0.0000E+00)  0.0000E+00 (0.0000E+00)
   16.8500  0.0000E+00 (0.0000E+00)  0.0000E+00 (0.0000E+00)  0.0000E+00 (0.0000E+00)  0.0000E+00 (0.0000E+00)
   16.9500  0.0000E+00 (0.0000E+00)  0.0000E+00 (0.0000E+00)  0.0000E+00 (0.0000E+00)  0.0000E+00 (0.0000E+00)
   17.0500  0.0000E+00 (0.0000E+00)  0.0000E+00 (0.0000E+00)  0.0000E+00 (0.0000E+00)  0.0000E+00 (0.0000E+00)
   17.1500  0.0000E+00 (0.0000E+00)  0.0000E+00 (0.0000E+00)  0.0000E+00 (0.0000E+00)  0.0000E+00 (0.0000E+00)
   17.2500  0.0000E+00 (0.0000E+00)  0.0000E+00 (0.0000E+00)  0.0000E+00 (0.0000E+00)  0.0000E+00 (0.0000E+00)
   17.3500  0.0000E+00 (0.0000E+00)  0.0000E+00 (0.0000E+00)  0.0000E+00 (0.0000E+00)  0.0000E+00 (0.0000E+00)
   17.4500  0.0000E+00 (0.0000E+00)  0.0000E+00 (0.0000E+00)  0.0000E+00 (0.0000E+00)  0.0000E+00 (0.0000E+00)
   17.5500  0.0000E+00 (0.0000E+00)  0.0000E+00 (0.0000E+00)  0.0000E+00 (0.0000E+00)  0.0000E+00 (0.0000E+00)
   17.6500  0.0000E+00 (0.0000E+00)  0.0000E+00 (0.0000E+00)  0.0000E+00 (0.0000E+00)  0.0000E+00 (0.0000E+00)
   17.7500  0.0000E+00 (0.0000E+00)  0.0000E+00 (0.0000E+00)  0.0000E+00 (0.0000E+00)  0.0000E+00 (0.0000E+00)
   17.8500  0.0000E+00 (0.0000E+00)  0.0000E+00 (0.0000E+00)  0.0000E+00 (0.0000E+00)  0.0000E+00 (0.0000E+00)
   17.9500  0.0000E+00 (0.0000E+00)  0.0000E+00 (0.0000E+00)  0.0000E+00 (0.0000E+00)  0.0000E+00 (0.0000E+00)
   18.0500  0.0000E+00 (0.0000E+00)  0.0000E+00 (0.0000E+00)  0.0000E+00 (0.0000E+00)  0.0000E+00 (0.0000E+00)
   18.1500  0.0000E+00 (0.0000E+00)  0.0000E+00 (0.0000E+00)  0.0000E+00 (0.0000E+00)  0.0000E+00 (0.0000E+00)
   18.2500  0.0000E+00 (0.0000E+00)  0.0000E+00 (0.0000E+00)  0.0000E+00 (0.0000E+00)  0.0000E+00 (0.0000E+00)
   18.3500  0.0000E+00 (0.0000E+00)  0.0000E+00 (0.0000E+00)  0.0000E+00 (0.0000E+00)  0.0000E+00 (0.0000E+00)
   18.4500  0.0000E+00 (0.0000E+00)  0.0000E+00 (0.0000E+00)  0.0000E+00 (0.0000E+00)  0.0000E+00 (0.0000E+00)
   18.5500  0.0000E+00 (0.0000E+00)  0.0000E+00 (0.0000E+00)  0.0000E+00 (0.0000E+00)  0.0000E+00 (0.0000E+00)
   18.6500  0.0000E+00 (0.0000E+00)  0.0000E+00 (0.0000E+00)  0.0000E+00 (0.0000E+00)  0.0000E+00 (0.0000E+00)
   18.7500  0.0000E+00 (0.0000E+00)  0.0000E+00 (0.0000E+00)  0.0000E+00 (0.0000E+00)  0.0000E+00 (0.0000E+00)
   18.8500  0.0000E+00 (0.0000E+00)  0.0000E+00 (0.0000E+00)  0.0000E+00 (0.0000E+00)  0.0000E+00 (0.0000E+00)
   18.9500  0.0000E+00 (0.0000E+00)  0.0000E+00 (0.0000E+00)  0.0000E+00 (0.0000E+00)  0.0000E+00 (0.0000E+00)
   19.0500  0.0000E+00 (0.0000E+00)  0.0000E+00 (0.0000E+00)  0.0000E+00 (0.0000E+00)  0.0000E+00 (0.0000E+00)
   19.1500  0.0000E+00 (0.0000E+00)  0.0000E+00 (0.0000E+00)  0.0000E+00 (0.0000E+00)  0.0000E+00 (0.0000E+00)
   19.2500  0.0000E+00 (0.0000E+00)  0.0000E+00 (0.0000E+00)  0.0000E+00 (0.0000E+00)  0.0000E+00 (0.0000E+00)
   19.3500  0.0000E+00 (0.0000E+00)  0.0000E+00 (0.0000E+00)  0.0000E+00 (0.0000E+00)  0.0000E+00 (0.0000E+00)
   19.4500  0.0000E+00 (0.0000E+00)  0.0000E+00 (0.0000E+00)  0.0000E+00 (0.0000E+00)  0.0000E+00 (0.0000E+00)
   19.5500  0.0000E+00 (0.0000E+00)  0.0000E+00 (0.0000E+00)  0.0000E+00 (0.0000E+00)  0.0000E+00 (0.0000E+00)
   19.6500  0.0000E+00 (0.0000E+00)  0.0000E+00 (0.0000E+00)  0.0000E+00 (0.0000E+00)  0.0000E+00 (0.0000E+00)
   19.7500  0.0000E+00 (0.0000E+00)  0.0000E+00 (0.0000E+00)  0.0000E+00 (0.0000E+00)  0.0000E+00 (0.0000E+00)
   19.8500  0.0000E+00 (0.0000E+00)  0.0000E+00 (0.0000E+00)  0.0000E+00 (0.0000E+00)  0.0000E+00 (0.0000E+00)
   19.9500  0.0000E+00 (0.0000E+00)  0.0000E+00 (0.0000E+00)  0.0000E+00 (0.0000E+00)  0.0000E+00 (0.0000E+00)
   --------------------------------------------------------------------
                   TWO-BODY R-SPACE DISTRIBUTIONS
   --------------------------------------------------------------------
   R_ij (fm)      NN (S=0)                NP (S=0)               PP (S=0)
    0.0500  0.0000E+00 (0.0000E+00)  0.0000E+00 (0.0000E+00)  0.0000E+00 (0.0000E+00)
    0.1500  0.1213E-02 (0.5548E-03)  0.1469E-02 (0.6616E-03)  0.1680E-02 (0.7628E-03)
    0.2500  0.4109E-02 (0.6731E-03)  0.4511E-02 (0.7250E-03)  0.4783E-02 (0.7682E-03)
    0.3500  0.8809E-02 (0.6964E-03)  0.9784E-02 (0.7605E-03)  0.1030E-01 (0.8077E-03)
    0.4500  0.1568E-01 (0.7510E-03)  0.1749E-01 (0.8272E-03)  0.1840E-01 (0.8814E-03)
    0.5500  0.2473E-01 (0.7734E-03)  0.2762E-01 (0.8506E-03)  0.2884E-01 (0.8949E-03)
    0.6500  0.3878E-01 (0.8393E-03)  0.4373E-01 (0.9305E-03)  0.4566E-01 (0.9823E-03)
    0.7500  0.4841E-01 (0.8091E-03)  0.5517E-01 (0.9074E-03)  0.5723E-01 (0.9501E-03)
    0.8500  0.5812E-01 (0.7843E-03)  0.6677E-01 (0.8873E-03)  0.6844E-01 (0.9163E-03)
    0.9500  0.6101E-01 (0.7324E-03)  0.7125E-01 (0.8440E-03)  0.7248E-01 (0.8634E-03)
    1.0500  0.6299E-01 (0.6609E-03)  0.7451E-01 (0.7703E-03)  0.7458E-01 (0.7775E-03)
    1.1500  0.6139E-01 (0.5844E-03)  0.7410E-01 (0.6947E-03)  0.7333E-01 (0.6930E-03)
    1.2500  0.5798E-01 (0.5264E-03)  0.7118E-01 (0.6385E-03)  0.6896E-01 (0.6212E-03)
    1.3500  0.5482E-01 (0.4651E-03)  0.6910E-01 (0.5774E-03)  0.6572E-01 (0.5523E-03)
    1.4500  0.5063E-01 (0.4176E-03)  0.6540E-01 (0.5326E-03)  0.6080E-01 (0.4968E-03)
    1.5500  0.4684E-01 (0.3724E-03)  0.6201E-01 (0.4864E-03)  0.5647E-01 (0.4463E-03)
    1.6500  0.4290E-01 (0.3234E-03)  0.5854E-01 (0.4354E-03)  0.5208E-01 (0.3904E-03)
    1.7500  0.3920E-01 (0.2919E-03)  0.5498E-01 (0.4038E-03)  0.4788E-01 (0.3561E-03)
    1.8500  0.3571E-01 (0.2598E-03)  0.5175E-01 (0.3697E-03)  0.4379E-01 (0.3175E-03)
    1.9500  0.3220E-01 (0.2291E-03)  0.4815E-01 (0.3365E-03)  0.3965E-01 (0.2815E-03)
    2.0500  0.2942E-01 (0.2058E-03)  0.4537E-01 (0.3101E-03)  0.3641E-01 (0.2536E-03)
    2.1500  0.2694E-01 (0.1842E-03)  0.4305E-01 (0.2864E-03)  0.3372E-01 (0.2298E-03)
    2.2500  0.2458E-01 (0.1663E-03)  0.4047E-01 (0.2665E-03)  0.3079E-01 (0.2067E-03)
    2.3500  0.2228E-01 (0.1476E-03)  0.3783E-01 (0.2433E-03)  0.2809E-01 (0.1855E-03)
    2.4500  0.2064E-01 (0.1339E-03)  0.3641E-01 (0.2284E-03)  0.2628E-01 (0.1697E-03)
    2.5500  0.1878E-01 (0.1231E-03)  0.3392E-01 (0.2127E-03)  0.2397E-01 (0.1548E-03)
    2.6500  0.1689E-01 (0.1089E-03)  0.3138E-01 (0.1946E-03)  0.2173E-01 (0.1397E-03)
    2.7500  0.1569E-01 (0.9959E-04)  0.2991E-01 (0.1817E-03)  0.2017E-01 (0.1270E-03)
    2.8500  0.1437E-01 (0.9075E-04)  0.2811E-01 (0.1697E-03)  0.1862E-01 (0.1170E-03)
    2.9500  0.1310E-01 (0.8204E-04)  0.2620E-01 (0.1575E-03)  0.1701E-01 (0.1061E-03)
    3.0500  0.1199E-01 (0.7561E-04)  0.2442E-01 (0.1468E-03)  0.1563E-01 (0.9759E-04)
    3.1500  0.1091E-01 (0.6775E-04)  0.2269E-01 (0.1356E-03)  0.1434E-01 (0.8895E-04)
    3.2500  0.1006E-01 (0.6333E-04)  0.2126E-01 (0.1282E-03)  0.1323E-01 (0.8273E-04)
    3.3500  0.9374E-02 (0.5802E-04)  0.2002E-01 (0.1191E-03)  0.1230E-01 (0.7576E-04)
    3.4500  0.8404E-02 (0.5262E-04)  0.1823E-01 (0.1091E-03)  0.1111E-01 (0.6929E-04)
    3.5500  0.7762E-02 (0.4943E-04)  0.1693E-01 (0.1042E-03)  0.1023E-01 (0.6506E-04)
    3.6500  0.7164E-02 (0.4633E-04)  0.1574E-01 (0.9774E-04)  0.9458E-02 (0.6048E-04)
    3.7500  0.6462E-02 (0.4229E-04)  0.1436E-01 (0.9021E-04)  0.8592E-02 (0.5576E-04)
    3.8500  0.5923E-02 (0.4001E-04)  0.1321E-01 (0.8611E-04)  0.7880E-02 (0.5312E-04)
    3.9500  0.5380E-02 (0.3683E-04)  0.1203E-01 (0.7927E-04)  0.7153E-02 (0.4845E-04)
    4.0500  0.4847E-02 (0.3409E-04)  0.1090E-01 (0.7386E-04)  0.6481E-02 (0.4488E-04)
    4.1500  0.4413E-02 (0.3161E-04)  0.9889E-02 (0.6827E-04)  0.5886E-02 (0.4167E-04)
    4.2500  0.3964E-02 (0.2973E-04)  0.8912E-02 (0.6462E-04)  0.5297E-02 (0.3919E-04)
    4.3500  0.3583E-02 (0.2818E-04)  0.8033E-02 (0.6111E-04)  0.4778E-02 (0.3699E-04)
    4.4500  0.3243E-02 (0.2604E-04)  0.7271E-02 (0.5650E-04)  0.4341E-02 (0.3432E-04)
    4.5500  0.2927E-02 (0.2425E-04)  0.6545E-02 (0.5293E-04)  0.3891E-02 (0.3198E-04)
    4.6500  0.2547E-02 (0.2242E-04)  0.5683E-02 (0.4843E-04)  0.3404E-02 (0.2945E-04)
    4.7500  0.2259E-02 (0.2070E-04)  0.5027E-02 (0.4476E-04)  0.3017E-02 (0.2714E-04)
    4.8500  0.2027E-02 (0.1933E-04)  0.4520E-02 (0.4187E-04)  0.2732E-02 (0.2569E-04)
    4.9500  0.1798E-02 (0.1798E-04)  0.4006E-02 (0.3894E-04)  0.2440E-02 (0.2409E-04)
    5.0500  0.1571E-02 (0.1661E-04)  0.3480E-02 (0.3574E-04)  0.2123E-02 (0.2208E-04)
    5.1500  0.1402E-02 (0.1536E-04)  0.3094E-02 (0.3299E-04)  0.1898E-02 (0.2047E-04)
    5.2500  0.1218E-02 (0.1414E-04)  0.2681E-02 (0.3010E-04)  0.1659E-02 (0.1880E-04)
    5.3500  0.1051E-02 (0.1306E-04)  0.2310E-02 (0.2782E-04)  0.1438E-02 (0.1755E-04)
    5.4500  0.9242E-03 (0.1214E-04)  0.2008E-02 (0.2558E-04)  0.1251E-02 (0.1605E-04)
    5.5500  0.7554E-03 (0.1078E-04)  0.1652E-02 (0.2283E-04)  0.1039E-02 (0.1450E-04)
    5.6500  0.6713E-03 (0.1002E-04)  0.1458E-02 (0.2107E-04)  0.9242E-03 (0.1355E-04)
    5.7500  0.5800E-03 (0.9092E-05)  0.1261E-02 (0.1910E-04)  0.7974E-03 (0.1223E-04)
    5.8500  0.4922E-03 (0.8193E-05)  0.1082E-02 (0.1747E-04)  0.6924E-03 (0.1137E-04)
    5.9500  0.4175E-03 (0.7687E-05)  0.9085E-03 (0.1618E-04)  0.5825E-03 (0.1045E-04)
    6.0500  0.3568E-03 (0.6849E-05)  0.7737E-03 (0.1427E-04)  0.5023E-03 (0.9367E-05)
    6.1500  0.3031E-03 (0.6217E-05)  0.6573E-03 (0.1298E-04)  0.4292E-03 (0.8615E-05)
    6.2500  0.2516E-03 (0.5644E-05)  0.5437E-03 (0.1172E-04)  0.3546E-03 (0.7745E-05)
    6.3500  0.2036E-03 (0.4962E-05)  0.4433E-03 (0.1031E-04)  0.2941E-03 (0.6972E-05)
    6.4500  0.1797E-03 (0.4623E-05)  0.3906E-03 (0.9663E-05)  0.2603E-03 (0.6525E-05)
    6.5500  0.1462E-03 (0.4025E-05)  0.3182E-03 (0.8377E-05)  0.2133E-03 (0.5713E-05)
    6.6500  0.1189E-03 (0.3578E-05)  0.2570E-03 (0.7365E-05)  0.1740E-03 (0.5086E-05)
    6.7500  0.9882E-04 (0.3274E-05)  0.2152E-03 (0.6800E-05)  0.1461E-03 (0.4705E-05)
    6.8500  0.8037E-04 (0.2894E-05)  0.1727E-03 (0.5884E-05)  0.1179E-03 (0.4112E-05)
    6.9500  0.7389E-04 (0.2798E-05)  0.1592E-03 (0.5713E-05)  0.1090E-03 (0.3993E-05)
    7.0500  0.5607E-04 (0.2362E-05)  0.1221E-03 (0.4855E-05)  0.8473E-04 (0.3438E-05)
    7.1500  0.4460E-04 (0.1987E-05)  0.1001E-03 (0.4242E-05)  0.6909E-04 (0.2994E-05)
    7.2500  0.3735E-04 (0.1846E-05)  0.8254E-04 (0.3871E-05)  0.5822E-04 (0.2795E-05)
    7.3500  0.2967E-04 (0.1633E-05)  0.6590E-04 (0.3426E-05)  0.4647E-04 (0.2489E-05)
    7.4500  0.2471E-04 (0.1468E-05)  0.5432E-04 (0.3053E-05)  0.3856E-04 (0.2223E-05)
    7.5500  0.2137E-04 (0.1391E-05)  0.4541E-04 (0.2800E-05)  0.3256E-04 (0.2042E-05)
    7.6500  0.1844E-04 (0.1267E-05)  0.4008E-04 (0.2600E-05)  0.2808E-04 (0.1864E-05)
    7.7500  0.1476E-04 (0.1091E-05)  0.3259E-04 (0.2293E-05)  0.2400E-04 (0.1726E-05)
    7.8500  0.1254E-04 (0.1027E-05)  0.2691E-04 (0.2066E-05)  0.1962E-04 (0.1549E-05)
    7.9500  0.9117E-05 (0.8305E-06)  0.2008E-04 (0.1740E-05)  0.1433E-04 (0.1266E-05)
    8.0500  0.6219E-05 (0.6938E-06)  0.1331E-04 (0.1383E-05)  0.1014E-04 (0.1082E-05)
    8.1500  0.6543E-05 (0.7011E-06)  0.1430E-04 (0.1434E-05)  0.1099E-04 (0.1131E-05)
    8.2500  0.4428E-05 (0.5336E-06)  0.1035E-04 (0.1175E-05)  0.7504E-05 (0.8782E-06)
    8.3500  0.4023E-05 (0.5178E-06)  0.8835E-05 (0.1076E-05)  0.6436E-05 (0.8116E-06)
    8.4500  0.2565E-05 (0.4091E-06)  0.5963E-05 (0.8859E-06)  0.4532E-05 (0.6917E-06)
    8.5500  0.2533E-05 (0.4149E-06)  0.5571E-05 (0.8307E-06)  0.4526E-05 (0.7041E-06)
    8.6500  0.1657E-05 (0.3234E-06)  0.3627E-05 (0.6842E-06)  0.2775E-05 (0.5477E-06)
    8.7500  0.1987E-05 (0.3714E-06)  0.4890E-05 (0.8456E-06)  0.3911E-05 (0.6989E-06)
    8.8500  0.1043E-05 (0.2597E-06)  0.2369E-05 (0.5303E-06)  0.1782E-05 (0.4060E-06)
    8.9500  0.9828E-06 (0.2503E-06)  0.2395E-05 (0.5440E-06)  0.1914E-05 (0.4503E-06)
    9.0500  0.9507E-06 (0.2469E-06)  0.2419E-05 (0.5526E-06)  0.1911E-05 (0.4391E-06)
    9.1500  0.6364E-06 (0.1852E-06)  0.1433E-05 (0.3979E-06)  0.1091E-05 (0.3124E-06)
    9.2500  0.9915E-06 (0.2658E-06)  0.2300E-05 (0.5859E-06)  0.1951E-05 (0.4918E-06)
    9.3500  0.2968E-06 (0.1293E-06)  0.8321E-06 (0.2946E-06)  0.6703E-06 (0.2428E-06)
    9.4500  0.2215E-06 (0.1175E-06)  0.4456E-06 (0.2230E-06)  0.3905E-06 (0.1976E-06)
    9.5500  0.4464E-06 (0.1498E-06)  0.1087E-05 (0.3285E-06)  0.8392E-06 (0.2568E-06)
    9.6500  0.1152E-06 (0.8172E-07)  0.1859E-06 (0.1314E-06)  0.1364E-06 (0.9683E-07)
    9.7500  0.7602E-07 (0.5350E-07)  0.2744E-06 (0.1584E-06)  0.2313E-06 (0.1337E-06)
    9.8500  0.9646E-07 (0.6869E-07)  0.3526E-06 (0.2165E-06)  0.2364E-06 (0.1399E-06)
    9.9500  0.1239E-06 (0.7113E-07)  0.3690E-06 (0.1847E-06)  0.2846E-06 (0.1425E-06)
   10.0500  0.6456E-07 (0.6456E-07)  0.9784E-07 (0.9784E-07)  0.9686E-07 (0.9685E-07)
   10.1500  0.1271E-06 (0.6871E-07)  0.4082E-06 (0.2051E-06)  0.5021E-06 (0.2593E-06)
   10.2500  0.1381E-06 (0.8752E-07)  0.2714E-06 (0.1571E-06)  0.2489E-06 (0.1458E-06)
   10.3500  0.3967E-07 (0.3967E-07)  0.8225E-07 (0.8224E-07)  0.6373E-07 (0.6373E-07)
   10.4500  0.7098E-07 (0.5623E-07)  0.1757E-06 (0.1243E-06)  0.1485E-06 (0.1050E-06)
   10.5500  0.5513E-07 (0.5513E-07)  0.8609E-07 (0.8609E-07)  0.6580E-07 (0.6580E-07)
   10.6500  0.0000E+00 (0.0000E+00)  0.0000E+00 (0.0000E+00)  0.0000E+00 (0.0000E+00)
   10.7500  0.2796E-07 (0.2796E-07)  0.8106E-07 (0.8105E-07)  0.6858E-07 (0.6857E-07)
   10.8500  0.0000E+00 (0.0000E+00)  0.0000E+00 (0.0000E+00)  0.0000E+00 (0.0000E+00)
   10.9500  0.0000E+00 (0.0000E+00)  0.0000E+00 (0.0000E+00)  0.0000E+00 (0.0000E+00)
   11.0500  0.0000E+00 (0.0000E+00)  0.0000E+00 (0.0000E+00)  0.0000E+00 (0.0000E+00)
   11.1500  0.0000E+00 (0.0000E+00)  0.0000E+00 (0.0000E+00)  0.0000E+00 (0.0000E+00)
   11.2500  0.0000E+00 (0.0000E+00)  0.0000E+00 (0.0000E+00)  0.0000E+00 (0.0000E+00)
   11.3500  0.2347E-07 (0.2347E-07)  0.6806E-07 (0.6806E-07)  0.6274E-07 (0.6274E-07)
   11.4500  0.0000E+00 (0.0000E+00)  0.0000E+00 (0.0000E+00)  0.0000E+00 (0.0000E+00)
   11.5500  0.0000E+00 (0.0000E+00)  0.0000E+00 (0.0000E+00)  0.0000E+00 (0.0000E+00)
   11.6500  0.0000E+00 (0.0000E+00)  0.0000E+00 (0.0000E+00)  0.0000E+00 (0.0000E+00)
   11.7500  0.0000E+00 (0.0000E+00)  0.0000E+00 (0.0000E+00)  0.0000E+00 (0.0000E+00)
   11.8500  0.0000E+00 (0.0000E+00)  0.0000E+00 (0.0000E+00)  0.0000E+00 (0.0000E+00)
   11.9500  0.0000E+00 (0.0000E+00)  0.0000E+00 (0.0000E+00)  0.0000E+00 (0.0000E+00)
   12.0500  0.0000E+00 (0.0000E+00)  0.0000E+00 (0.0000E+00)  0.0000E+00 (0.0000E+00)
   12.1500  0.0000E+00 (0.0000E+00)  0.0000E+00 (0.0000E+00)  0.0000E+00 (0.0000E+00)
   12.2500  0.0000E+00 (0.0000E+00)  0.0000E+00 (0.0000E+00)  0.0000E+00 (0.0000E+00)
   12.3500  0.0000E+00 (0.0000E+00)  0.0000E+00 (0.0000E+00)  0.0000E+00 (0.0000E+00)
   12.4500  0.0000E+00 (0.0000E+00)  0.0000E+00 (0.0000E+00)  0.0000E+00 (0.0000E+00)
   12.5500  0.0000E+00 (0.0000E+00)  0.0000E+00 (0.0000E+00)  0.0000E+00 (0.0000E+00)
   12.6500  0.0000E+00 (0.0000E+00)  0.0000E+00 (0.0000E+00)  0.0000E+00 (0.0000E+00)
   12.7500  0.0000E+00 (0.0000E+00)  0.0000E+00 (0.0000E+00)  0.0000E+00 (0.0000E+00)
   12.8500  0.0000E+00 (0.0000E+00)  0.0000E+00 (0.0000E+00)  0.0000E+00 (0.0000E+00)
   12.9500  0.0000E+00 (0.0000E+00)  0.0000E+00 (0.0000E+00)  0.0000E+00 (0.0000E+00)
   13.0500  0.0000E+00 (0.0000E+00)  0.0000E+00 (0.0000E+00)  0.0000E+00 (0.0000E+00)
   13.1500  0.0000E+00 (0.0000E+00)  0.0000E+00 (0.0000E+00)  0.0000E+00 (0.0000E+00)
   13.2500  0.0000E+00 (0.0000E+00)  0.0000E+00 (0.0000E+00)  0.0000E+00 (0.0000E+00)
   13.3500  0.0000E+00 (0.0000E+00)  0.0000E+00 (0.0000E+00)  0.0000E+00 (0.0000E+00)
   13.4500  0.0000E+00 (0.0000E+00)  0.0000E+00 (0.0000E+00)  0.0000E+00 (0.0000E+00)
   13.5500  0.0000E+00 (0.0000E+00)  0.0000E+00 (0.0000E+00)  0.0000E+00 (0.0000E+00)
   13.6500  0.0000E+00 (0.0000E+00)  0.0000E+00 (0.0000E+00)  0.0000E+00 (0.0000E+00)
   13.7500  0.0000E+00 (0.0000E+00)  0.0000E+00 (0.0000E+00)  0.0000E+00 (0.0000E+00)
   13.8500  0.0000E+00 (0.0000E+00)  0.0000E+00 (0.0000E+00)  0.0000E+00 (0.0000E+00)
   13.9500  0.0000E+00 (0.0000E+00)  0.0000E+00 (0.0000E+00)  0.0000E+00 (0.0000E+00)
   14.0500  0.0000E+00 (0.0000E+00)  0.0000E+00 (0.0000E+00)  0.0000E+00 (0.0000E+00)
   14.1500  0.0000E+00 (0.0000E+00)  0.0000E+00 (0.0000E+00)  0.0000E+00 (0.0000E+00)
   14.2500  0.0000E+00 (0.0000E+00)  0.0000E+00 (0.0000E+00)  0.0000E+00 (0.0000E+00)
   14.3500  0.0000E+00 (0.0000E+00)  0.0000E+00 (0.0000E+00)  0.0000E+00 (0.0000E+00)
   14.4500  0.0000E+00 (0.0000E+00)  0.0000E+00 (0.0000E+00)  0.0000E+00 (0.0000E+00)
   14.5500  0.0000E+00 (0.0000E+00)  0.0000E+00 (0.0000E+00)  0.0000E+00 (0.0000E+00)
   14.6500  0.0000E+00 (0.0000E+00)  0.0000E+00 (0.0000E+00)  0.0000E+00 (0.0000E+00)
   14.7500  0.0000E+00 (0.0000E+00)  0.0000E+00 (0.0000E+00)  0.0000E+00 (0.0000E+00)
   14.8500  0.0000E+00 (0.0000E+00)  0.0000E+00 (0.0000E+00)  0.0000E+00 (0.0000E+00)
   14.9500  0.0000E+00 (0.0000E+00)  0.0000E+00 (0.0000E+00)  0.0000E+00 (0.0000E+00)
   15.0500  0.0000E+00 (0.0000E+00)  0.0000E+00 (0.0000E+00)  0.0000E+00 (0.0000E+00)
   15.1500  0.0000E+00 (0.0000E+00)  0.0000E+00 (0.0000E+00)  0.0000E+00 (0.0000E+00)
   15.2500  0.0000E+00 (0.0000E+00)  0.0000E+00 (0.0000E+00)  0.0000E+00 (0.0000E+00)
   15.3500  0.0000E+00 (0.0000E+00)  0.0000E+00 (0.0000E+00)  0.0000E+00 (0.0000E+00)
   15.4500  0.0000E+00 (0.0000E+00)  0.0000E+00 (0.0000E+00)  0.0000E+00 (0.0000E+00)
   15.5500  0.0000E+00 (0.0000E+00)  0.0000E+00 (0.0000E+00)  0.0000E+00 (0.0000E+00)
   15.6500  0.0000E+00 (0.0000E+00)  0.0000E+00 (0.0000E+00)  0.0000E+00 (0.0000E+00)
   15.7500  0.0000E+00 (0.0000E+00)  0.0000E+00 (0.0000E+00)  0.0000E+00 (0.0000E+00)
   15.8500  0.0000E+00 (0.0000E+00)  0.0000E+00 (0.0000E+00)  0.0000E+00 (0.0000E+00)
   15.9500  0.0000E+00 (0.0000E+00)  0.0000E+00 (0.0000E+00)  0.0000E+00 (0.0000E+00)
   16.0500  0.0000E+00 (0.0000E+00)  0.0000E+00 (0.0000E+00)  0.0000E+00 (0.0000E+00)
   16.1500  0.0000E+00 (0.0000E+00)  0.0000E+00 (0.0000E+00)  0.0000E+00 (0.0000E+00)
   16.2500  0.0000E+00 (0.0000E+00)  0.0000E+00 (0.0000E+00)  0.0000E+00 (0.0000E+00)
   16.3500  0.0000E+00 (0.0000E+00)  0.0000E+00 (0.0000E+00)  0.0000E+00 (0.0000E+00)
   16.4500  0.0000E+00 (0.0000E+00)  0.0000E+00 (0.0000E+00)  0.0000E+00 (0.0000E+00)
   16.5500  0.0000E+00 (0.0000E+00)  0.0000E+00 (0.0000E+00)  0.0000E+00 (0.0000E+00)
   16.6500  0.0000E+00 (0.0000E+00)  0.0000E+00 (0.0000E+00)  0.0000E+00 (0.0000E+00)
   16.7500  0.0000E+00 (0.0000E+00)  0.0000E+00 (0.0000E+00)  0.0000E+00 (0.0000E+00)
   16.8500  0.0000E+00 (0.0000E+00)  0.0000E+00 (0.0000E+00)  0.0000E+00 (0.0000E+00)
   16.9500  0.0000E+00 (0.0000E+00)  0.0000E+00 (0.0000E+00)  0.0000E+00 (0.0000E+00)
   17.0500  0.0000E+00 (0.0000E+00)  0.0000E+00 (0.0000E+00)  0.0000E+00 (0.0000E+00)
   17.1500  0.0000E+00 (0.0000E+00)  0.0000E+00 (0.0000E+00)  0.0000E+00 (0.0000E+00)
   17.2500  0.0000E+00 (0.0000E+00)  0.0000E+00 (0.0000E+00)  0.0000E+00 (0.0000E+00)
   17.3500  0.0000E+00 (0.0000E+00)  0.0000E+00 (0.0000E+00)  0.0000E+00 (0.0000E+00)
   17.4500  0.0000E+00 (0.0000E+00)  0.0000E+00 (0.0000E+00)  0.0000E+00 (0.0000E+00)
   17.5500  0.0000E+00 (0.0000E+00)  0.0000E+00 (0.0000E+00)  0.0000E+00 (0.0000E+00)
   17.6500  0.0000E+00 (0.0000E+00)  0.0000E+00 (0.0000E+00)  0.0000E+00 (0.0000E+00)
   17.7500  0.0000E+00 (0.0000E+00)  0.0000E+00 (0.0000E+00)  0.0000E+00 (0.0000E+00)
   17.8500  0.0000E+00 (0.0000E+00)  0.0000E+00 (0.0000E+00)  0.0000E+00 (0.0000E+00)
   17.9500  0.0000E+00 (0.0000E+00)  0.0000E+00 (0.0000E+00)  0.0000E+00 (0.0000E+00)
   18.0500  0.0000E+00 (0.0000E+00)  0.0000E+00 (0.0000E+00)  0.0000E+00 (0.0000E+00)
   18.1500  0.0000E+00 (0.0000E+00)  0.0000E+00 (0.0000E+00)  0.0000E+00 (0.0000E+00)
   18.2500  0.0000E+00 (0.0000E+00)  0.0000E+00 (0.0000E+00)  0.0000E+00 (0.0000E+00)
   18.3500  0.0000E+00 (0.0000E+00)  0.0000E+00 (0.0000E+00)  0.0000E+00 (0.0000E+00)
   18.4500  0.0000E+00 (0.0000E+00)  0.0000E+00 (0.0000E+00)  0.0000E+00 (0.0000E+00)
   18.5500  0.0000E+00 (0.0000E+00)  0.0000E+00 (0.0000E+00)  0.0000E+00 (0.0000E+00)
   18.6500  0.0000E+00 (0.0000E+00)  0.0000E+00 (0.0000E+00)  0.0000E+00 (0.0000E+00)
   18.7500  0.0000E+00 (0.0000E+00)  0.0000E+00 (0.0000E+00)  0.0000E+00 (0.0000E+00)
   18.8500  0.0000E+00 (0.0000E+00)  0.0000E+00 (0.0000E+00)  0.0000E+00 (0.0000E+00)
   18.9500  0.0000E+00 (0.0000E+00)  0.0000E+00 (0.0000E+00)  0.0000E+00 (0.0000E+00)
   19.0500  0.0000E+00 (0.0000E+00)  0.0000E+00 (0.0000E+00)  0.0000E+00 (0.0000E+00)
   19.1500  0.0000E+00 (0.0000E+00)  0.0000E+00 (0.0000E+00)  0.0000E+00 (0.0000E+00)
   19.2500  0.0000E+00 (0.0000E+00)  0.0000E+00 (0.0000E+00)  0.0000E+00 (0.0000E+00)
   19.3500  0.0000E+00 (0.0000E+00)  0.0000E+00 (0.0000E+00)  0.0000E+00 (0.0000E+00)
   19.4500  0.0000E+00 (0.0000E+00)  0.0000E+00 (0.0000E+00)  0.0000E+00 (0.0000E+00)
   19.5500  0.0000E+00 (0.0000E+00)  0.0000E+00 (0.0000E+00)  0.0000E+00 (0.0000E+00)
   19.6500  0.0000E+00 (0.0000E+00)  0.0000E+00 (0.0000E+00)  0.0000E+00 (0.0000E+00)
   19.7500  0.0000E+00 (0.0000E+00)  0.0000E+00 (0.0000E+00)  0.0000E+00 (0.0000E+00)
   19.8500  0.0000E+00 (0.0000E+00)  0.0000E+00 (0.0000E+00)  0.0000E+00 (0.0000E+00)
   19.9500  0.0000E+00 (0.0000E+00)  0.0000E+00 (0.0000E+00)  0.0000E+00 (0.0000E+00)
   --------------------------------------------------------------------
   R_ij (fm)      NN (S=1)                NP (S=1)               PP (S=1)
    0.0500  0.0000E+00 (0.0000E+00)  0.0000E+00 (0.0000E+00)  0.0000E+00 (0.0000E+00)
    0.1500  0.1249E-03 (0.6864E-04)  0.9236E-02 (0.4140E-02)  0.1542E-03 (0.8578E-04)
    0.2500  0.2914E-03 (0.5811E-04)  0.2784E-01 (0.4444E-02)  0.3898E-03 (0.7953E-04)
    0.3500  0.8688E-03 (0.1061E-03)  0.5574E-01 (0.4320E-02)  0.1136E-02 (0.1225E-03)
    0.4500  0.1788E-02 (0.1142E-03)  0.9008E-01 (0.4233E-02)  0.2430E-02 (0.1517E-03)
    0.5500  0.3271E-02 (0.1389E-03)  0.1343E+00 (0.4129E-02)  0.4352E-02 (0.1748E-03)
    0.6500  0.5857E-02 (0.1702E-03)  0.2011E+00 (0.4264E-02)  0.7903E-02 (0.2208E-03)
    0.7500  0.8970E-02 (0.2026E-03)  0.2426E+00 (0.3959E-02)  0.1216E-01 (0.2651E-03)
    0.8500  0.1310E-01 (0.2411E-03)  0.2833E+00 (0.3741E-02)  0.1783E-01 (0.3181E-03)
    0.9500  0.1656E-01 (0.2704E-03)  0.2938E+00 (0.3438E-02)  0.2256E-01 (0.3571E-03)
    1.0500  0.2043E-01 (0.2855E-03)  0.2993E+00 (0.3072E-02)  0.2823E-01 (0.3829E-03)
    1.1500  0.2361E-01 (0.2966E-03)  0.2900E+00 (0.2697E-02)  0.3258E-01 (0.4005E-03)
    1.2500  0.2622E-01 (0.3115E-03)  0.2710E+00 (0.2408E-02)  0.3654E-01 (0.4275E-03)
    1.3500  0.2914E-01 (0.3198E-03)  0.2567E+00 (0.2128E-02)  0.4093E-01 (0.4387E-03)
    1.4500  0.3137E-01 (0.3307E-03)  0.2361E+00 (0.1907E-02)  0.4405E-01 (0.4499E-03)
    1.5500  0.3266E-01 (0.3261E-03)  0.2196E+00 (0.1713E-02)  0.4618E-01 (0.4482E-03)
    1.6500  0.3396E-01 (0.3178E-03)  0.2028E+00 (0.1500E-02)  0.4847E-01 (0.4434E-03)
    1.7500  0.3435E-01 (0.3110E-03)  0.1870E+00 (0.1370E-02)  0.4949E-01 (0.4371E-03)
    1.8500  0.3523E-01 (0.3034E-03)  0.1731E+00 (0.1232E-02)  0.5058E-01 (0.4272E-03)
    1.9500  0.3515E-01 (0.2938E-03)  0.1590E+00 (0.1107E-02)  0.5076E-01 (0.4156E-03)
    2.0500  0.3515E-01 (0.2842E-03)  0.1480E+00 (0.1008E-02)  0.5083E-01 (0.4003E-03)
    2.1500  0.3508E-01 (0.2710E-03)  0.1391E+00 (0.9227E-03)  0.5112E-01 (0.3873E-03)
    2.2500  0.3466E-01 (0.2628E-03)  0.1295E+00 (0.8494E-03)  0.5059E-01 (0.3731E-03)
    2.3500  0.3380E-01 (0.2474E-03)  0.1201E+00 (0.7702E-03)  0.4927E-01 (0.3534E-03)
    2.4500  0.3394E-01 (0.2392E-03)  0.1147E+00 (0.7182E-03)  0.4982E-01 (0.3433E-03)
    2.5500  0.3266E-01 (0.2274E-03)  0.1063E+00 (0.6660E-03)  0.4757E-01 (0.3227E-03)
    2.6500  0.3101E-01 (0.2114E-03)  0.9783E-01 (0.6066E-03)  0.4526E-01 (0.3018E-03)
    2.7500  0.3057E-01 (0.2023E-03)  0.9273E-01 (0.5627E-03)  0.4434E-01 (0.2868E-03)
    2.8500  0.2918E-01 (0.1908E-03)  0.8678E-01 (0.5238E-03)  0.4267E-01 (0.2720E-03)
    2.9500  0.2785E-01 (0.1814E-03)  0.8058E-01 (0.4838E-03)  0.4054E-01 (0.2569E-03)
    3.0500  0.2631E-01 (0.1691E-03)  0.7486E-01 (0.4499E-03)  0.3841E-01 (0.2412E-03)
    3.1500  0.2478E-01 (0.1586E-03)  0.6941E-01 (0.4146E-03)  0.3618E-01 (0.2264E-03)
    3.2500  0.2359E-01 (0.1510E-03)  0.6485E-01 (0.3908E-03)  0.3436E-01 (0.2145E-03)
    3.3500  0.2242E-01 (0.1417E-03)  0.6092E-01 (0.3625E-03)  0.3259E-01 (0.2017E-03)
    3.4500  0.2055E-01 (0.1292E-03)  0.5533E-01 (0.3316E-03)  0.3001E-01 (0.1857E-03)
    3.5500  0.1925E-01 (0.1248E-03)  0.5133E-01 (0.3158E-03)  0.2794E-01 (0.1779E-03)
    3.6500  0.1799E-01 (0.1171E-03)  0.4767E-01 (0.2959E-03)  0.2610E-01 (0.1674E-03)
    3.7500  0.1643E-01 (0.1081E-03)  0.4343E-01 (0.2729E-03)  0.2400E-01 (0.1550E-03)
    3.8500  0.1519E-01 (0.1032E-03)  0.3993E-01 (0.2604E-03)  0.2214E-01 (0.1481E-03)
    3.9500  0.1383E-01 (0.9533E-04)  0.3632E-01 (0.2395E-03)  0.2020E-01 (0.1364E-03)
    4.0500  0.1251E-01 (0.8895E-04)  0.3288E-01 (0.2228E-03)  0.1836E-01 (0.1278E-03)
    4.1500  0.1136E-01 (0.8201E-04)  0.2985E-01 (0.2062E-03)  0.1660E-01 (0.1178E-03)
    4.2500  0.1022E-01 (0.7754E-04)  0.2685E-01 (0.1948E-03)  0.1500E-01 (0.1117E-03)
    4.3500  0.9206E-02 (0.7345E-04)  0.2422E-01 (0.1843E-03)  0.1351E-01 (0.1054E-03)
    4.4500  0.8295E-02 (0.6743E-04)  0.2192E-01 (0.1703E-03)  0.1222E-01 (0.9775E-04)
    4.5500  0.7513E-02 (0.6329E-04)  0.1972E-01 (0.1595E-03)  0.1096E-01 (0.9148E-04)
    4.6500  0.6446E-02 (0.5761E-04)  0.1711E-01 (0.1458E-03)  0.9533E-02 (0.8360E-04)
    4.7500  0.5696E-02 (0.5328E-04)  0.1514E-01 (0.1347E-03)  0.8395E-02 (0.7707E-04)
    4.8500  0.5089E-02 (0.4930E-04)  0.1362E-01 (0.1260E-03)  0.7555E-02 (0.7210E-04)
    4.9500  0.4445E-02 (0.4535E-04)  0.1206E-01 (0.1172E-03)  0.6696E-02 (0.6732E-04)
    5.0500  0.3878E-02 (0.4168E-04)  0.1048E-01 (0.1075E-03)  0.5779E-02 (0.6123E-04)
    5.1500  0.3418E-02 (0.3831E-04)  0.9314E-02 (0.9925E-04)  0.5123E-02 (0.5656E-04)
    5.2500  0.2926E-02 (0.3488E-04)  0.8065E-02 (0.9054E-04)  0.4430E-02 (0.5133E-04)
    5.3500  0.2506E-02 (0.3166E-04)  0.6946E-02 (0.8363E-04)  0.3803E-02 (0.4742E-04)
    5.4500  0.2181E-02 (0.2932E-04)  0.6041E-02 (0.7695E-04)  0.3275E-02 (0.4319E-04)
    5.5500  0.1762E-02 (0.2569E-04)  0.4961E-02 (0.6856E-04)  0.2708E-02 (0.3896E-04)
    5.6500  0.1543E-02 (0.2346E-04)  0.4377E-02 (0.6321E-04)  0.2368E-02 (0.3548E-04)
    5.7500  0.1328E-02 (0.2126E-04)  0.3781E-02 (0.5726E-04)  0.2053E-02 (0.3225E-04)
    5.8500  0.1118E-02 (0.1897E-04)  0.3242E-02 (0.5238E-04)  0.1772E-02 (0.2997E-04)
    5.9500  0.9449E-03 (0.1782E-04)  0.2718E-02 (0.4836E-04)  0.1471E-02 (0.2712E-04)
    6.0500  0.7840E-03 (0.1535E-04)  0.2311E-02 (0.4260E-04)  0.1249E-02 (0.2395E-04)
    6.1500  0.6555E-03 (0.1368E-04)  0.1961E-02 (0.3872E-04)  0.1062E-02 (0.2192E-04)
    6.2500  0.5455E-03 (0.1251E-04)  0.1621E-02 (0.3491E-04)  0.8715E-03 (0.1958E-04)
    6.3500  0.4302E-03 (0.1064E-04)  0.1318E-02 (0.3065E-04)  0.7118E-03 (0.1728E-04)
    6.4500  0.3765E-03 (0.9900E-05)  0.1162E-02 (0.2873E-04)  0.6229E-03 (0.1605E-04)
    6.5500  0.3021E-03 (0.8491E-05)  0.9401E-03 (0.2475E-04)  0.5087E-03 (0.1405E-04)
    6.6500  0.2404E-03 (0.7359E-05)  0.7618E-03 (0.2184E-04)  0.4058E-03 (0.1221E-04)
    6.7500  0.1992E-03 (0.6748E-05)  0.6364E-03 (0.2013E-04)  0.3417E-03 (0.1131E-04)
    6.8500  0.1590E-03 (0.5759E-05)  0.5073E-03 (0.1729E-04)  0.2697E-03 (0.9628E-05)
    6.9500  0.1441E-03 (0.5526E-05)  0.4681E-03 (0.1679E-04)  0.2483E-03 (0.9242E-05)
    7.0500  0.1083E-03 (0.4667E-05)  0.3589E-03 (0.1428E-04)  0.1911E-03 (0.7952E-05)
    7.1500  0.8697E-04 (0.3897E-05)  0.2921E-03 (0.1238E-04)  0.1608E-03 (0.7186E-05)
    7.2500  0.7178E-04 (0.3598E-05)  0.2403E-03 (0.1126E-04)  0.1283E-03 (0.6315E-05)
    7.3500  0.5551E-04 (0.3104E-05)  0.1904E-03 (0.9910E-05)  0.1035E-03 (0.5611E-05)
    7.4500  0.4521E-04 (0.2705E-05)  0.1574E-03 (0.8843E-05)  0.8347E-04 (0.4977E-05)
    7.5500  0.3849E-04 (0.2603E-05)  0.1307E-03 (0.8060E-05)  0.6770E-04 (0.4427E-05)
    7.6500  0.3328E-04 (0.2331E-05)  0.1158E-03 (0.7513E-05)  0.6202E-04 (0.4224E-05)
    7.7500  0.2531E-04 (0.1916E-05)  0.9383E-04 (0.6596E-05)  0.4886E-04 (0.3606E-05)
    7.8500  0.2123E-04 (0.1764E-05)  0.7742E-04 (0.5964E-05)  0.3985E-04 (0.3242E-05)
    7.9500  0.1599E-04 (0.1489E-05)  0.5738E-04 (0.4982E-05)  0.3064E-04 (0.2784E-05)
    8.0500  0.9192E-05 (0.1026E-05)  0.3781E-04 (0.3932E-05)  0.1926E-04 (0.2102E-05)
    8.1500  0.9953E-05 (0.1081E-05)  0.4071E-04 (0.4085E-05)  0.2085E-04 (0.2251E-05)
    8.2500  0.7637E-05 (0.9396E-06)  0.2894E-04 (0.3291E-05)  0.1631E-04 (0.1943E-05)
    8.3500  0.6710E-05 (0.8658E-06)  0.2494E-04 (0.3042E-05)  0.1314E-04 (0.1711E-05)
    8.4500  0.4035E-05 (0.6608E-06)  0.1663E-04 (0.2475E-05)  0.8899E-05 (0.1393E-05)
    8.5500  0.3575E-05 (0.6002E-06)  0.1586E-04 (0.2365E-05)  0.7802E-05 (0.1233E-05)
    8.6500  0.2838E-05 (0.5718E-06)  0.1019E-04 (0.1915E-05)  0.4875E-05 (0.9664E-06)
    8.7500  0.2748E-05 (0.5169E-06)  0.1313E-04 (0.2278E-05)  0.7167E-05 (0.1315E-05)
    8.8500  0.1260E-05 (0.3113E-06)  0.6465E-05 (0.1450E-05)  0.3618E-05 (0.8744E-06)
    8.9500  0.1406E-05 (0.3514E-06)  0.6739E-05 (0.1538E-05)  0.3541E-05 (0.9030E-06)
    9.0500  0.1227E-05 (0.3215E-06)  0.6447E-05 (0.1468E-05)  0.3649E-05 (0.9032E-06)
    9.1500  0.9797E-06 (0.2930E-06)  0.3932E-05 (0.1091E-05)  0.1983E-05 (0.5716E-06)
    9.2500  0.1358E-05 (0.4400E-06)  0.6228E-05 (0.1587E-05)  0.3065E-05 (0.8093E-06)
    9.3500  0.3834E-06 (0.1501E-06)  0.2280E-05 (0.8083E-06)  0.1463E-05 (0.5441E-06)
    9.4500  0.2039E-06 (0.1074E-06)  0.1151E-05 (0.5760E-06)  0.4886E-06 (0.2590E-06)
    9.5500  0.6766E-06 (0.2215E-06)  0.2993E-05 (0.9029E-06)  0.1769E-05 (0.5523E-06)
    9.6500  0.1641E-06 (0.1184E-06)  0.5937E-06 (0.4212E-06)  0.1956E-06 (0.1410E-06)
    9.7500  0.1280E-06 (0.8490E-07)  0.7981E-06 (0.4617E-06)  0.5358E-06 (0.3240E-06)
    9.8500  0.2585E-06 (0.1835E-06)  0.1021E-05 (0.6177E-06)  0.7045E-06 (0.4349E-06)
    9.9500  0.1781E-06 (0.9190E-07)  0.1010E-05 (0.5057E-06)  0.6510E-06 (0.3374E-06)
   10.0500  0.4724E-07 (0.4724E-07)  0.2783E-06 (0.2783E-06)  0.5639E-07 (0.5639E-07)
   10.1500  0.7088E-07 (0.3611E-07)  0.1037E-05 (0.5186E-06)  0.3688E-06 (0.2061E-06)
   10.2500  0.1056E-06 (0.6531E-07)  0.7518E-06 (0.4351E-06)  0.3334E-06 (0.2100E-06)
   10.3500  0.6547E-07 (0.6547E-07)  0.2381E-06 (0.2381E-06)  0.1153E-06 (0.1153E-06)
   10.4500  0.8296E-07 (0.6050E-07)  0.4522E-06 (0.3200E-06)  0.2557E-06 (0.1904E-06)
   10.5500  0.6035E-07 (0.6035E-07)  0.2328E-06 (0.2328E-06)  0.8164E-07 (0.8164E-07)
   10.6500  0.0000E+00 (0.0000E+00)  0.0000E+00 (0.0000E+00)  0.0000E+00 (0.0000E+00)
   10.7500  0.3857E-07 (0.3857E-07)  0.2072E-06 (0.2071E-06)  0.1371E-06 (0.1371E-06)
   10.8500  0.0000E+00 (0.0000E+00)  0.0000E+00 (0.0000E+00)  0.0000E+00 (0.0000E+00)
   10.9500  0.0000E+00 (0.0000E+00)  0.0000E+00 (0.0000E+00)  0.0000E+00 (0.0000E+00)
   11.0500  0.0000E+00 (0.0000E+00)  0.0000E+00 (0.0000E+00)  0.0000E+00 (0.0000E+00)
   11.1500  0.0000E+00 (0.0000E+00)  0.0000E+00 (0.0000E+00)  0.0000E+00 (0.0000E+00)
   11.2500  0.0000E+00 (0.0000E+00)  0.0000E+00 (0.0000E+00)  0.0000E+00 (0.0000E+00)
   11.3500  0.3151E-07 (0.3151E-07)  0.1976E-06 (0.1976E-06)  0.1193E-06 (0.1193E-06)
   11.4500  0.0000E+00 (0.0000E+00)  0.0000E+00 (0.0000E+00)  0.0000E+00 (0.0000E+00)
   11.5500  0.0000E+00 (0.0000E+00)  0.0000E+00 (0.0000E+00)  0.0000E+00 (0.0000E+00)
   11.6500  0.0000E+00 (0.0000E+00)  0.0000E+00 (0.0000E+00)  0.0000E+00 (0.0000E+00)
   11.7500  0.0000E+00 (0.0000E+00)  0.0000E+00 (0.0000E+00)  0.0000E+00 (0.0000E+00)
   11.8500  0.0000E+00 (0.0000E+00)  0.0000E+00 (0.0000E+00)  0.0000E+00 (0.0000E+00)
   11.9500  0.0000E+00 (0.0000E+00)  0.0000E+00 (0.0000E+00)  0.0000E+00 (0.0000E+00)
   12.0500  0.0000E+00 (0.0000E+00)  0.0000E+00 (0.0000E+00)  0.0000E+00 (0.0000E+00)
   12.1500  0.0000E+00 (0.0000E+00)  0.0000E+00 (0.0000E+00)  0.0000E+00 (0.0000E+00)
   12.2500  0.0000E+00 (0.0000E+00)  0.0000E+00 (0.0000E+00)  0.0000E+00 (0.0000E+00)
   12.3500  0.0000E+00 (0.0000E+00)  0.0000E+00 (0.0000E+00)  0.0000E+00 (0.0000E+00)
   12.4500  0.0000E+00 (0.0000E+00)  0.0000E+00 (0.0000E+00)  0.0000E+00 (0.0000E+00)
   12.5500  0.0000E+00 (0.0000E+00)  0.0000E+00 (0.0000E+00)  0.0000E+00 (0.0000E+00)
   12.6500  0.0000E+00 (0.0000E+00)  0.0000E+00 (0.0000E+00)  0.0000E+00 (0.0000E+00)
   12.7500  0.0000E+00 (0.0000E+00)  0.0000E+00 (0.0000E+00)  0.0000E+00 (0.0000E+00)
   12.8500  0.0000E+00 (0.0000E+00)  0.0000E+00 (0.0000E+00)  0.0000E+00 (0.0000E+00)
   12.9500  0.0000E+00 (0.0000E+00)  0.0000E+00 (0.0000E+00)  0.0000E+00 (0.0000E+00)
   13.0500  0.0000E+00 (0.0000E+00)  0.0000E+00 (0.0000E+00)  0.0000E+00 (0.0000E+00)
   13.1500  0.0000E+00 (0.0000E+00)  0.0000E+00 (0.0000E+00)  0.0000E+00 (0.0000E+00)
   13.2500  0.0000E+00 (0.0000E+00)  0.0000E+00 (0.0000E+00)  0.0000E+00 (0.0000E+00)
   13.3500  0.0000E+00 (0.0000E+00)  0.0000E+00 (0.0000E+00)  0.0000E+00 (0.0000E+00)
   13.4500  0.0000E+00 (0.0000E+00)  0.0000E+00 (0.0000E+00)  0.0000E+00 (0.0000E+00)
   13.5500  0.0000E+00 (0.0000E+00)  0.0000E+00 (0.0000E+00)  0.0000E+00 (0.0000E+00)
   13.6500  0.0000E+00 (0.0000E+00)  0.0000E+00 (0.0000E+00)  0.0000E+00 (0.0000E+00)
   13.7500  0.0000E+00 (0.0000E+00)  0.0000E+00 (0.0000E+00)  0.0000E+00 (0.0000E+00)
   13.8500  0.0000E+00 (0.0000E+00)  0.0000E+00 (0.0000E+00)  0.0000E+00 (0.0000E+00)
   13.9500  0.0000E+00 (0.0000E+00)  0.0000E+00 (0.0000E+00)  0.0000E+00 (0.0000E+00)
   14.0500  0.0000E+00 (0.0000E+00)  0.0000E+00 (0.0000E+00)  0.0000E+00 (0.0000E+00)
   14.1500  0.0000E+00 (0.0000E+00)  0.0000E+00 (0.0000E+00)  0.0000E+00 (0.0000E+00)
   14.2500  0.0000E+00 (0.0000E+00)  0.0000E+00 (0.0000E+00)  0.0000E+00 (0.0000E+00)
   14.3500  0.0000E+00 (0.0000E+00)  0.0000E+00 (0.0000E+00)  0.0000E+00 (0.0000E+00)
   14.4500  0.0000E+00 (0.0000E+00)  0.0000E+00 (0.0000E+00)  0.0000E+00 (0.0000E+00)
   14.5500  0.0000E+00 (0.0000E+00)  0.0000E+00 (0.0000E+00)  0.0000E+00 (0.0000E+00)
   14.6500  0.0000E+00 (0.0000E+00)  0.0000E+00 (0.0000E+00)  0.0000E+00 (0.0000E+00)
   14.7500  0.0000E+00 (0.0000E+00)  0.0000E+00 (0.0000E+00)  0.0000E+00 (0.0000E+00)
   14.8500  0.0000E+00 (0.0000E+00)  0.0000E+00 (0.0000E+00)  0.0000E+00 (0.0000E+00)
   14.9500  0.0000E+00 (0.0000E+00)  0.0000E+00 (0.0000E+00)  0.0000E+00 (0.0000E+00)
   15.0500  0.0000E+00 (0.0000E+00)  0.0000E+00 (0.0000E+00)  0.0000E+00 (0.0000E+00)
   15.1500  0.0000E+00 (0.0000E+00)  0.0000E+00 (0.0000E+00)  0.0000E+00 (0.0000E+00)
   15.2500  0.0000E+00 (0.0000E+00)  0.0000E+00 (0.0000E+00)  0.0000E+00 (0.0000E+00)
   15.3500  0.0000E+00 (0.0000E+00)  0.0000E+00 (0.0000E+00)  0.0000E+00 (0.0000E+00)
   15.4500  0.0000E+00 (0.0000E+00)  0.0000E+00 (0.0000E+00)  0.0000E+00 (0.0000E+00)
   15.5500  0.0000E+00 (0.0000E+00)  0.0000E+00 (0.0000E+00)  0.0000E+00 (0.0000E+00)
   15.6500  0.0000E+00 (0.0000E+00)  0.0000E+00 (0.0000E+00)  0.0000E+00 (0.0000E+00)
   15.7500  0.0000E+00 (0.0000E+00)  0.0000E+00 (0.0000E+00)  0.0000E+00 (0.0000E+00)
   15.8500  0.0000E+00 (0.0000E+00)  0.0000E+00 (0.0000E+00)  0.0000E+00 (0.0000E+00)
   15.9500  0.0000E+00 (0.0000E+00)  0.0000E+00 (0.0000E+00)  0.0000E+00 (0.0000E+00)
   16.0500  0.0000E+00 (0.0000E+00)  0.0000E+00 (0.0000E+00)  0.0000E+00 (0.0000E+00)
   16.1500  0.0000E+00 (0.0000E+00)  0.0000E+00 (0.0000E+00)  0.0000E+00 (0.0000E+00)
   16.2500  0.0000E+00 (0.0000E+00)  0.0000E+00 (0.0000E+00)  0.0000E+00 (0.0000E+00)
   16.3500  0.0000E+00 (0.0000E+00)  0.0000E+00 (0.0000E+00)  0.0000E+00 (0.0000E+00)
   16.4500  0.0000E+00 (0.0000E+00)  0.0000E+00 (0.0000E+00)  0.0000E+00 (0.0000E+00)
   16.5500  0.0000E+00 (0.0000E+00)  0.0000E+00 (0.0000E+00)  0.0000E+00 (0.0000E+00)
   16.6500  0.0000E+00 (0.0000E+00)  0.0000E+00 (0.0000E+00)  0.0000E+00 (0.0000E+00)
   16.7500  0.0000E+00 (0.0000E+00)  0.0000E+00 (0.0000E+00)  0.0000E+00 (0.0000E+00)
   16.8500  0.0000E+00 (0.0000E+00)  0.0000E+00 (0.0000E+00)  0.0000E+00 (0.0000E+00)
   16.9500  0.0000E+00 (0.0000E+00)  0.0000E+00 (0.0000E+00)  0.0000E+00 (0.0000E+00)
   17.0500  0.0000E+00 (0.0000E+00)  0.0000E+00 (0.0000E+00)  0.0000E+00 (0.0000E+00)
   17.1500  0.0000E+00 (0.0000E+00)  0.0000E+00 (0.0000E+00)  0.0000E+00 (0.0000E+00)
   17.2500  0.0000E+00 (0.0000E+00)  0.0000E+00 (0.0000E+00)  0.0000E+00 (0.0000E+00)
   17.3500  0.0000E+00 (0.0000E+00)  0.0000E+00 (0.0000E+00)  0.0000E+00 (0.0000E+00)
   17.4500  0.0000E+00 (0.0000E+00)  0.0000E+00 (0.0000E+00)  0.0000E+00 (0.0000E+00)
   17.5500  0.0000E+00 (0.0000E+00)  0.0000E+00 (0.0000E+00)  0.0000E+00 (0.0000E+00)
   17.6500  0.0000E+00 (0.0000E+00)  0.0000E+00 (0.0000E+00)  0.0000E+00 (0.0000E+00)
   17.7500  0.0000E+00 (0.0000E+00)  0.0000E+00 (0.0000E+00)  0.0000E+00 (0.0000E+00)
   17.8500  0.0000E+00 (0.0000E+00)  0.0000E+00 (0.0000E+00)  0.0000E+00 (0.0000E+00)
   17.9500  0.0000E+00 (0.0000E+00)  0.0000E+00 (0.0000E+00)  0.0000E+00 (0.0000E+00)
   18.0500  0.0000E+00 (0.0000E+00)  0.0000E+00 (0.0000E+00)  0.0000E+00 (0.0000E+00)
   18.1500  0.0000E+00 (0.0000E+00)  0.0000E+00 (0.0000E+00)  0.0000E+00 (0.0000E+00)
   18.2500  0.0000E+00 (0.0000E+00)  0.0000E+00 (0.0000E+00)  0.0000E+00 (0.0000E+00)
   18.3500  0.0000E+00 (0.0000E+00)  0.0000E+00 (0.0000E+00)  0.0000E+00 (0.0000E+00)
   18.4500  0.0000E+00 (0.0000E+00)  0.0000E+00 (0.0000E+00)  0.0000E+00 (0.0000E+00)
   18.5500  0.0000E+00 (0.0000E+00)  0.0000E+00 (0.0000E+00)  0.0000E+00 (0.0000E+00)
   18.6500  0.0000E+00 (0.0000E+00)  0.0000E+00 (0.0000E+00)  0.0000E+00 (0.0000E+00)
   18.7500  0.0000E+00 (0.0000E+00)  0.0000E+00 (0.0000E+00)  0.0000E+00 (0.0000E+00)
   18.8500  0.0000E+00 (0.0000E+00)  0.0000E+00 (0.0000E+00)  0.0000E+00 (0.0000E+00)
   18.9500  0.0000E+00 (0.0000E+00)  0.0000E+00 (0.0000E+00)  0.0000E+00 (0.0000E+00)
   19.0500  0.0000E+00 (0.0000E+00)  0.0000E+00 (0.0000E+00)  0.0000E+00 (0.0000E+00)
   19.1500  0.0000E+00 (0.0000E+00)  0.0000E+00 (0.0000E+00)  0.0000E+00 (0.0000E+00)
   19.2500  0.0000E+00 (0.0000E+00)  0.0000E+00 (0.0000E+00)  0.0000E+00 (0.0000E+00)
   19.3500  0.0000E+00 (0.0000E+00)  0.0000E+00 (0.0000E+00)  0.0000E+00 (0.0000E+00)
   19.4500  0.0000E+00 (0.0000E+00)  0.0000E+00 (0.0000E+00)  0.0000E+00 (0.0000E+00)
   19.5500  0.0000E+00 (0.0000E+00)  0.0000E+00 (0.0000E+00)  0.0000E+00 (0.0000E+00)
   19.6500  0.0000E+00 (0.0000E+00)  0.0000E+00 (0.0000E+00)  0.0000E+00 (0.0000E+00)
   19.7500  0.0000E+00 (0.0000E+00)  0.0000E+00 (0.0000E+00)  0.0000E+00 (0.0000E+00)
   19.8500  0.0000E+00 (0.0000E+00)  0.0000E+00 (0.0000E+00)  0.0000E+00 (0.0000E+00)
   19.9500  0.0000E+00 (0.0000E+00)  0.0000E+00 (0.0000E+00)  0.0000E+00 (0.0000E+00)
   --------------------------------------------------------------------
                           PARTICLE COUNTS
   --------------------------------------------------------------------
  NEUTRON-DOWN            NEUTRON-UP             NEUTRONS
    2.9914 (0.7446E-02)     3.0086 (0.7487E-02)     6.0000 (0.1056E-01)
  PROTON-DOWN             PROTON-UP              PROTONS 
    3.6536 (0.9290E-02)     3.3464 (0.8375E-02)     7.0000 (0.1251E-01)
  DOWN PARTICLES          UP PARTICLES           PARTICLES 
    6.6450 (0.1191E-01)     6.3550 (0.1123E-01)    13.0000 (0.1637E-01)
   --------------------------------------------------------------------
                           PAIR COUNTS
   --------------------------------------------------------------------
  NN (S=0)                NN (S=1)               NN PAIRS
    5.4839 (0.6024E-02)     9.5161 (0.1101E-01)    15.0000 (0.1255E-01)
  NP (S=0)                NP (S=1)               NP PAIRS
   10.0518 (0.1044E-01)    31.9482 (0.3326E-01)    42.0000 (0.3486E-01)
  PP (S=0)                PP (S=1)               PP PAIRS
    7.0369 (0.7601E-02)    13.9631 (0.1585E-01)    21.0000 (0.1758E-01)
  S=0 PAIRS               S=1 PAIRS              PAIRS
   22.5726 (0.1425E-01)    55.4274 (0.3845E-01)    78.0000 (0.4101E-01)
   --------------------------------------------------------------------

                        H =     -57.6318 (0.1835)

                        Ti =    427.9793 (1.5156)

                        Vij =  -487.7896 (1.4273)

                        Vijk =   -8.8787 (0.1662)

                        Vem =    11.0572 (0.0035)
  ----
  T(ci)     =  0.4280E+03 (0.1516E+01)  T(csb)    =  0.1406E-01 (0.5872E-04)
  ----
  CENTRAL   = -0.1605E+03 (0.1115E+01)  T         =  0.4540E+02 (0.1984E+00)
  S         = -0.5709E+01 (0.7189E-01)  S.T       = -0.1207E+03 (0.3002E+00)
  TNSR      =  0.2416E+02 (0.1534E+00)  TNSR.T    = -0.2889E+03 (0.4748E+00)
  L.S       =  0.4016E+02 (0.1821E+00)  (L.S).T   = -0.4501E+02 (0.2034E+00)
  L^2       =  0.6211E+02 (0.3978E+00)  L^2.T     =  0.4468E+01 (0.3059E-01)
  L^2.S     =  0.6884E+01 (0.5917E-01)  L^2.S.T   = -0.1229E+01 (0.3771E-01)
  (L.S)^2   =  0.2895E+02 (0.1204E+00)  (L.S)^2.T = -0.7786E+02 (0.3388E+00)
  CD        = -0.2213E-09 (0.5280E-10)  CD.S      =  0.4417E-08 (0.1259E-09)
  CD.TNSR   = -0.9710E-09 (0.2687E-11)  (L.S).CD  =  0.0000E+00 (0.0000E+00)
  CSB       =  0.4053E-01 (0.2441E-03)  CSB.S     =  0.0000E+00 (0.0000E+00)
  CSB.TNSR  =  0.0000E+00 (0.0000E+00)  (L.S).CSB =  0.0000E+00 (0.0000E+00)
  ----
  2PI-AC    = -0.1902E+02 (0.1000E+00)  2PI-C     = -0.1277E+02 (0.5005E-01)
  V3U       =  0.2237E+02 (0.1606E+00)  CD        =  0.0000E+00 (0.0000E+00)
  CE        =  0.0000E+00 (0.0000E+00)  2PI-SWAVE =  0.5384E+00 (0.9336E-02)
  v3b7      =  0.0000E+00 (0.0000E+00)  v3b8      =  0.0000E+00 (0.0000E+00)
  ----
  COULOMB   =  0.1061E+02 (0.3114E-02)  DF        = -0.1503E-01 (0.3137E-04)
  C2   (pp) = -0.6905E-02 (0.4344E-05)  VP        =  0.5957E-01 (0.2299E-04)
  C1   (np) =  0.9217E-01 (0.1655E-03)  S    (pp) =  0.1354E+00 (0.3176E-03)
  S    (np) =  0.5465E-01 (0.1306E-03)  S    (nn) =  0.3839E-01 (0.1197E-03)
  TNSR (pp) =  0.1421E-01 (0.2116E-04)  TNSR (np) =  0.4984E-02 (0.7498E-05)
  TNSR (nn) =  0.1436E+00 (0.1102E-03)  L.S  (pp) =  0.5476E-03 (0.4219E-04)
  L.S  (nn) =  0.0000E+00 (0.0000E+00)  L.S  (np) = -0.7316E-01 (0.1254E-03)

  POINT NEUTRON RMS RADIUS =  2.3397 (0.0009)
  POINT PROTON  RMS RADIUS =  2.3889 (0.0009)

  NEUTRON MAGNETIC MOMENT CONTRIBUTION = -0.0329 (0.0003)
  PROTON  MAGNETIC MOMENT CONTRIBUTION = -0.8577 (0.0036)
  ORBITAL MAGNETIC MOMENT CONTRIBUTION =  0.2384 (0.0003)
  MAGNETIC MOMENT                      = -0.6522 (0.0035)

  CHARGE SYMMETRIC NEUTRON MAGNETIC MOMENT CONTRIBUTION =  0.5875 (0.0025)
  CHARGE SYMMETRIC PROTON  MAGNETIC MOMENT CONTRIBUTION =  0.0480 (0.0004)
  CHARGE SYMMETRIC ORBITAL MAGNETIC MOMENT CONTRIBUTION =  0.4065 (0.0004)
  CHARGE SYMMETRIC MAGNETIC MOMENT                      =  1.0420 (0.0030)
 ************************************************************************
                              -------------
                              TOTAL AVERAGE
                              -------------
                            BLOCKS:         1
                            SAMPLES:    12288

 ************************************************************************
   --------------------------------------------------------------------
                   SAMPLE COUNT DISTRIBUTIONS
   --------------------------------------------------------------------
    R (fm)      N(R_i)     N(R_ij)
    0.0500          4          0
    0.1500         44          5
    0.2500        120         41
    0.3500        268        165
    0.4500        392        458
    0.5500        714       1045
    0.6500        984       2242
    0.7500       1464       3693
    0.8500       1906       5669
    0.9500       2505       7500
    1.0500       3153       9542
    1.1500       3803      11341
    1.2500       4373      12839
    1.3500       5056      14539
    1.4500       5928      15862
    1.5500       6415      17210
    1.6500       6816      18449
    1.7500       7147      19533
    1.8500       7776      20623
    1.9500       7799      21433
    2.0500       8009      22403
    2.1500       7837      23485
    2.2500       7850      24284
    2.3500       7318      24846
    2.4500       7150      26125
    2.5500       6826      26431
    2.6500       6094      26471
    2.7500       5719      27261
    2.8500       5093      27563
    2.9500       4704      27589
    3.0500       4107      27527
    3.1500       3594      27322
    3.2500       3122      27299
    3.3500       2705      27318
    3.4500       2272      26401
    3.5500       1932      25968
    3.6500       1615      25536
    3.7500       1350      24599
    3.8500       1113      23866
    3.9500        956      22869
    4.0500        731      21776
    4.1500        573      20743
    4.2500        504      19593
    4.3500        391      18506
    4.4500        289      17518
    4.5500        236      16483
    4.6500        193      14934
    4.7500        161      13772
    4.8500        138      12909
    4.9500         88      11899
    5.0500         89      10755
    5.1500         86       9932
    5.2500         35       8929
    5.3500         34       7980
    5.4500         40       7192
    5.5500         35       6125
    5.6500         18       5591
    5.7500         13       5004
    5.8500         17       4438
    5.9500          7       3850
    6.0500          5       3378
    6.1500          9       2960
    6.2500          7       2526
    6.3500          3       2118
    6.4500          4       1922
    6.5500          1       1609
    6.6500          0       1337
    6.7500          1       1152
    6.8500          0        947
    6.9500          1        897
    7.0500          2        707
    7.1500          0        595
    7.2500          0        502
    7.3500          0        410
    7.4500          0        346
    7.5500          0        296
    7.6500          0        269
    7.7500          0        222
    7.8500          0        188
    7.9500          0        144
    8.0500          0         96
    8.1500          0        106
    8.2500          0         79
    8.3500          0         69
    8.4500          0         47
    8.5500          0         45
    8.6500          0         30
    8.7500          0         40
    8.8500          0         20
    8.9500          0         21
    9.0500          0         21
    9.1500          0         13
    9.2500          0         21
    9.3500          0          8
    9.4500          0          4
    9.5500          0         11
    9.6500          0          2
    9.7500          0          3
    9.8500          0          4
    9.9500          0          4
   10.0500          0          1
   10.1500          0          4
   10.2500          0          3
   10.3500          0          1
   10.4500          0          2
   10.5500          0          1
   10.6500          0          0
   10.7500          0          1
   10.8500          0          0
   10.9500          0          0
   11.0500          0          0
   11.1500          0          0
   11.2500          0          0
   11.3500          0          1
   11.4500          0          0
   11.5500          0          0
   11.6500          0          0
   11.7500          0          0
   11.8500          0          0
   11.9500          0          0
   12.0500          0          0
   12.1500          0          0
   12.2500          0          0
   12.3500          0          0
   12.4500          0          0
   12.5500          0          0
   12.6500          0          0
   12.7500          0          0
   12.8500          0          0
   12.9500          0          0
   13.0500          0          0
   13.1500          0          0
   13.2500          0          0
   13.3500          0          0
   13.4500          0          0
   13.5500          0          0
   13.6500          0          0
   13.7500          0          0
   13.8500          0          0
   13.9500          0          0
   14.0500          0          0
   14.1500          0          0
   14.2500          0          0
   14.3500          0          0
   14.4500          0          0
   14.5500          0          0
   14.6500          0          0
   14.7500          0          0
   14.8500          0          0
   14.9500          0          0
   15.0500          0          0
   15.1500          0          0
   15.2500          0          0
   15.3500          0          0
   15.4500          0          0
   15.5500          0          0
   15.6500          0          0
   15.7500          0          0
   15.8500          0          0
   15.9500          0          0
   16.0500          0          0
   16.1500          0          0
   16.2500          0          0
   16.3500          0          0
   16.4500          0          0
   16.5500          0          0
   16.6500          0          0
   16.7500          0          0
   16.8500          0          0
   16.9500          0          0
   17.0500          0          0
   17.1500          0          0
   17.2500          0          0
   17.3500          0          0
   17.4500          0          0
   17.5500          0          0
   17.6500          0          0
   17.7500          0          0
   17.8500          0          0
   17.9500          0          0
   18.0500          0          0
   18.1500          0          0
   18.2500          0          0
   18.3500          0          0
   18.4500          0          0
   18.5500          0          0
   18.6500          0          0
   18.7500          0          0
   18.8500          0          0
   18.9500          0          0
   19.0500          0          0
   19.1500          0          0
   19.2500          0          0
   19.3500          0          0
   19.4500          0          0
   19.5500          0          0
   19.6500          0          0
   19.7500          0          0
   19.8500          0          0
   19.9500          0          0
   --------------------------------------------------------------------
                   ONE-BODY R-SPACE DISTRIBUTIONS
   --------------------------------------------------------------------
   R_i (fm)     NEUTRON-DOWN             NEUTRON-UP               PROTON-DOWN              PROTON-UP
    0.0500  0.1889E-01 (0.9448E-02)  0.2097E-01 (0.1049E-01)  0.1896E-01 (0.9486E-02)  0.1889E-01 (0.9447E-02)
    0.1500  0.2939E-01 (0.4426E-02)  0.3241E-01 (0.4883E-02)  0.2988E-01 (0.4501E-02)  0.3044E-01 (0.4585E-02)
    0.2500  0.2926E-01 (0.2684E-02)  0.3238E-01 (0.2967E-02)  0.3042E-01 (0.2792E-02)  0.3064E-01 (0.2808E-02)
    0.3500  0.3352E-01 (0.2050E-02)  0.3658E-01 (0.2239E-02)  0.3544E-01 (0.2169E-02)  0.3518E-01 (0.2152E-02)
    0.4500  0.2964E-01 (0.1494E-02)  0.3221E-01 (0.1625E-02)  0.3163E-01 (0.1597E-02)  0.3138E-01 (0.1582E-02)
    0.5500  0.3609E-01 (0.1338E-02)  0.3892E-01 (0.1442E-02)  0.3930E-01 (0.1463E-02)  0.3813E-01 (0.1415E-02)
    0.6500  0.3559E-01 (0.1128E-02)  0.3790E-01 (0.1201E-02)  0.3930E-01 (0.1253E-02)  0.3773E-01 (0.1197E-02)
    0.7500  0.3969E-01 (0.1031E-02)  0.4212E-01 (0.1096E-02)  0.4435E-01 (0.1158E-02)  0.4214E-01 (0.1094E-02)
    0.8500  0.4009E-01 (0.9153E-03)  0.4201E-01 (0.9607E-03)  0.4563E-01 (0.1054E-02)  0.4291E-01 (0.9809E-03)
    0.9500  0.4209E-01 (0.8371E-03)  0.4395E-01 (0.8748E-03)  0.4837E-01 (0.9784E-03)  0.4517E-01 (0.9035E-03)
    1.0500  0.4336E-01 (0.7717E-03)  0.4479E-01 (0.7974E-03)  0.5025E-01 (0.9038E-03)  0.4667E-01 (0.8328E-03)
    1.1500  0.4365E-01 (0.7089E-03)  0.4496E-01 (0.7305E-03)  0.5040E-01 (0.8269E-03)  0.4710E-01 (0.7663E-03)
    1.2500  0.4220E-01 (0.6297E-03)  0.4323E-01 (0.6469E-03)  0.4987E-01 (0.7559E-03)  0.4585E-01 (0.6885E-03)
    1.3500  0.4205E-01 (0.5845E-03)  0.4278E-01 (0.5951E-03)  0.4908E-01 (0.6910E-03)  0.4567E-01 (0.6374E-03)
    1.4500  0.4261E-01 (0.5432E-03)  0.4329E-01 (0.5525E-03)  0.5022E-01 (0.6508E-03)  0.4641E-01 (0.5954E-03)
    1.5500  0.4036E-01 (0.5029E-03)  0.4082E-01 (0.5089E-03)  0.4751E-01 (0.6015E-03)  0.4417E-01 (0.5548E-03)
    1.6500  0.3771E-01 (0.4503E-03)  0.3807E-01 (0.4551E-03)  0.4495E-01 (0.5478E-03)  0.4135E-01 (0.4987E-03)
    1.7500  0.3528E-01 (0.4120E-03)  0.3549E-01 (0.4149E-03)  0.4169E-01 (0.4940E-03)  0.3864E-01 (0.4541E-03)
    1.8500  0.3425E-01 (0.3856E-03)  0.3435E-01 (0.3867E-03)  0.4088E-01 (0.4702E-03)  0.3762E-01 (0.4254E-03)
    1.9500  0.3096E-01 (0.3481E-03)  0.3095E-01 (0.3478E-03)  0.3679E-01 (0.4229E-03)  0.3410E-01 (0.3847E-03)
    2.0500  0.2873E-01 (0.3167E-03)  0.2873E-01 (0.3164E-03)  0.3423E-01 (0.3884E-03)  0.3171E-01 (0.3533E-03)
    2.1500  0.2550E-01 (0.2837E-03)  0.2543E-01 (0.2827E-03)  0.3064E-01 (0.3470E-03)  0.2821E-01 (0.3148E-03)
    2.2500  0.2333E-01 (0.2568E-03)  0.2326E-01 (0.2560E-03)  0.2792E-01 (0.3150E-03)  0.2589E-01 (0.2876E-03)
    2.3500  0.1992E-01 (0.2282E-03)  0.1981E-01 (0.2270E-03)  0.2397E-01 (0.2787E-03)  0.2210E-01 (0.2548E-03)
    2.4500  0.1787E-01 (0.2091E-03)  0.1779E-01 (0.2079E-03)  0.2155E-01 (0.2567E-03)  0.1992E-01 (0.2351E-03)
    2.5500  0.1567E-01 (0.1871E-03)  0.1560E-01 (0.1861E-03)  0.1921E-01 (0.2346E-03)  0.1749E-01 (0.2089E-03)
    2.6500  0.1295E-01 (0.1637E-03)  0.1287E-01 (0.1625E-03)  0.1586E-01 (0.2050E-03)  0.1450E-01 (0.1840E-03)
    2.7500  0.1125E-01 (0.1478E-03)  0.1117E-01 (0.1466E-03)  0.1384E-01 (0.1865E-03)  0.1271E-01 (0.1678E-03)
    2.8500  0.9272E-02 (0.1304E-03)  0.9224E-02 (0.1295E-03)  0.1154E-01 (0.1645E-03)  0.1056E-01 (0.1486E-03)
    2.9500  0.7970E-02 (0.1176E-03)  0.7939E-02 (0.1169E-03)  0.1002E-01 (0.1505E-03)  0.9074E-02 (0.1337E-03)
    3.0500  0.6464E-02 (0.1007E-03)  0.6452E-02 (0.1003E-03)  0.8224E-02 (0.1311E-03)  0.7450E-02 (0.1170E-03)
    3.1500  0.5295E-02 (0.8974E-04)  0.5271E-02 (0.8928E-04)  0.6776E-02 (0.1169E-03)  0.6113E-02 (0.1041E-03)
    3.2500  0.4274E-02 (0.7784E-04)  0.4263E-02 (0.7740E-04)  0.5618E-02 (0.1049E-03)  0.4985E-02 (0.9121E-04)
    3.3500  0.3468E-02 (0.6832E-04)  0.3464E-02 (0.6811E-04)  0.4612E-02 (0.9286E-04)  0.4064E-02 (0.8004E-04)
    3.4500  0.2742E-02 (0.5841E-04)  0.2729E-02 (0.5797E-04)  0.3644E-02 (0.7923E-04)  0.3245E-02 (0.6944E-04)
    3.5500  0.2193E-02 (0.5095E-04)  0.2183E-02 (0.5061E-04)  0.2931E-02 (0.6973E-04)  0.2620E-02 (0.6108E-04)
    3.6500  0.1706E-02 (0.4339E-04)  0.1697E-02 (0.4310E-04)  0.2336E-02 (0.6071E-04)  0.2112E-02 (0.5399E-04)
    3.7500  0.1331E-02 (0.3729E-04)  0.1325E-02 (0.3698E-04)  0.1916E-02 (0.5516E-04)  0.1645E-02 (0.4623E-04)
    3.8500  0.1031E-02 (0.3177E-04)  0.1034E-02 (0.3177E-04)  0.1507E-02 (0.4743E-04)  0.1291E-02 (0.3996E-04)
    3.9500  0.8493E-03 (0.2840E-04)  0.8481E-03 (0.2827E-04)  0.1236E-02 (0.4249E-04)  0.1035E-02 (0.3482E-04)
    4.0500  0.6008E-03 (0.2310E-04)  0.6039E-03 (0.2312E-04)  0.9161E-03 (0.3608E-04)  0.7651E-03 (0.2933E-04)
    4.1500  0.4448E-03 (0.1945E-04)  0.4506E-03 (0.1960E-04)  0.6777E-03 (0.3031E-04)  0.5814E-03 (0.2550E-04)
    4.2500  0.3758E-03 (0.1725E-04)  0.3784E-03 (0.1731E-04)  0.5756E-03 (0.2714E-04)  0.4771E-03 (0.2179E-04)
    4.3500  0.2712E-03 (0.1436E-04)  0.2744E-03 (0.1447E-04)  0.4287E-03 (0.2306E-04)  0.3638E-03 (0.1922E-04)
    4.4500  0.1939E-03 (0.1178E-04)  0.1942E-03 (0.1177E-04)  0.3033E-03 (0.1891E-04)  0.2537E-03 (0.1553E-04)
    4.5500  0.1432E-03 (0.9761E-05)  0.1447E-03 (0.9811E-05)  0.2494E-03 (0.1745E-04)  0.2010E-03 (0.1376E-04)
    4.6500  0.1139E-03 (0.8482E-05)  0.1145E-03 (0.8510E-05)  0.1940E-03 (0.1489E-04)  0.1556E-03 (0.1157E-04)
    4.7500  0.8939E-04 (0.7369E-05)  0.8944E-04 (0.7340E-05)  0.1556E-03 (0.1300E-04)  0.1277E-03 (0.1052E-04)
    4.8500  0.7139E-04 (0.6343E-05)  0.7254E-04 (0.6412E-05)  0.1294E-03 (0.1175E-04)  0.1066E-03 (0.9503E-05)
    4.9500  0.4389E-04 (0.4915E-05)  0.4403E-04 (0.4910E-05)  0.8015E-04 (0.9210E-05)  0.6450E-04 (0.7326E-05)
    5.0500  0.3968E-04 (0.4468E-05)  0.4066E-04 (0.4557E-05)  0.7754E-04 (0.8767E-05)  0.6812E-04 (0.7660E-05)
    5.1500  0.3636E-04 (0.4189E-05)  0.3724E-04 (0.4281E-05)  0.7930E-04 (0.9313E-05)  0.5707E-04 (0.6538E-05)
    5.2500  0.1419E-04 (0.2615E-05)  0.1453E-04 (0.2667E-05)  0.3126E-04 (0.5754E-05)  0.2225E-04 (0.3931E-05)
    5.3500  0.1324E-04 (0.2459E-05)  0.1327E-04 (0.2438E-05)  0.2775E-04 (0.5243E-05)  0.2267E-04 (0.4282E-05)
    5.4500  0.1552E-04 (0.2626E-05)  0.1623E-04 (0.2731E-05)  0.3127E-04 (0.5329E-05)  0.2419E-04 (0.4139E-05)
    5.5500  0.1267E-04 (0.2250E-05)  0.1275E-04 (0.2264E-05)  0.2629E-04 (0.4650E-05)  0.2187E-04 (0.3851E-05)
    5.6500  0.5925E-05 (0.1497E-05)  0.6117E-05 (0.1540E-05)  0.1484E-04 (0.3765E-05)  0.9634E-05 (0.2360E-05)
    5.7500  0.4413E-05 (0.1266E-05)  0.4394E-05 (0.1254E-05)  0.8107E-05 (0.2363E-05)  0.8548E-05 (0.2522E-05)
    5.8500  0.5634E-05 (0.1457E-05)  0.5724E-05 (0.1476E-05)  0.1170E-04 (0.3060E-05)  0.9108E-05 (0.2253E-05)
    5.9500  0.1893E-05 (0.7570E-06)  0.2045E-05 (0.8239E-06)  0.5473E-05 (0.2207E-05)  0.3393E-05 (0.1335E-05)
    6.0500  0.1720E-05 (0.8029E-06)  0.1759E-05 (0.8241E-06)  0.3057E-05 (0.1480E-05)  0.2311E-05 (0.1039E-05)
    6.1500  0.2706E-05 (0.9600E-06)  0.2848E-05 (0.1018E-05)  0.5371E-05 (0.1992E-05)  0.4485E-05 (0.1602E-05)
    6.2500  0.2157E-05 (0.8264E-06)  0.2203E-05 (0.8454E-06)  0.3470E-05 (0.1331E-05)  0.3774E-05 (0.1476E-05)
    6.3500  0.6107E-06 (0.4026E-06)  0.6783E-06 (0.4365E-06)  0.2322E-05 (0.1396E-05)  0.1207E-05 (0.7051E-06)
    6.4500  0.7120E-06 (0.3879E-06)  0.8398E-06 (0.4498E-06)  0.3421E-05 (0.1772E-05)  0.1253E-05 (0.6454E-06)
    6.5500  0.2844E-06 (0.2844E-06)  0.3173E-06 (0.3173E-06)  0.5417E-06 (0.5417E-06)  0.3661E-06 (0.3661E-06)
    6.6500  0.0000E+00 (0.0000E+00)  0.0000E+00 (0.0000E+00)  0.0000E+00 (0.0000E+00)  0.0000E+00 (0.0000E+00)
    6.7500  0.1661E-06 (0.1661E-06)  0.1845E-06 (0.1845E-06)  0.7516E-06 (0.7516E-06)  0.3191E-06 (0.3191E-06)
    6.8500  0.0000E+00 (0.0000E+00)  0.0000E+00 (0.0000E+00)  0.0000E+00 (0.0000E+00)  0.0000E+00 (0.0000E+00)
    6.9500  0.2701E-07 (0.2701E-07)  0.2728E-07 (0.2728E-07)  0.1168E-05 (0.1168E-05)  0.1183E-06 (0.1183E-06)
    7.0500  0.2447E-06 (0.1800E-06)  0.2695E-06 (0.1974E-06)  0.1715E-05 (0.1225E-05)  0.3761E-06 (0.2748E-06)
    7.1500  0.0000E+00 (0.0000E+00)  0.0000E+00 (0.0000E+00)  0.0000E+00 (0.0000E+00)  0.0000E+00 (0.0000E+00)
    7.2500  0.0000E+00 (0.0000E+00)  0.0000E+00 (0.0000E+00)  0.0000E+00 (0.0000E+00)  0.0000E+00 (0.0000E+00)
    7.3500  0.0000E+00 (0.0000E+00)  0.0000E+00 (0.0000E+00)  0.0000E+00 (0.0000E+00)  0.0000E+00 (0.0000E+00)
    7.4500  0.0000E+00 (0.0000E+00)  0.0000E+00 (0.0000E+00)  0.0000E+00 (0.0000E+00)  0.0000E+00 (0.0000E+00)
    7.5500  0.0000E+00 (0.0000E+00)  0.0000E+00 (0.0000E+00)  0.0000E+00 (0.0000E+00)  0.0000E+00 (0.0000E+00)
    7.6500  0.0000E+00 (0.0000E+00)  0.0000E+00 (0.0000E+00)  0.0000E+00 (0.0000E+00)  0.0000E+00 (0.0000E+00)
    7.7500  0.0000E+00 (0.0000E+00)  0.0000E+00 (0.0000E+00)  0.0000E+00 (0.0000E+00)  0.0000E+00 (0.0000E+00)
    7.8500  0.0000E+00 (0.0000E+00)  0.0000E+00 (0.0000E+00)  0.0000E+00 (0.0000E+00)  0.0000E+00 (0.0000E+00)
    7.9500  0.0000E+00 (0.0000E+00)  0.0000E+00 (0.0000E+00)  0.0000E+00 (0.0000E+00)  0.0000E+00 (0.0000E+00)
    8.0500  0.0000E+00 (0.0000E+00)  0.0000E+00 (0.0000E+00)  0.0000E+00 (0.0000E+00)  0.0000E+00 (0.0000E+00)
    8.1500  0.0000E+00 (0.0000E+00)  0.0000E+00 (0.0000E+00)  0.0000E+00 (0.0000E+00)  0.0000E+00 (0.0000E+00)
    8.2500  0.0000E+00 (0.0000E+00)  0.0000E+00 (0.0000E+00)  0.0000E+00 (0.0000E+00)  0.0000E+00 (0.0000E+00)
    8.3500  0.0000E+00 (0.0000E+00)  0.0000E+00 (0.0000E+00)  0.0000E+00 (0.0000E+00)  0.0000E+00 (0.0000E+00)
    8.4500  0.0000E+00 (0.0000E+00)  0.0000E+00 (0.0000E+00)  0.0000E+00 (0.0000E+00)  0.0000E+00 (0.0000E+00)
    8.5500  0.0000E+00 (0.0000E+00)  0.0000E+00 (0.0000E+00)  0.0000E+00 (0.0000E+00)  0.0000E+00 (0.0000E+00)
    8.6500  0.0000E+00 (0.0000E+00)  0.0000E+00 (0.0000E+00)  0.0000E+00 (0.0000E+00)  0.0000E+00 (0.0000E+00)
    8.7500  0.0000E+00 (0.0000E+00)  0.0000E+00 (0.0000E+00)  0.0000E+00 (0.0000E+00)  0.0000E+00 (0.0000E+00)
    8.8500  0.0000E+00 (0.0000E+00)  0.0000E+00 (0.0000E+00)  0.0000E+00 (0.0000E+00)  0.0000E+00 (0.0000E+00)
    8.9500  0.0000E+00 (0.0000E+00)  0.0000E+00 (0.0000E+00)  0.0000E+00 (0.0000E+00)  0.0000E+00 (0.0000E+00)
    9.0500  0.0000E+00 (0.0000E+00)  0.0000E+00 (0.0000E+00)  0.0000E+00 (0.0000E+00)  0.0000E+00 (0.0000E+00)
    9.1500  0.0000E+00 (0.0000E+00)  0.0000E+00 (0.0000E+00)  0.0000E+00 (0.0000E+00)  0.0000E+00 (0.0000E+00)
    9.2500  0.0000E+00 (0.0000E+00)  0.0000E+00 (0.0000E+00)  0.0000E+00 (0.0000E+00)  0.0000E+00 (0.0000E+00)
    9.3500  0.0000E+00 (0.0000E+00)  0.0000E+00 (0.0000E+00)  0.0000E+00 (0.0000E+00)  0.0000E+00 (0.0000E+00)
    9.4500  0.0000E+00 (0.0000E+00)  0.0000E+00 (0.0000E+00)  0.0000E+00 (0.0000E+00)  0.0000E+00 (0.0000E+00)
    9.5500  0.0000E+00 (0.0000E+00)  0.0000E+00 (0.0000E+00)  0.0000E+00 (0.0000E+00)  0.0000E+00 (0.0000E+00)
    9.6500  0.0000E+00 (0.0000E+00)  0.0000E+00 (0.0000E+00)  0.0000E+00 (0.0000E+00)  0.0000E+00 (0.0000E+00)
    9.7500  0.0000E+00 (0.0000E+00)  0.0000E+00 (0.0000E+00)  0.0000E+00 (0.0000E+00)  0.0000E+00 (0.0000E+00)
    9.8500  0.0000E+00 (0.0000E+00)  0.0000E+00 (0.0000E+00)  0.0000E+00 (0.0000E+00)  0.0000E+00 (0.0000E+00)
    9.9500  0.0000E+00 (0.0000E+00)  0.0000E+00 (0.0000E+00)  0.0000E+00 (0.0000E+00)  0.0000E+00 (0.0000E+00)
   10.0500  0.0000E+00 (0.0000E+00)  0.0000E+00 (0.0000E+00)  0.0000E+00 (0.0000E+00)  0.0000E+00 (0.0000E+00)
   10.1500  0.0000E+00 (0.0000E+00)  0.0000E+00 (0.0000E+00)  0.0000E+00 (0.0000E+00)  0.0000E+00 (0.0000E+00)
   10.2500  0.0000E+00 (0.0000E+00)  0.0000E+00 (0.0000E+00)  0.0000E+00 (0.0000E+00)  0.0000E+00 (0.0000E+00)
   10.3500  0.0000E+00 (0.0000E+00)  0.0000E+00 (0.0000E+00)  0.0000E+00 (0.0000E+00)  0.0000E+00 (0.0000E+00)
   10.4500  0.0000E+00 (0.0000E+00)  0.0000E+00 (0.0000E+00)  0.0000E+00 (0.0000E+00)  0.0000E+00 (0.0000E+00)
   10.5500  0.0000E+00 (0.0000E+00)  0.0000E+00 (0.0000E+00)  0.0000E+00 (0.0000E+00)  0.0000E+00 (0.0000E+00)
   10.6500  0.0000E+00 (0.0000E+00)  0.0000E+00 (0.0000E+00)  0.0000E+00 (0.0000E+00)  0.0000E+00 (0.0000E+00)
   10.7500  0.0000E+00 (0.0000E+00)  0.0000E+00 (0.0000E+00)  0.0000E+00 (0.0000E+00)  0.0000E+00 (0.0000E+00)
   10.8500  0.0000E+00 (0.0000E+00)  0.0000E+00 (0.0000E+00)  0.0000E+00 (0.0000E+00)  0.0000E+00 (0.0000E+00)
   10.9500  0.0000E+00 (0.0000E+00)  0.0000E+00 (0.0000E+00)  0.0000E+00 (0.0000E+00)  0.0000E+00 (0.0000E+00)
   11.0500  0.0000E+00 (0.0000E+00)  0.0000E+00 (0.0000E+00)  0.0000E+00 (0.0000E+00)  0.0000E+00 (0.0000E+00)
   11.1500  0.0000E+00 (0.0000E+00)  0.0000E+00 (0.0000E+00)  0.0000E+00 (0.0000E+00)  0.0000E+00 (0.0000E+00)
   11.2500  0.0000E+00 (0.0000E+00)  0.0000E+00 (0.0000E+00)  0.0000E+00 (0.0000E+00)  0.0000E+00 (0.0000E+00)
   11.3500  0.0000E+00 (0.0000E+00)  0.0000E+00 (0.0000E+00)  0.0000E+00 (0.0000E+00)  0.0000E+00 (0.0000E+00)
   11.4500  0.0000E+00 (0.0000E+00)  0.0000E+00 (0.0000E+00)  0.0000E+00 (0.0000E+00)  0.0000E+00 (0.0000E+00)
   11.5500  0.0000E+00 (0.0000E+00)  0.0000E+00 (0.0000E+00)  0.0000E+00 (0.0000E+00)  0.0000E+00 (0.0000E+00)
   11.6500  0.0000E+00 (0.0000E+00)  0.0000E+00 (0.0000E+00)  0.0000E+00 (0.0000E+00)  0.0000E+00 (0.0000E+00)
   11.7500  0.0000E+00 (0.0000E+00)  0.0000E+00 (0.0000E+00)  0.0000E+00 (0.0000E+00)  0.0000E+00 (0.0000E+00)
   11.8500  0.0000E+00 (0.0000E+00)  0.0000E+00 (0.0000E+00)  0.0000E+00 (0.0000E+00)  0.0000E+00 (0.0000E+00)
   11.9500  0.0000E+00 (0.0000E+00)  0.0000E+00 (0.0000E+00)  0.0000E+00 (0.0000E+00)  0.0000E+00 (0.0000E+00)
   12.0500  0.0000E+00 (0.0000E+00)  0.0000E+00 (0.0000E+00)  0.0000E+00 (0.0000E+00)  0.0000E+00 (0.0000E+00)
   12.1500  0.0000E+00 (0.0000E+00)  0.0000E+00 (0.0000E+00)  0.0000E+00 (0.0000E+00)  0.0000E+00 (0.0000E+00)
   12.2500  0.0000E+00 (0.0000E+00)  0.0000E+00 (0.0000E+00)  0.0000E+00 (0.0000E+00)  0.0000E+00 (0.0000E+00)
   12.3500  0.0000E+00 (0.0000E+00)  0.0000E+00 (0.0000E+00)  0.0000E+00 (0.0000E+00)  0.0000E+00 (0.0000E+00)
   12.4500  0.0000E+00 (0.0000E+00)  0.0000E+00 (0.0000E+00)  0.0000E+00 (0.0000E+00)  0.0000E+00 (0.0000E+00)
   12.5500  0.0000E+00 (0.0000E+00)  0.0000E+00 (0.0000E+00)  0.0000E+00 (0.0000E+00)  0.0000E+00 (0.0000E+00)
   12.6500  0.0000E+00 (0.0000E+00)  0.0000E+00 (0.0000E+00)  0.0000E+00 (0.0000E+00)  0.0000E+00 (0.0000E+00)
   12.7500  0.0000E+00 (0.0000E+00)  0.0000E+00 (0.0000E+00)  0.0000E+00 (0.0000E+00)  0.0000E+00 (0.0000E+00)
   12.8500  0.0000E+00 (0.0000E+00)  0.0000E+00 (0.0000E+00)  0.0000E+00 (0.0000E+00)  0.0000E+00 (0.0000E+00)
   12.9500  0.0000E+00 (0.0000E+00)  0.0000E+00 (0.0000E+00)  0.0000E+00 (0.0000E+00)  0.0000E+00 (0.0000E+00)
   13.0500  0.0000E+00 (0.0000E+00)  0.0000E+00 (0.0000E+00)  0.0000E+00 (0.0000E+00)  0.0000E+00 (0.0000E+00)
   13.1500  0.0000E+00 (0.0000E+00)  0.0000E+00 (0.0000E+00)  0.0000E+00 (0.0000E+00)  0.0000E+00 (0.0000E+00)
   13.2500  0.0000E+00 (0.0000E+00)  0.0000E+00 (0.0000E+00)  0.0000E+00 (0.0000E+00)  0.0000E+00 (0.0000E+00)
   13.3500  0.0000E+00 (0.0000E+00)  0.0000E+00 (0.0000E+00)  0.0000E+00 (0.0000E+00)  0.0000E+00 (0.0000E+00)
   13.4500  0.0000E+00 (0.0000E+00)  0.0000E+00 (0.0000E+00)  0.0000E+00 (0.0000E+00)  0.0000E+00 (0.0000E+00)
   13.5500  0.0000E+00 (0.0000E+00)  0.0000E+00 (0.0000E+00)  0.0000E+00 (0.0000E+00)  0.0000E+00 (0.0000E+00)
   13.6500  0.0000E+00 (0.0000E+00)  0.0000E+00 (0.0000E+00)  0.0000E+00 (0.0000E+00)  0.0000E+00 (0.0000E+00)
   13.7500  0.0000E+00 (0.0000E+00)  0.0000E+00 (0.0000E+00)  0.0000E+00 (0.0000E+00)  0.0000E+00 (0.0000E+00)
   13.8500  0.0000E+00 (0.0000E+00)  0.0000E+00 (0.0000E+00)  0.0000E+00 (0.0000E+00)  0.0000E+00 (0.0000E+00)
   13.9500  0.0000E+00 (0.0000E+00)  0.0000E+00 (0.0000E+00)  0.0000E+00 (0.0000E+00)  0.0000E+00 (0.0000E+00)
   14.0500  0.0000E+00 (0.0000E+00)  0.0000E+00 (0.0000E+00)  0.0000E+00 (0.0000E+00)  0.0000E+00 (0.0000E+00)
   14.1500  0.0000E+00 (0.0000E+00)  0.0000E+00 (0.0000E+00)  0.0000E+00 (0.0000E+00)  0.0000E+00 (0.0000E+00)
   14.2500  0.0000E+00 (0.0000E+00)  0.0000E+00 (0.0000E+00)  0.0000E+00 (0.0000E+00)  0.0000E+00 (0.0000E+00)
   14.3500  0.0000E+00 (0.0000E+00)  0.0000E+00 (0.0000E+00)  0.0000E+00 (0.0000E+00)  0.0000E+00 (0.0000E+00)
   14.4500  0.0000E+00 (0.0000E+00)  0.0000E+00 (0.0000E+00)  0.0000E+00 (0.0000E+00)  0.0000E+00 (0.0000E+00)
   14.5500  0.0000E+00 (0.0000E+00)  0.0000E+00 (0.0000E+00)  0.0000E+00 (0.0000E+00)  0.0000E+00 (0.0000E+00)
   14.6500  0.0000E+00 (0.0000E+00)  0.0000E+00 (0.0000E+00)  0.0000E+00 (0.0000E+00)  0.0000E+00 (0.0000E+00)
   14.7500  0.0000E+00 (0.0000E+00)  0.0000E+00 (0.0000E+00)  0.0000E+00 (0.0000E+00)  0.0000E+00 (0.0000E+00)
   14.8500  0.0000E+00 (0.0000E+00)  0.0000E+00 (0.0000E+00)  0.0000E+00 (0.0000E+00)  0.0000E+00 (0.0000E+00)
   14.9500  0.0000E+00 (0.0000E+00)  0.0000E+00 (0.0000E+00)  0.0000E+00 (0.0000E+00)  0.0000E+00 (0.0000E+00)
   15.0500  0.0000E+00 (0.0000E+00)  0.0000E+00 (0.0000E+00)  0.0000E+00 (0.0000E+00)  0.0000E+00 (0.0000E+00)
   15.1500  0.0000E+00 (0.0000E+00)  0.0000E+00 (0.0000E+00)  0.0000E+00 (0.0000E+00)  0.0000E+00 (0.0000E+00)
   15.2500  0.0000E+00 (0.0000E+00)  0.0000E+00 (0.0000E+00)  0.0000E+00 (0.0000E+00)  0.0000E+00 (0.0000E+00)
   15.3500  0.0000E+00 (0.0000E+00)  0.0000E+00 (0.0000E+00)  0.0000E+00 (0.0000E+00)  0.0000E+00 (0.0000E+00)
   15.4500  0.0000E+00 (0.0000E+00)  0.0000E+00 (0.0000E+00)  0.0000E+00 (0.0000E+00)  0.0000E+00 (0.0000E+00)
   15.5500  0.0000E+00 (0.0000E+00)  0.0000E+00 (0.0000E+00)  0.0000E+00 (0.0000E+00)  0.0000E+00 (0.0000E+00)
   15.6500  0.0000E+00 (0.0000E+00)  0.0000E+00 (0.0000E+00)  0.0000E+00 (0.0000E+00)  0.0000E+00 (0.0000E+00)
   15.7500  0.0000E+00 (0.0000E+00)  0.0000E+00 (0.0000E+00)  0.0000E+00 (0.0000E+00)  0.0000E+00 (0.0000E+00)
   15.8500  0.0000E+00 (0.0000E+00)  0.0000E+00 (0.0000E+00)  0.0000E+00 (0.0000E+00)  0.0000E+00 (0.0000E+00)
   15.9500  0.0000E+00 (0.0000E+00)  0.0000E+00 (0.0000E+00)  0.0000E+00 (0.0000E+00)  0.0000E+00 (0.0000E+00)
   16.0500  0.0000E+00 (0.0000E+00)  0.0000E+00 (0.0000E+00)  0.0000E+00 (0.0000E+00)  0.0000E+00 (0.0000E+00)
   16.1500  0.0000E+00 (0.0000E+00)  0.0000E+00 (0.0000E+00)  0.0000E+00 (0.0000E+00)  0.0000E+00 (0.0000E+00)
   16.2500  0.0000E+00 (0.0000E+00)  0.0000E+00 (0.0000E+00)  0.0000E+00 (0.0000E+00)  0.0000E+00 (0.0000E+00)
   16.3500  0.0000E+00 (0.0000E+00)  0.0000E+00 (0.0000E+00)  0.0000E+00 (0.0000E+00)  0.0000E+00 (0.0000E+00)
   16.4500  0.0000E+00 (0.0000E+00)  0.0000E+00 (0.0000E+00)  0.0000E+00 (0.0000E+00)  0.0000E+00 (0.0000E+00)
   16.5500  0.0000E+00 (0.0000E+00)  0.0000E+00 (0.0000E+00)  0.0000E+00 (0.0000E+00)  0.0000E+00 (0.0000E+00)
   16.6500  0.0000E+00 (0.0000E+00)  0.0000E+00 (0.0000E+00)  0.0000E+00 (0.0000E+00)  0.0000E+00 (0.0000E+00)
   16.7500  0.0000E+00 (0.0000E+00)  0.0000E+00 (0.0000E+00)  0.0000E+00 (0.0000E+00)  0.0000E+00 (0.0000E+00)
   16.8500  0.0000E+00 (0.0000E+00)  0.0000E+00 (0.0000E+00)  0.0000E+00 (0.0000E+00)  0.0000E+00 (0.0000E+00)
   16.9500  0.0000E+00 (0.0000E+00)  0.0000E+00 (0.0000E+00)  0.0000E+00 (0.0000E+00)  0.0000E+00 (0.0000E+00)
   17.0500  0.0000E+00 (0.0000E+00)  0.0000E+00 (0.0000E+00)  0.0000E+00 (0.0000E+00)  0.0000E+00 (0.0000E+00)
   17.1500  0.0000E+00 (0.0000E+00)  0.0000E+00 (0.0000E+00)  0.0000E+00 (0.0000E+00)  0.0000E+00 (0.0000E+00)
   17.2500  0.0000E+00 (0.0000E+00)  0.0000E+00 (0.0000E+00)  0.0000E+00 (0.0000E+00)  0.0000E+00 (0.0000E+00)
   17.3500  0.0000E+00 (0.0000E+00)  0.0000E+00 (0.0000E+00)  0.0000E+00 (0.0000E+00)  0.0000E+00 (0.0000E+00)
   17.4500  0.0000E+00 (0.0000E+00)  0.0000E+00 (0.0000E+00)  0.0000E+00 (0.0000E+00)  0.0000E+00 (0.0000E+00)
   17.5500  0.0000E+00 (0.0000E+00)  0.0000E+00 (0.0000E+00)  0.0000E+00 (0.0000E+00)  0.0000E+00 (0.0000E+00)
   17.6500  0.0000E+00 (0.0000E+00)  0.0000E+00 (0.0000E+00)  0.0000E+00 (0.0000E+00)  0.0000E+00 (0.0000E+00)
   17.7500  0.0000E+00 (0.0000E+00)  0.0000E+00 (0.0000E+00)  0.0000E+00 (0.0000E+00)  0.0000E+00 (0.0000E+00)
   17.8500  0.0000E+00 (0.0000E+00)  0.0000E+00 (0.0000E+00)  0.0000E+00 (0.0000E+00)  0.0000E+00 (0.0000E+00)
   17.9500  0.0000E+00 (0.0000E+00)  0.0000E+00 (0.0000E+00)  0.0000E+00 (0.0000E+00)  0.0000E+00 (0.0000E+00)
   18.0500  0.0000E+00 (0.0000E+00)  0.0000E+00 (0.0000E+00)  0.0000E+00 (0.0000E+00)  0.0000E+00 (0.0000E+00)
   18.1500  0.0000E+00 (0.0000E+00)  0.0000E+00 (0.0000E+00)  0.0000E+00 (0.0000E+00)  0.0000E+00 (0.0000E+00)
   18.2500  0.0000E+00 (0.0000E+00)  0.0000E+00 (0.0000E+00)  0.0000E+00 (0.0000E+00)  0.0000E+00 (0.0000E+00)
   18.3500  0.0000E+00 (0.0000E+00)  0.0000E+00 (0.0000E+00)  0.0000E+00 (0.0000E+00)  0.0000E+00 (0.0000E+00)
   18.4500  0.0000E+00 (0.0000E+00)  0.0000E+00 (0.0000E+00)  0.0000E+00 (0.0000E+00)  0.0000E+00 (0.0000E+00)
   18.5500  0.0000E+00 (0.0000E+00)  0.0000E+00 (0.0000E+00)  0.0000E+00 (0.0000E+00)  0.0000E+00 (0.0000E+00)
   18.6500  0.0000E+00 (0.0000E+00)  0.0000E+00 (0.0000E+00)  0.0000E+00 (0.0000E+00)  0.0000E+00 (0.0000E+00)
   18.7500  0.0000E+00 (0.0000E+00)  0.0000E+00 (0.0000E+00)  0.0000E+00 (0.0000E+00)  0.0000E+00 (0.0000E+00)
   18.8500  0.0000E+00 (0.0000E+00)  0.0000E+00 (0.0000E+00)  0.0000E+00 (0.0000E+00)  0.0000E+00 (0.0000E+00)
   18.9500  0.0000E+00 (0.0000E+00)  0.0000E+00 (0.0000E+00)  0.0000E+00 (0.0000E+00)  0.0000E+00 (0.0000E+00)
   19.0500  0.0000E+00 (0.0000E+00)  0.0000E+00 (0.0000E+00)  0.0000E+00 (0.0000E+00)  0.0000E+00 (0.0000E+00)
   19.1500  0.0000E+00 (0.0000E+00)  0.0000E+00 (0.0000E+00)  0.0000E+00 (0.0000E+00)  0.0000E+00 (0.0000E+00)
   19.2500  0.0000E+00 (0.0000E+00)  0.0000E+00 (0.0000E+00)  0.0000E+00 (0.0000E+00)  0.0000E+00 (0.0000E+00)
   19.3500  0.0000E+00 (0.0000E+00)  0.0000E+00 (0.0000E+00)  0.0000E+00 (0.0000E+00)  0.0000E+00 (0.0000E+00)
   19.4500  0.0000E+00 (0.0000E+00)  0.0000E+00 (0.0000E+00)  0.0000E+00 (0.0000E+00)  0.0000E+00 (0.0000E+00)
   19.5500  0.0000E+00 (0.0000E+00)  0.0000E+00 (0.0000E+00)  0.0000E+00 (0.0000E+00)  0.0000E+00 (0.0000E+00)
   19.6500  0.0000E+00 (0.0000E+00)  0.0000E+00 (0.0000E+00)  0.0000E+00 (0.0000E+00)  0.0000E+00 (0.0000E+00)
   19.7500  0.0000E+00 (0.0000E+00)  0.0000E+00 (0.0000E+00)  0.0000E+00 (0.0000E+00)  0.0000E+00 (0.0000E+00)
   19.8500  0.0000E+00 (0.0000E+00)  0.0000E+00 (0.0000E+00)  0.0000E+00 (0.0000E+00)  0.0000E+00 (0.0000E+00)
   19.9500  0.0000E+00 (0.0000E+00)  0.0000E+00 (0.0000E+00)  0.0000E+00 (0.0000E+00)  0.0000E+00 (0.0000E+00)
   --------------------------------------------------------------------
                   TWO-BODY R-SPACE DISTRIBUTIONS
   --------------------------------------------------------------------
   R_ij (fm)      NN (S=0)                NP (S=0)               PP (S=0)
    0.0500  0.0000E+00 (0.0000E+00)  0.0000E+00 (0.0000E+00)  0.0000E+00 (0.0000E+00)
    0.1500  0.1213E-02 (0.5548E-03)  0.1469E-02 (0.6616E-03)  0.1680E-02 (0.7628E-03)
    0.2500  0.4109E-02 (0.6731E-03)  0.4511E-02 (0.7250E-03)  0.4783E-02 (0.7682E-03)
    0.3500  0.8809E-02 (0.6964E-03)  0.9784E-02 (0.7605E-03)  0.1030E-01 (0.8077E-03)
    0.4500  0.1568E-01 (0.7510E-03)  0.1749E-01 (0.8272E-03)  0.1840E-01 (0.8814E-03)
    0.5500  0.2473E-01 (0.7734E-03)  0.2762E-01 (0.8506E-03)  0.2884E-01 (0.8949E-03)
    0.6500  0.3878E-01 (0.8393E-03)  0.4373E-01 (0.9305E-03)  0.4566E-01 (0.9823E-03)
    0.7500  0.4841E-01 (0.8091E-03)  0.5517E-01 (0.9074E-03)  0.5723E-01 (0.9501E-03)
    0.8500  0.5812E-01 (0.7843E-03)  0.6677E-01 (0.8873E-03)  0.6844E-01 (0.9163E-03)
    0.9500  0.6101E-01 (0.7324E-03)  0.7125E-01 (0.8440E-03)  0.7248E-01 (0.8634E-03)
    1.0500  0.6299E-01 (0.6609E-03)  0.7451E-01 (0.7703E-03)  0.7458E-01 (0.7775E-03)
    1.1500  0.6139E-01 (0.5844E-03)  0.7410E-01 (0.6947E-03)  0.7333E-01 (0.6930E-03)
    1.2500  0.5798E-01 (0.5264E-03)  0.7118E-01 (0.6385E-03)  0.6896E-01 (0.6212E-03)
    1.3500  0.5482E-01 (0.4651E-03)  0.6910E-01 (0.5774E-03)  0.6572E-01 (0.5523E-03)
    1.4500  0.5063E-01 (0.4176E-03)  0.6540E-01 (0.5326E-03)  0.6080E-01 (0.4968E-03)
    1.5500  0.4684E-01 (0.3724E-03)  0.6201E-01 (0.4864E-03)  0.5647E-01 (0.4463E-03)
    1.6500  0.4290E-01 (0.3234E-03)  0.5854E-01 (0.4354E-03)  0.5208E-01 (0.3904E-03)
    1.7500  0.3920E-01 (0.2919E-03)  0.5498E-01 (0.4038E-03)  0.4788E-01 (0.3561E-03)
    1.8500  0.3571E-01 (0.2598E-03)  0.5175E-01 (0.3697E-03)  0.4379E-01 (0.3175E-03)
    1.9500  0.3220E-01 (0.2291E-03)  0.4815E-01 (0.3365E-03)  0.3965E-01 (0.2815E-03)
    2.0500  0.2942E-01 (0.2058E-03)  0.4537E-01 (0.3101E-03)  0.3641E-01 (0.2536E-03)
    2.1500  0.2694E-01 (0.1842E-03)  0.4305E-01 (0.2864E-03)  0.3372E-01 (0.2298E-03)
    2.2500  0.2458E-01 (0.1663E-03)  0.4047E-01 (0.2665E-03)  0.3079E-01 (0.2067E-03)
    2.3500  0.2228E-01 (0.1476E-03)  0.3783E-01 (0.2433E-03)  0.2809E-01 (0.1855E-03)
    2.4500  0.2064E-01 (0.1339E-03)  0.3641E-01 (0.2284E-03)  0.2628E-01 (0.1697E-03)
    2.5500  0.1878E-01 (0.1231E-03)  0.3392E-01 (0.2127E-03)  0.2397E-01 (0.1548E-03)
    2.6500  0.1689E-01 (0.1089E-03)  0.3138E-01 (0.1946E-03)  0.2173E-01 (0.1397E-03)
    2.7500  0.1569E-01 (0.9959E-04)  0.2991E-01 (0.1817E-03)  0.2017E-01 (0.1270E-03)
    2.8500  0.1437E-01 (0.9075E-04)  0.2811E-01 (0.1697E-03)  0.1862E-01 (0.1170E-03)
    2.9500  0.1310E-01 (0.8204E-04)  0.2620E-01 (0.1575E-03)  0.1701E-01 (0.1061E-03)
    3.0500  0.1199E-01 (0.7561E-04)  0.2442E-01 (0.1468E-03)  0.1563E-01 (0.9759E-04)
    3.1500  0.1091E-01 (0.6775E-04)  0.2269E-01 (0.1356E-03)  0.1434E-01 (0.8895E-04)
    3.2500  0.1006E-01 (0.6333E-04)  0.2126E-01 (0.1282E-03)  0.1323E-01 (0.8273E-04)
    3.3500  0.9374E-02 (0.5802E-04)  0.2002E-01 (0.1191E-03)  0.1230E-01 (0.7576E-04)
    3.4500  0.8404E-02 (0.5262E-04)  0.1823E-01 (0.1091E-03)  0.1111E-01 (0.6929E-04)
    3.5500  0.7762E-02 (0.4943E-04)  0.1693E-01 (0.1042E-03)  0.1023E-01 (0.6506E-04)
    3.6500  0.7164E-02 (0.4633E-04)  0.1574E-01 (0.9774E-04)  0.9458E-02 (0.6048E-04)
    3.7500  0.6462E-02 (0.4229E-04)  0.1436E-01 (0.9021E-04)  0.8592E-02 (0.5576E-04)
    3.8500  0.5923E-02 (0.4001E-04)  0.1321E-01 (0.8611E-04)  0.7880E-02 (0.5312E-04)
    3.9500  0.5380E-02 (0.3683E-04)  0.1203E-01 (0.7927E-04)  0.7153E-02 (0.4845E-04)
    4.0500  0.4847E-02 (0.3409E-04)  0.1090E-01 (0.7386E-04)  0.6481E-02 (0.4488E-04)
    4.1500  0.4413E-02 (0.3161E-04)  0.9889E-02 (0.6827E-04)  0.5886E-02 (0.4167E-04)
    4.2500  0.3964E-02 (0.2973E-04)  0.8912E-02 (0.6462E-04)  0.5297E-02 (0.3919E-04)
    4.3500  0.3583E-02 (0.2818E-04)  0.8033E-02 (0.6111E-04)  0.4778E-02 (0.3699E-04)
    4.4500  0.3243E-02 (0.2604E-04)  0.7271E-02 (0.5650E-04)  0.4341E-02 (0.3432E-04)
    4.5500  0.2927E-02 (0.2425E-04)  0.6545E-02 (0.5293E-04)  0.3891E-02 (0.3198E-04)
    4.6500  0.2547E-02 (0.2242E-04)  0.5683E-02 (0.4843E-04)  0.3404E-02 (0.2945E-04)
    4.7500  0.2259E-02 (0.2070E-04)  0.5027E-02 (0.4476E-04)  0.3017E-02 (0.2714E-04)
    4.8500  0.2027E-02 (0.1933E-04)  0.4520E-02 (0.4187E-04)  0.2732E-02 (0.2569E-04)
    4.9500  0.1798E-02 (0.1798E-04)  0.4006E-02 (0.3894E-04)  0.2440E-02 (0.2409E-04)
    5.0500  0.1571E-02 (0.1661E-04)  0.3480E-02 (0.3574E-04)  0.2123E-02 (0.2208E-04)
    5.1500  0.1402E-02 (0.1536E-04)  0.3094E-02 (0.3299E-04)  0.1898E-02 (0.2047E-04)
    5.2500  0.1218E-02 (0.1414E-04)  0.2681E-02 (0.3010E-04)  0.1659E-02 (0.1880E-04)
    5.3500  0.1051E-02 (0.1306E-04)  0.2310E-02 (0.2782E-04)  0.1438E-02 (0.1755E-04)
    5.4500  0.9242E-03 (0.1214E-04)  0.2008E-02 (0.2558E-04)  0.1251E-02 (0.1605E-04)
    5.5500  0.7554E-03 (0.1078E-04)  0.1652E-02 (0.2283E-04)  0.1039E-02 (0.1450E-04)
    5.6500  0.6713E-03 (0.1002E-04)  0.1458E-02 (0.2107E-04)  0.9242E-03 (0.1355E-04)
    5.7500  0.5800E-03 (0.9092E-05)  0.1261E-02 (0.1910E-04)  0.7974E-03 (0.1223E-04)
    5.8500  0.4922E-03 (0.8193E-05)  0.1082E-02 (0.1747E-04)  0.6924E-03 (0.1137E-04)
    5.9500  0.4175E-03 (0.7687E-05)  0.9085E-03 (0.1618E-04)  0.5825E-03 (0.1045E-04)
    6.0500  0.3568E-03 (0.6849E-05)  0.7737E-03 (0.1427E-04)  0.5023E-03 (0.9367E-05)
    6.1500  0.3031E-03 (0.6217E-05)  0.6573E-03 (0.1298E-04)  0.4292E-03 (0.8615E-05)
    6.2500  0.2516E-03 (0.5644E-05)  0.5437E-03 (0.1172E-04)  0.3546E-03 (0.7745E-05)
    6.3500  0.2036E-03 (0.4962E-05)  0.4433E-03 (0.1031E-04)  0.2941E-03 (0.6972E-05)
    6.4500  0.1797E-03 (0.4623E-05)  0.3906E-03 (0.9663E-05)  0.2603E-03 (0.6525E-05)
    6.5500  0.1462E-03 (0.4025E-05)  0.3182E-03 (0.8377E-05)  0.2133E-03 (0.5713E-05)
    6.6500  0.1189E-03 (0.3578E-05)  0.2570E-03 (0.7365E-05)  0.1740E-03 (0.5086E-05)
    6.7500  0.9882E-04 (0.3274E-05)  0.2152E-03 (0.6800E-05)  0.1461E-03 (0.4705E-05)
    6.8500  0.8037E-04 (0.2894E-05)  0.1727E-03 (0.5884E-05)  0.1179E-03 (0.4112E-05)
    6.9500  0.7389E-04 (0.2798E-05)  0.1592E-03 (0.5713E-05)  0.1090E-03 (0.3993E-05)
    7.0500  0.5607E-04 (0.2362E-05)  0.1221E-03 (0.4855E-05)  0.8473E-04 (0.3438E-05)
    7.1500  0.4460E-04 (0.1987E-05)  0.1001E-03 (0.4242E-05)  0.6909E-04 (0.2994E-05)
    7.2500  0.3735E-04 (0.1846E-05)  0.8254E-04 (0.3871E-05)  0.5822E-04 (0.2795E-05)
    7.3500  0.2967E-04 (0.1633E-05)  0.6590E-04 (0.3426E-05)  0.4647E-04 (0.2489E-05)
    7.4500  0.2471E-04 (0.1468E-05)  0.5432E-04 (0.3053E-05)  0.3856E-04 (0.2223E-05)
    7.5500  0.2137E-04 (0.1391E-05)  0.4541E-04 (0.2800E-05)  0.3256E-04 (0.2042E-05)
    7.6500  0.1844E-04 (0.1267E-05)  0.4008E-04 (0.2600E-05)  0.2808E-04 (0.1864E-05)
    7.7500  0.1476E-04 (0.1091E-05)  0.3259E-04 (0.2293E-05)  0.2400E-04 (0.1726E-05)
    7.8500  0.1254E-04 (0.1027E-05)  0.2691E-04 (0.2066E-05)  0.1962E-04 (0.1549E-05)
    7.9500  0.9117E-05 (0.8305E-06)  0.2008E-04 (0.1740E-05)  0.1433E-04 (0.1266E-05)
    8.0500  0.6219E-05 (0.6938E-06)  0.1331E-04 (0.1383E-05)  0.1014E-04 (0.1082E-05)
    8.1500  0.6543E-05 (0.7011E-06)  0.1430E-04 (0.1434E-05)  0.1099E-04 (0.1131E-05)
    8.2500  0.4428E-05 (0.5336E-06)  0.1035E-04 (0.1175E-05)  0.7504E-05 (0.8782E-06)
    8.3500  0.4023E-05 (0.5178E-06)  0.8835E-05 (0.1076E-05)  0.6436E-05 (0.8116E-06)
    8.4500  0.2565E-05 (0.4091E-06)  0.5963E-05 (0.8859E-06)  0.4532E-05 (0.6917E-06)
    8.5500  0.2533E-05 (0.4149E-06)  0.5571E-05 (0.8307E-06)  0.4526E-05 (0.7041E-06)
    8.6500  0.1657E-05 (0.3234E-06)  0.3627E-05 (0.6842E-06)  0.2775E-05 (0.5477E-06)
    8.7500  0.1987E-05 (0.3714E-06)  0.4890E-05 (0.8456E-06)  0.3911E-05 (0.6989E-06)
    8.8500  0.1043E-05 (0.2597E-06)  0.2369E-05 (0.5303E-06)  0.1782E-05 (0.4060E-06)
    8.9500  0.9828E-06 (0.2503E-06)  0.2395E-05 (0.5440E-06)  0.1914E-05 (0.4503E-06)
    9.0500  0.9507E-06 (0.2469E-06)  0.2419E-05 (0.5526E-06)  0.1911E-05 (0.4391E-06)
    9.1500  0.6364E-06 (0.1852E-06)  0.1433E-05 (0.3979E-06)  0.1091E-05 (0.3124E-06)
    9.2500  0.9915E-06 (0.2658E-06)  0.2300E-05 (0.5859E-06)  0.1951E-05 (0.4918E-06)
    9.3500  0.2968E-06 (0.1293E-06)  0.8321E-06 (0.2946E-06)  0.6703E-06 (0.2428E-06)
    9.4500  0.2215E-06 (0.1175E-06)  0.4456E-06 (0.2230E-06)  0.3905E-06 (0.1976E-06)
    9.5500  0.4464E-06 (0.1498E-06)  0.1087E-05 (0.3285E-06)  0.8392E-06 (0.2568E-06)
    9.6500  0.1152E-06 (0.8172E-07)  0.1859E-06 (0.1314E-06)  0.1364E-06 (0.9683E-07)
    9.7500  0.7602E-07 (0.5350E-07)  0.2744E-06 (0.1584E-06)  0.2313E-06 (0.1337E-06)
    9.8500  0.9646E-07 (0.6869E-07)  0.3526E-06 (0.2165E-06)  0.2364E-06 (0.1399E-06)
    9.9500  0.1239E-06 (0.7113E-07)  0.3690E-06 (0.1847E-06)  0.2846E-06 (0.1425E-06)
   10.0500  0.6456E-07 (0.6456E-07)  0.9784E-07 (0.9784E-07)  0.9686E-07 (0.9685E-07)
   10.1500  0.1271E-06 (0.6871E-07)  0.4082E-06 (0.2051E-06)  0.5021E-06 (0.2593E-06)
   10.2500  0.1381E-06 (0.8752E-07)  0.2714E-06 (0.1571E-06)  0.2489E-06 (0.1458E-06)
   10.3500  0.3967E-07 (0.3967E-07)  0.8225E-07 (0.8224E-07)  0.6373E-07 (0.6373E-07)
   10.4500  0.7098E-07 (0.5623E-07)  0.1757E-06 (0.1243E-06)  0.1485E-06 (0.1050E-06)
   10.5500  0.5513E-07 (0.5513E-07)  0.8609E-07 (0.8609E-07)  0.6580E-07 (0.6580E-07)
   10.6500  0.0000E+00 (0.0000E+00)  0.0000E+00 (0.0000E+00)  0.0000E+00 (0.0000E+00)
   10.7500  0.2796E-07 (0.2796E-07)  0.8106E-07 (0.8105E-07)  0.6858E-07 (0.6857E-07)
   10.8500  0.0000E+00 (0.0000E+00)  0.0000E+00 (0.0000E+00)  0.0000E+00 (0.0000E+00)
   10.9500  0.0000E+00 (0.0000E+00)  0.0000E+00 (0.0000E+00)  0.0000E+00 (0.0000E+00)
   11.0500  0.0000E+00 (0.0000E+00)  0.0000E+00 (0.0000E+00)  0.0000E+00 (0.0000E+00)
   11.1500  0.0000E+00 (0.0000E+00)  0.0000E+00 (0.0000E+00)  0.0000E+00 (0.0000E+00)
   11.2500  0.0000E+00 (0.0000E+00)  0.0000E+00 (0.0000E+00)  0.0000E+00 (0.0000E+00)
   11.3500  0.2347E-07 (0.2347E-07)  0.6806E-07 (0.6806E-07)  0.6274E-07 (0.6274E-07)
   11.4500  0.0000E+00 (0.0000E+00)  0.0000E+00 (0.0000E+00)  0.0000E+00 (0.0000E+00)
   11.5500  0.0000E+00 (0.0000E+00)  0.0000E+00 (0.0000E+00)  0.0000E+00 (0.0000E+00)
   11.6500  0.0000E+00 (0.0000E+00)  0.0000E+00 (0.0000E+00)  0.0000E+00 (0.0000E+00)
   11.7500  0.0000E+00 (0.0000E+00)  0.0000E+00 (0.0000E+00)  0.0000E+00 (0.0000E+00)
   11.8500  0.0000E+00 (0.0000E+00)  0.0000E+00 (0.0000E+00)  0.0000E+00 (0.0000E+00)
   11.9500  0.0000E+00 (0.0000E+00)  0.0000E+00 (0.0000E+00)  0.0000E+00 (0.0000E+00)
   12.0500  0.0000E+00 (0.0000E+00)  0.0000E+00 (0.0000E+00)  0.0000E+00 (0.0000E+00)
   12.1500  0.0000E+00 (0.0000E+00)  0.0000E+00 (0.0000E+00)  0.0000E+00 (0.0000E+00)
   12.2500  0.0000E+00 (0.0000E+00)  0.0000E+00 (0.0000E+00)  0.0000E+00 (0.0000E+00)
   12.3500  0.0000E+00 (0.0000E+00)  0.0000E+00 (0.0000E+00)  0.0000E+00 (0.0000E+00)
   12.4500  0.0000E+00 (0.0000E+00)  0.0000E+00 (0.0000E+00)  0.0000E+00 (0.0000E+00)
   12.5500  0.0000E+00 (0.0000E+00)  0.0000E+00 (0.0000E+00)  0.0000E+00 (0.0000E+00)
   12.6500  0.0000E+00 (0.0000E+00)  0.0000E+00 (0.0000E+00)  0.0000E+00 (0.0000E+00)
   12.7500  0.0000E+00 (0.0000E+00)  0.0000E+00 (0.0000E+00)  0.0000E+00 (0.0000E+00)
   12.8500  0.0000E+00 (0.0000E+00)  0.0000E+00 (0.0000E+00)  0.0000E+00 (0.0000E+00)
   12.9500  0.0000E+00 (0.0000E+00)  0.0000E+00 (0.0000E+00)  0.0000E+00 (0.0000E+00)
   13.0500  0.0000E+00 (0.0000E+00)  0.0000E+00 (0.0000E+00)  0.0000E+00 (0.0000E+00)
   13.1500  0.0000E+00 (0.0000E+00)  0.0000E+00 (0.0000E+00)  0.0000E+00 (0.0000E+00)
   13.2500  0.0000E+00 (0.0000E+00)  0.0000E+00 (0.0000E+00)  0.0000E+00 (0.0000E+00)
   13.3500  0.0000E+00 (0.0000E+00)  0.0000E+00 (0.0000E+00)  0.0000E+00 (0.0000E+00)
   13.4500  0.0000E+00 (0.0000E+00)  0.0000E+00 (0.0000E+00)  0.0000E+00 (0.0000E+00)
   13.5500  0.0000E+00 (0.0000E+00)  0.0000E+00 (0.0000E+00)  0.0000E+00 (0.0000E+00)
   13.6500  0.0000E+00 (0.0000E+00)  0.0000E+00 (0.0000E+00)  0.0000E+00 (0.0000E+00)
   13.7500  0.0000E+00 (0.0000E+00)  0.0000E+00 (0.0000E+00)  0.0000E+00 (0.0000E+00)
   13.8500  0.0000E+00 (0.0000E+00)  0.0000E+00 (0.0000E+00)  0.0000E+00 (0.0000E+00)
   13.9500  0.0000E+00 (0.0000E+00)  0.0000E+00 (0.0000E+00)  0.0000E+00 (0.0000E+00)
   14.0500  0.0000E+00 (0.0000E+00)  0.0000E+00 (0.0000E+00)  0.0000E+00 (0.0000E+00)
   14.1500  0.0000E+00 (0.0000E+00)  0.0000E+00 (0.0000E+00)  0.0000E+00 (0.0000E+00)
   14.2500  0.0000E+00 (0.0000E+00)  0.0000E+00 (0.0000E+00)  0.0000E+00 (0.0000E+00)
   14.3500  0.0000E+00 (0.0000E+00)  0.0000E+00 (0.0000E+00)  0.0000E+00 (0.0000E+00)
   14.4500  0.0000E+00 (0.0000E+00)  0.0000E+00 (0.0000E+00)  0.0000E+00 (0.0000E+00)
   14.5500  0.0000E+00 (0.0000E+00)  0.0000E+00 (0.0000E+00)  0.0000E+00 (0.0000E+00)
   14.6500  0.0000E+00 (0.0000E+00)  0.0000E+00 (0.0000E+00)  0.0000E+00 (0.0000E+00)
   14.7500  0.0000E+00 (0.0000E+00)  0.0000E+00 (0.0000E+00)  0.0000E+00 (0.0000E+00)
   14.8500  0.0000E+00 (0.0000E+00)  0.0000E+00 (0.0000E+00)  0.0000E+00 (0.0000E+00)
   14.9500  0.0000E+00 (0.0000E+00)  0.0000E+00 (0.0000E+00)  0.0000E+00 (0.0000E+00)
   15.0500  0.0000E+00 (0.0000E+00)  0.0000E+00 (0.0000E+00)  0.0000E+00 (0.0000E+00)
   15.1500  0.0000E+00 (0.0000E+00)  0.0000E+00 (0.0000E+00)  0.0000E+00 (0.0000E+00)
   15.2500  0.0000E+00 (0.0000E+00)  0.0000E+00 (0.0000E+00)  0.0000E+00 (0.0000E+00)
   15.3500  0.0000E+00 (0.0000E+00)  0.0000E+00 (0.0000E+00)  0.0000E+00 (0.0000E+00)
   15.4500  0.0000E+00 (0.0000E+00)  0.0000E+00 (0.0000E+00)  0.0000E+00 (0.0000E+00)
   15.5500  0.0000E+00 (0.0000E+00)  0.0000E+00 (0.0000E+00)  0.0000E+00 (0.0000E+00)
   15.6500  0.0000E+00 (0.0000E+00)  0.0000E+00 (0.0000E+00)  0.0000E+00 (0.0000E+00)
   15.7500  0.0000E+00 (0.0000E+00)  0.0000E+00 (0.0000E+00)  0.0000E+00 (0.0000E+00)
   15.8500  0.0000E+00 (0.0000E+00)  0.0000E+00 (0.0000E+00)  0.0000E+00 (0.0000E+00)
   15.9500  0.0000E+00 (0.0000E+00)  0.0000E+00 (0.0000E+00)  0.0000E+00 (0.0000E+00)
   16.0500  0.0000E+00 (0.0000E+00)  0.0000E+00 (0.0000E+00)  0.0000E+00 (0.0000E+00)
   16.1500  0.0000E+00 (0.0000E+00)  0.0000E+00 (0.0000E+00)  0.0000E+00 (0.0000E+00)
   16.2500  0.0000E+00 (0.0000E+00)  0.0000E+00 (0.0000E+00)  0.0000E+00 (0.0000E+00)
   16.3500  0.0000E+00 (0.0000E+00)  0.0000E+00 (0.0000E+00)  0.0000E+00 (0.0000E+00)
   16.4500  0.0000E+00 (0.0000E+00)  0.0000E+00 (0.0000E+00)  0.0000E+00 (0.0000E+00)
   16.5500  0.0000E+00 (0.0000E+00)  0.0000E+00 (0.0000E+00)  0.0000E+00 (0.0000E+00)
   16.6500  0.0000E+00 (0.0000E+00)  0.0000E+00 (0.0000E+00)  0.0000E+00 (0.0000E+00)
   16.7500  0.0000E+00 (0.0000E+00)  0.0000E+00 (0.0000E+00)  0.0000E+00 (0.0000E+00)
   16.8500  0.0000E+00 (0.0000E+00)  0.0000E+00 (0.0000E+00)  0.0000E+00 (0.0000E+00)
   16.9500  0.0000E+00 (0.0000E+00)  0.0000E+00 (0.0000E+00)  0.0000E+00 (0.0000E+00)
   17.0500  0.0000E+00 (0.0000E+00)  0.0000E+00 (0.0000E+00)  0.0000E+00 (0.0000E+00)
   17.1500  0.0000E+00 (0.0000E+00)  0.0000E+00 (0.0000E+00)  0.0000E+00 (0.0000E+00)
   17.2500  0.0000E+00 (0.0000E+00)  0.0000E+00 (0.0000E+00)  0.0000E+00 (0.0000E+00)
   17.3500  0.0000E+00 (0.0000E+00)  0.0000E+00 (0.0000E+00)  0.0000E+00 (0.0000E+00)
   17.4500  0.0000E+00 (0.0000E+00)  0.0000E+00 (0.0000E+00)  0.0000E+00 (0.0000E+00)
   17.5500  0.0000E+00 (0.0000E+00)  0.0000E+00 (0.0000E+00)  0.0000E+00 (0.0000E+00)
   17.6500  0.0000E+00 (0.0000E+00)  0.0000E+00 (0.0000E+00)  0.0000E+00 (0.0000E+00)
   17.7500  0.0000E+00 (0.0000E+00)  0.0000E+00 (0.0000E+00)  0.0000E+00 (0.0000E+00)
   17.8500  0.0000E+00 (0.0000E+00)  0.0000E+00 (0.0000E+00)  0.0000E+00 (0.0000E+00)
   17.9500  0.0000E+00 (0.0000E+00)  0.0000E+00 (0.0000E+00)  0.0000E+00 (0.0000E+00)
   18.0500  0.0000E+00 (0.0000E+00)  0.0000E+00 (0.0000E+00)  0.0000E+00 (0.0000E+00)
   18.1500  0.0000E+00 (0.0000E+00)  0.0000E+00 (0.0000E+00)  0.0000E+00 (0.0000E+00)
   18.2500  0.0000E+00 (0.0000E+00)  0.0000E+00 (0.0000E+00)  0.0000E+00 (0.0000E+00)
   18.3500  0.0000E+00 (0.0000E+00)  0.0000E+00 (0.0000E+00)  0.0000E+00 (0.0000E+00)
   18.4500  0.0000E+00 (0.0000E+00)  0.0000E+00 (0.0000E+00)  0.0000E+00 (0.0000E+00)
   18.5500  0.0000E+00 (0.0000E+00)  0.0000E+00 (0.0000E+00)  0.0000E+00 (0.0000E+00)
   18.6500  0.0000E+00 (0.0000E+00)  0.0000E+00 (0.0000E+00)  0.0000E+00 (0.0000E+00)
   18.7500  0.0000E+00 (0.0000E+00)  0.0000E+00 (0.0000E+00)  0.0000E+00 (0.0000E+00)
   18.8500  0.0000E+00 (0.0000E+00)  0.0000E+00 (0.0000E+00)  0.0000E+00 (0.0000E+00)
   18.9500  0.0000E+00 (0.0000E+00)  0.0000E+00 (0.0000E+00)  0.0000E+00 (0.0000E+00)
   19.0500  0.0000E+00 (0.0000E+00)  0.0000E+00 (0.0000E+00)  0.0000E+00 (0.0000E+00)
   19.1500  0.0000E+00 (0.0000E+00)  0.0000E+00 (0.0000E+00)  0.0000E+00 (0.0000E+00)
   19.2500  0.0000E+00 (0.0000E+00)  0.0000E+00 (0.0000E+00)  0.0000E+00 (0.0000E+00)
   19.3500  0.0000E+00 (0.0000E+00)  0.0000E+00 (0.0000E+00)  0.0000E+00 (0.0000E+00)
   19.4500  0.0000E+00 (0.0000E+00)  0.0000E+00 (0.0000E+00)  0.0000E+00 (0.0000E+00)
   19.5500  0.0000E+00 (0.0000E+00)  0.0000E+00 (0.0000E+00)  0.0000E+00 (0.0000E+00)
   19.6500  0.0000E+00 (0.0000E+00)  0.0000E+00 (0.0000E+00)  0.0000E+00 (0.0000E+00)
   19.7500  0.0000E+00 (0.0000E+00)  0.0000E+00 (0.0000E+00)  0.0000E+00 (0.0000E+00)
   19.8500  0.0000E+00 (0.0000E+00)  0.0000E+00 (0.0000E+00)  0.0000E+00 (0.0000E+00)
   19.9500  0.0000E+00 (0.0000E+00)  0.0000E+00 (0.0000E+00)  0.0000E+00 (0.0000E+00)
   --------------------------------------------------------------------
   R_ij (fm)      NN (S=1)                NP (S=1)               PP (S=1)
    0.0500  0.0000E+00 (0.0000E+00)  0.0000E+00 (0.0000E+00)  0.0000E+00 (0.0000E+00)
    0.1500  0.1249E-03 (0.6864E-04)  0.9236E-02 (0.4140E-02)  0.1542E-03 (0.8578E-04)
    0.2500  0.2914E-03 (0.5811E-04)  0.2784E-01 (0.4444E-02)  0.3898E-03 (0.7953E-04)
    0.3500  0.8688E-03 (0.1061E-03)  0.5574E-01 (0.4320E-02)  0.1136E-02 (0.1225E-03)
    0.4500  0.1788E-02 (0.1142E-03)  0.9008E-01 (0.4233E-02)  0.2430E-02 (0.1517E-03)
    0.5500  0.3271E-02 (0.1389E-03)  0.1343E+00 (0.4129E-02)  0.4352E-02 (0.1748E-03)
    0.6500  0.5857E-02 (0.1702E-03)  0.2011E+00 (0.4264E-02)  0.7903E-02 (0.2208E-03)
    0.7500  0.8970E-02 (0.2026E-03)  0.2426E+00 (0.3959E-02)  0.1216E-01 (0.2651E-03)
    0.8500  0.1310E-01 (0.2411E-03)  0.2833E+00 (0.3741E-02)  0.1783E-01 (0.3181E-03)
    0.9500  0.1656E-01 (0.2704E-03)  0.2938E+00 (0.3438E-02)  0.2256E-01 (0.3571E-03)
    1.0500  0.2043E-01 (0.2855E-03)  0.2993E+00 (0.3072E-02)  0.2823E-01 (0.3829E-03)
    1.1500  0.2361E-01 (0.2966E-03)  0.2900E+00 (0.2697E-02)  0.3258E-01 (0.4005E-03)
    1.2500  0.2622E-01 (0.3115E-03)  0.2710E+00 (0.2408E-02)  0.3654E-01 (0.4275E-03)
    1.3500  0.2914E-01 (0.3198E-03)  0.2567E+00 (0.2128E-02)  0.4093E-01 (0.4387E-03)
    1.4500  0.3137E-01 (0.3307E-03)  0.2361E+00 (0.1907E-02)  0.4405E-01 (0.4499E-03)
    1.5500  0.3266E-01 (0.3261E-03)  0.2196E+00 (0.1713E-02)  0.4618E-01 (0.4482E-03)
    1.6500  0.3396E-01 (0.3178E-03)  0.2028E+00 (0.1500E-02)  0.4847E-01 (0.4434E-03)
    1.7500  0.3435E-01 (0.3110E-03)  0.1870E+00 (0.1370E-02)  0.4949E-01 (0.4371E-03)
    1.8500  0.3523E-01 (0.3034E-03)  0.1731E+00 (0.1232E-02)  0.5058E-01 (0.4272E-03)
    1.9500  0.3515E-01 (0.2938E-03)  0.1590E+00 (0.1107E-02)  0.5076E-01 (0.4156E-03)
    2.0500  0.3515E-01 (0.2842E-03)  0.1480E+00 (0.1008E-02)  0.5083E-01 (0.4003E-03)
    2.1500  0.3508E-01 (0.2710E-03)  0.1391E+00 (0.9227E-03)  0.5112E-01 (0.3873E-03)
    2.2500  0.3466E-01 (0.2628E-03)  0.1295E+00 (0.8494E-03)  0.5059E-01 (0.3731E-03)
    2.3500  0.3380E-01 (0.2474E-03)  0.1201E+00 (0.7702E-03)  0.4927E-01 (0.3534E-03)
    2.4500  0.3394E-01 (0.2392E-03)  0.1147E+00 (0.7182E-03)  0.4982E-01 (0.3433E-03)
    2.5500  0.3266E-01 (0.2274E-03)  0.1063E+00 (0.6660E-03)  0.4757E-01 (0.3227E-03)
    2.6500  0.3101E-01 (0.2114E-03)  0.9783E-01 (0.6066E-03)  0.4526E-01 (0.3018E-03)
    2.7500  0.3057E-01 (0.2023E-03)  0.9273E-01 (0.5627E-03)  0.4434E-01 (0.2868E-03)
    2.8500  0.2918E-01 (0.1908E-03)  0.8678E-01 (0.5238E-03)  0.4267E-01 (0.2720E-03)
    2.9500  0.2785E-01 (0.1814E-03)  0.8058E-01 (0.4838E-03)  0.4054E-01 (0.2569E-03)
    3.0500  0.2631E-01 (0.1691E-03)  0.7486E-01 (0.4499E-03)  0.3841E-01 (0.2412E-03)
    3.1500  0.2478E-01 (0.1586E-03)  0.6941E-01 (0.4146E-03)  0.3618E-01 (0.2264E-03)
    3.2500  0.2359E-01 (0.1510E-03)  0.6485E-01 (0.3908E-03)  0.3436E-01 (0.2145E-03)
    3.3500  0.2242E-01 (0.1417E-03)  0.6092E-01 (0.3625E-03)  0.3259E-01 (0.2017E-03)
    3.4500  0.2055E-01 (0.1292E-03)  0.5533E-01 (0.3316E-03)  0.3001E-01 (0.1857E-03)
    3.5500  0.1925E-01 (0.1248E-03)  0.5133E-01 (0.3158E-03)  0.2794E-01 (0.1779E-03)
    3.6500  0.1799E-01 (0.1171E-03)  0.4767E-01 (0.2959E-03)  0.2610E-01 (0.1674E-03)
    3.7500  0.1643E-01 (0.1081E-03)  0.4343E-01 (0.2729E-03)  0.2400E-01 (0.1550E-03)
    3.8500  0.1519E-01 (0.1032E-03)  0.3993E-01 (0.2604E-03)  0.2214E-01 (0.1481E-03)
    3.9500  0.1383E-01 (0.9533E-04)  0.3632E-01 (0.2395E-03)  0.2020E-01 (0.1364E-03)
    4.0500  0.1251E-01 (0.8895E-04)  0.3288E-01 (0.2228E-03)  0.1836E-01 (0.1278E-03)
    4.1500  0.1136E-01 (0.8201E-04)  0.2985E-01 (0.2062E-03)  0.1660E-01 (0.1178E-03)
    4.2500  0.1022E-01 (0.7754E-04)  0.2685E-01 (0.1948E-03)  0.1500E-01 (0.1117E-03)
    4.3500  0.9206E-02 (0.7345E-04)  0.2422E-01 (0.1843E-03)  0.1351E-01 (0.1054E-03)
    4.4500  0.8295E-02 (0.6743E-04)  0.2192E-01 (0.1703E-03)  0.1222E-01 (0.9775E-04)
    4.5500  0.7513E-02 (0.6329E-04)  0.1972E-01 (0.1595E-03)  0.1096E-01 (0.9148E-04)
    4.6500  0.6446E-02 (0.5761E-04)  0.1711E-01 (0.1458E-03)  0.9533E-02 (0.8360E-04)
    4.7500  0.5696E-02 (0.5328E-04)  0.1514E-01 (0.1347E-03)  0.8395E-02 (0.7707E-04)
    4.8500  0.5089E-02 (0.4930E-04)  0.1362E-01 (0.1260E-03)  0.7555E-02 (0.7210E-04)
    4.9500  0.4445E-02 (0.4535E-04)  0.1206E-01 (0.1172E-03)  0.6696E-02 (0.6732E-04)
    5.0500  0.3878E-02 (0.4168E-04)  0.1048E-01 (0.1075E-03)  0.5779E-02 (0.6123E-04)
    5.1500  0.3418E-02 (0.3831E-04)  0.9314E-02 (0.9925E-04)  0.5123E-02 (0.5656E-04)
    5.2500  0.2926E-02 (0.3488E-04)  0.8065E-02 (0.9054E-04)  0.4430E-02 (0.5133E-04)
    5.3500  0.2506E-02 (0.3166E-04)  0.6946E-02 (0.8363E-04)  0.3803E-02 (0.4742E-04)
    5.4500  0.2181E-02 (0.2932E-04)  0.6041E-02 (0.7695E-04)  0.3275E-02 (0.4319E-04)
    5.5500  0.1762E-02 (0.2569E-04)  0.4961E-02 (0.6856E-04)  0.2708E-02 (0.3896E-04)
    5.6500  0.1543E-02 (0.2346E-04)  0.4377E-02 (0.6321E-04)  0.2368E-02 (0.3548E-04)
    5.7500  0.1328E-02 (0.2126E-04)  0.3781E-02 (0.5726E-04)  0.2053E-02 (0.3225E-04)
    5.8500  0.1118E-02 (0.1897E-04)  0.3242E-02 (0.5238E-04)  0.1772E-02 (0.2997E-04)
    5.9500  0.9449E-03 (0.1782E-04)  0.2718E-02 (0.4836E-04)  0.1471E-02 (0.2712E-04)
    6.0500  0.7840E-03 (0.1535E-04)  0.2311E-02 (0.4260E-04)  0.1249E-02 (0.2395E-04)
    6.1500  0.6555E-03 (0.1368E-04)  0.1961E-02 (0.3872E-04)  0.1062E-02 (0.2192E-04)
    6.2500  0.5455E-03 (0.1251E-04)  0.1621E-02 (0.3491E-04)  0.8715E-03 (0.1958E-04)
    6.3500  0.4302E-03 (0.1064E-04)  0.1318E-02 (0.3065E-04)  0.7118E-03 (0.1728E-04)
    6.4500  0.3765E-03 (0.9900E-05)  0.1162E-02 (0.2873E-04)  0.6229E-03 (0.1605E-04)
    6.5500  0.3021E-03 (0.8491E-05)  0.9401E-03 (0.2475E-04)  0.5087E-03 (0.1405E-04)
    6.6500  0.2404E-03 (0.7359E-05)  0.7618E-03 (0.2184E-04)  0.4058E-03 (0.1221E-04)
    6.7500  0.1992E-03 (0.6748E-05)  0.6364E-03 (0.2013E-04)  0.3417E-03 (0.1131E-04)
    6.8500  0.1590E-03 (0.5759E-05)  0.5073E-03 (0.1729E-04)  0.2697E-03 (0.9628E-05)
    6.9500  0.1441E-03 (0.5526E-05)  0.4681E-03 (0.1679E-04)  0.2483E-03 (0.9242E-05)
    7.0500  0.1083E-03 (0.4667E-05)  0.3589E-03 (0.1428E-04)  0.1911E-03 (0.7952E-05)
    7.1500  0.8697E-04 (0.3897E-05)  0.2921E-03 (0.1238E-04)  0.1608E-03 (0.7186E-05)
    7.2500  0.7178E-04 (0.3598E-05)  0.2403E-03 (0.1126E-04)  0.1283E-03 (0.6315E-05)
    7.3500  0.5551E-04 (0.3104E-05)  0.1904E-03 (0.9910E-05)  0.1035E-03 (0.5611E-05)
    7.4500  0.4521E-04 (0.2705E-05)  0.1574E-03 (0.8843E-05)  0.8347E-04 (0.4977E-05)
    7.5500  0.3849E-04 (0.2603E-05)  0.1307E-03 (0.8060E-05)  0.6770E-04 (0.4427E-05)
    7.6500  0.3328E-04 (0.2331E-05)  0.1158E-03 (0.7513E-05)  0.6202E-04 (0.4224E-05)
    7.7500  0.2531E-04 (0.1916E-05)  0.9383E-04 (0.6596E-05)  0.4886E-04 (0.3606E-05)
    7.8500  0.2123E-04 (0.1764E-05)  0.7742E-04 (0.5964E-05)  0.3985E-04 (0.3242E-05)
    7.9500  0.1599E-04 (0.1489E-05)  0.5738E-04 (0.4982E-05)  0.3064E-04 (0.2784E-05)
    8.0500  0.9192E-05 (0.1026E-05)  0.3781E-04 (0.3932E-05)  0.1926E-04 (0.2102E-05)
    8.1500  0.9953E-05 (0.1081E-05)  0.4071E-04 (0.4085E-05)  0.2085E-04 (0.2251E-05)
    8.2500  0.7637E-05 (0.9396E-06)  0.2894E-04 (0.3291E-05)  0.1631E-04 (0.1943E-05)
    8.3500  0.6710E-05 (0.8658E-06)  0.2494E-04 (0.3042E-05)  0.1314E-04 (0.1711E-05)
    8.4500  0.4035E-05 (0.6608E-06)  0.1663E-04 (0.2475E-05)  0.8899E-05 (0.1393E-05)
    8.5500  0.3575E-05 (0.6002E-06)  0.1586E-04 (0.2365E-05)  0.7802E-05 (0.1233E-05)
    8.6500  0.2838E-05 (0.5718E-06)  0.1019E-04 (0.1915E-05)  0.4875E-05 (0.9664E-06)
    8.7500  0.2748E-05 (0.5169E-06)  0.1313E-04 (0.2278E-05)  0.7167E-05 (0.1315E-05)
    8.8500  0.1260E-05 (0.3113E-06)  0.6465E-05 (0.1450E-05)  0.3618E-05 (0.8744E-06)
    8.9500  0.1406E-05 (0.3514E-06)  0.6739E-05 (0.1538E-05)  0.3541E-05 (0.9030E-06)
    9.0500  0.1227E-05 (0.3215E-06)  0.6447E-05 (0.1468E-05)  0.3649E-05 (0.9032E-06)
    9.1500  0.9797E-06 (0.2930E-06)  0.3932E-05 (0.1091E-05)  0.1983E-05 (0.5716E-06)
    9.2500  0.1358E-05 (0.4400E-06)  0.6228E-05 (0.1587E-05)  0.3065E-05 (0.8093E-06)
    9.3500  0.3834E-06 (0.1501E-06)  0.2280E-05 (0.8083E-06)  0.1463E-05 (0.5441E-06)
    9.4500  0.2039E-06 (0.1074E-06)  0.1151E-05 (0.5760E-06)  0.4886E-06 (0.2590E-06)
    9.5500  0.6766E-06 (0.2215E-06)  0.2993E-05 (0.9029E-06)  0.1769E-05 (0.5523E-06)
    9.6500  0.1641E-06 (0.1184E-06)  0.5937E-06 (0.4212E-06)  0.1956E-06 (0.1410E-06)
    9.7500  0.1280E-06 (0.8490E-07)  0.7981E-06 (0.4617E-06)  0.5358E-06 (0.3240E-06)
    9.8500  0.2585E-06 (0.1835E-06)  0.1021E-05 (0.6177E-06)  0.7045E-06 (0.4349E-06)
    9.9500  0.1781E-06 (0.9190E-07)  0.1010E-05 (0.5057E-06)  0.6510E-06 (0.3374E-06)
   10.0500  0.4724E-07 (0.4724E-07)  0.2783E-06 (0.2783E-06)  0.5639E-07 (0.5639E-07)
   10.1500  0.7088E-07 (0.3611E-07)  0.1037E-05 (0.5186E-06)  0.3688E-06 (0.2061E-06)
   10.2500  0.1056E-06 (0.6531E-07)  0.7518E-06 (0.4351E-06)  0.3334E-06 (0.2100E-06)
   10.3500  0.6547E-07 (0.6547E-07)  0.2381E-06 (0.2381E-06)  0.1153E-06 (0.1153E-06)
   10.4500  0.8296E-07 (0.6050E-07)  0.4522E-06 (0.3200E-06)  0.2557E-06 (0.1904E-06)
   10.5500  0.6035E-07 (0.6035E-07)  0.2328E-06 (0.2328E-06)  0.8164E-07 (0.8164E-07)
   10.6500  0.0000E+00 (0.0000E+00)  0.0000E+00 (0.0000E+00)  0.0000E+00 (0.0000E+00)
   10.7500  0.3857E-07 (0.3857E-07)  0.2072E-06 (0.2071E-06)  0.1371E-06 (0.1371E-06)
   10.8500  0.0000E+00 (0.0000E+00)  0.0000E+00 (0.0000E+00)  0.0000E+00 (0.0000E+00)
   10.9500  0.0000E+00 (0.0000E+00)  0.0000E+00 (0.0000E+00)  0.0000E+00 (0.0000E+00)
   11.0500  0.0000E+00 (0.0000E+00)  0.0000E+00 (0.0000E+00)  0.0000E+00 (0.0000E+00)
   11.1500  0.0000E+00 (0.0000E+00)  0.0000E+00 (0.0000E+00)  0.0000E+00 (0.0000E+00)
   11.2500  0.0000E+00 (0.0000E+00)  0.0000E+00 (0.0000E+00)  0.0000E+00 (0.0000E+00)
   11.3500  0.3151E-07 (0.3151E-07)  0.1976E-06 (0.1976E-06)  0.1193E-06 (0.1193E-06)
   11.4500  0.0000E+00 (0.0000E+00)  0.0000E+00 (0.0000E+00)  0.0000E+00 (0.0000E+00)
   11.5500  0.0000E+00 (0.0000E+00)  0.0000E+00 (0.0000E+00)  0.0000E+00 (0.0000E+00)
   11.6500  0.0000E+00 (0.0000E+00)  0.0000E+00 (0.0000E+00)  0.0000E+00 (0.0000E+00)
   11.7500  0.0000E+00 (0.0000E+00)  0.0000E+00 (0.0000E+00)  0.0000E+00 (0.0000E+00)
   11.8500  0.0000E+00 (0.0000E+00)  0.0000E+00 (0.0000E+00)  0.0000E+00 (0.0000E+00)
   11.9500  0.0000E+00 (0.0000E+00)  0.0000E+00 (0.0000E+00)  0.0000E+00 (0.0000E+00)
   12.0500  0.0000E+00 (0.0000E+00)  0.0000E+00 (0.0000E+00)  0.0000E+00 (0.0000E+00)
   12.1500  0.0000E+00 (0.0000E+00)  0.0000E+00 (0.0000E+00)  0.0000E+00 (0.0000E+00)
   12.2500  0.0000E+00 (0.0000E+00)  0.0000E+00 (0.0000E+00)  0.0000E+00 (0.0000E+00)
   12.3500  0.0000E+00 (0.0000E+00)  0.0000E+00 (0.0000E+00)  0.0000E+00 (0.0000E+00)
   12.4500  0.0000E+00 (0.0000E+00)  0.0000E+00 (0.0000E+00)  0.0000E+00 (0.0000E+00)
   12.5500  0.0000E+00 (0.0000E+00)  0.0000E+00 (0.0000E+00)  0.0000E+00 (0.0000E+00)
   12.6500  0.0000E+00 (0.0000E+00)  0.0000E+00 (0.0000E+00)  0.0000E+00 (0.0000E+00)
   12.7500  0.0000E+00 (0.0000E+00)  0.0000E+00 (0.0000E+00)  0.0000E+00 (0.0000E+00)
   12.8500  0.0000E+00 (0.0000E+00)  0.0000E+00 (0.0000E+00)  0.0000E+00 (0.0000E+00)
   12.9500  0.0000E+00 (0.0000E+00)  0.0000E+00 (0.0000E+00)  0.0000E+00 (0.0000E+00)
   13.0500  0.0000E+00 (0.0000E+00)  0.0000E+00 (0.0000E+00)  0.0000E+00 (0.0000E+00)
   13.1500  0.0000E+00 (0.0000E+00)  0.0000E+00 (0.0000E+00)  0.0000E+00 (0.0000E+00)
   13.2500  0.0000E+00 (0.0000E+00)  0.0000E+00 (0.0000E+00)  0.0000E+00 (0.0000E+00)
   13.3500  0.0000E+00 (0.0000E+00)  0.0000E+00 (0.0000E+00)  0.0000E+00 (0.0000E+00)
   13.4500  0.0000E+00 (0.0000E+00)  0.0000E+00 (0.0000E+00)  0.0000E+00 (0.0000E+00)
   13.5500  0.0000E+00 (0.0000E+00)  0.0000E+00 (0.0000E+00)  0.0000E+00 (0.0000E+00)
   13.6500  0.0000E+00 (0.0000E+00)  0.0000E+00 (0.0000E+00)  0.0000E+00 (0.0000E+00)
   13.7500  0.0000E+00 (0.0000E+00)  0.0000E+00 (0.0000E+00)  0.0000E+00 (0.0000E+00)
   13.8500  0.0000E+00 (0.0000E+00)  0.0000E+00 (0.0000E+00)  0.0000E+00 (0.0000E+00)
   13.9500  0.0000E+00 (0.0000E+00)  0.0000E+00 (0.0000E+00)  0.0000E+00 (0.0000E+00)
   14.0500  0.0000E+00 (0.0000E+00)  0.0000E+00 (0.0000E+00)  0.0000E+00 (0.0000E+00)
   14.1500  0.0000E+00 (0.0000E+00)  0.0000E+00 (0.0000E+00)  0.0000E+00 (0.0000E+00)
   14.2500  0.0000E+00 (0.0000E+00)  0.0000E+00 (0.0000E+00)  0.0000E+00 (0.0000E+00)
   14.3500  0.0000E+00 (0.0000E+00)  0.0000E+00 (0.0000E+00)  0.0000E+00 (0.0000E+00)
   14.4500  0.0000E+00 (0.0000E+00)  0.0000E+00 (0.0000E+00)  0.0000E+00 (0.0000E+00)
   14.5500  0.0000E+00 (0.0000E+00)  0.0000E+00 (0.0000E+00)  0.0000E+00 (0.0000E+00)
   14.6500  0.0000E+00 (0.0000E+00)  0.0000E+00 (0.0000E+00)  0.0000E+00 (0.0000E+00)
   14.7500  0.0000E+00 (0.0000E+00)  0.0000E+00 (0.0000E+00)  0.0000E+00 (0.0000E+00)
   14.8500  0.0000E+00 (0.0000E+00)  0.0000E+00 (0.0000E+00)  0.0000E+00 (0.0000E+00)
   14.9500  0.0000E+00 (0.0000E+00)  0.0000E+00 (0.0000E+00)  0.0000E+00 (0.0000E+00)
   15.0500  0.0000E+00 (0.0000E+00)  0.0000E+00 (0.0000E+00)  0.0000E+00 (0.0000E+00)
   15.1500  0.0000E+00 (0.0000E+00)  0.0000E+00 (0.0000E+00)  0.0000E+00 (0.0000E+00)
   15.2500  0.0000E+00 (0.0000E+00)  0.0000E+00 (0.0000E+00)  0.0000E+00 (0.0000E+00)
   15.3500  0.0000E+00 (0.0000E+00)  0.0000E+00 (0.0000E+00)  0.0000E+00 (0.0000E+00)
   15.4500  0.0000E+00 (0.0000E+00)  0.0000E+00 (0.0000E+00)  0.0000E+00 (0.0000E+00)
   15.5500  0.0000E+00 (0.0000E+00)  0.0000E+00 (0.0000E+00)  0.0000E+00 (0.0000E+00)
   15.6500  0.0000E+00 (0.0000E+00)  0.0000E+00 (0.0000E+00)  0.0000E+00 (0.0000E+00)
   15.7500  0.0000E+00 (0.0000E+00)  0.0000E+00 (0.0000E+00)  0.0000E+00 (0.0000E+00)
   15.8500  0.0000E+00 (0.0000E+00)  0.0000E+00 (0.0000E+00)  0.0000E+00 (0.0000E+00)
   15.9500  0.0000E+00 (0.0000E+00)  0.0000E+00 (0.0000E+00)  0.0000E+00 (0.0000E+00)
   16.0500  0.0000E+00 (0.0000E+00)  0.0000E+00 (0.0000E+00)  0.0000E+00 (0.0000E+00)
   16.1500  0.0000E+00 (0.0000E+00)  0.0000E+00 (0.0000E+00)  0.0000E+00 (0.0000E+00)
   16.2500  0.0000E+00 (0.0000E+00)  0.0000E+00 (0.0000E+00)  0.0000E+00 (0.0000E+00)
   16.3500  0.0000E+00 (0.0000E+00)  0.0000E+00 (0.0000E+00)  0.0000E+00 (0.0000E+00)
   16.4500  0.0000E+00 (0.0000E+00)  0.0000E+00 (0.0000E+00)  0.0000E+00 (0.0000E+00)
   16.5500  0.0000E+00 (0.0000E+00)  0.0000E+00 (0.0000E+00)  0.0000E+00 (0.0000E+00)
   16.6500  0.0000E+00 (0.0000E+00)  0.0000E+00 (0.0000E+00)  0.0000E+00 (0.0000E+00)
   16.7500  0.0000E+00 (0.0000E+00)  0.0000E+00 (0.0000E+00)  0.0000E+00 (0.0000E+00)
   16.8500  0.0000E+00 (0.0000E+00)  0.0000E+00 (0.0000E+00)  0.0000E+00 (0.0000E+00)
   16.9500  0.0000E+00 (0.0000E+00)  0.0000E+00 (0.0000E+00)  0.0000E+00 (0.0000E+00)
   17.0500  0.0000E+00 (0.0000E+00)  0.0000E+00 (0.0000E+00)  0.0000E+00 (0.0000E+00)
   17.1500  0.0000E+00 (0.0000E+00)  0.0000E+00 (0.0000E+00)  0.0000E+00 (0.0000E+00)
   17.2500  0.0000E+00 (0.0000E+00)  0.0000E+00 (0.0000E+00)  0.0000E+00 (0.0000E+00)
   17.3500  0.0000E+00 (0.0000E+00)  0.0000E+00 (0.0000E+00)  0.0000E+00 (0.0000E+00)
   17.4500  0.0000E+00 (0.0000E+00)  0.0000E+00 (0.0000E+00)  0.0000E+00 (0.0000E+00)
   17.5500  0.0000E+00 (0.0000E+00)  0.0000E+00 (0.0000E+00)  0.0000E+00 (0.0000E+00)
   17.6500  0.0000E+00 (0.0000E+00)  0.0000E+00 (0.0000E+00)  0.0000E+00 (0.0000E+00)
   17.7500  0.0000E+00 (0.0000E+00)  0.0000E+00 (0.0000E+00)  0.0000E+00 (0.0000E+00)
   17.8500  0.0000E+00 (0.0000E+00)  0.0000E+00 (0.0000E+00)  0.0000E+00 (0.0000E+00)
   17.9500  0.0000E+00 (0.0000E+00)  0.0000E+00 (0.0000E+00)  0.0000E+00 (0.0000E+00)
   18.0500  0.0000E+00 (0.0000E+00)  0.0000E+00 (0.0000E+00)  0.0000E+00 (0.0000E+00)
   18.1500  0.0000E+00 (0.0000E+00)  0.0000E+00 (0.0000E+00)  0.0000E+00 (0.0000E+00)
   18.2500  0.0000E+00 (0.0000E+00)  0.0000E+00 (0.0000E+00)  0.0000E+00 (0.0000E+00)
   18.3500  0.0000E+00 (0.0000E+00)  0.0000E+00 (0.0000E+00)  0.0000E+00 (0.0000E+00)
   18.4500  0.0000E+00 (0.0000E+00)  0.0000E+00 (0.0000E+00)  0.0000E+00 (0.0000E+00)
   18.5500  0.0000E+00 (0.0000E+00)  0.0000E+00 (0.0000E+00)  0.0000E+00 (0.0000E+00)
   18.6500  0.0000E+00 (0.0000E+00)  0.0000E+00 (0.0000E+00)  0.0000E+00 (0.0000E+00)
   18.7500  0.0000E+00 (0.0000E+00)  0.0000E+00 (0.0000E+00)  0.0000E+00 (0.0000E+00)
   18.8500  0.0000E+00 (0.0000E+00)  0.0000E+00 (0.0000E+00)  0.0000E+00 (0.0000E+00)
   18.9500  0.0000E+00 (0.0000E+00)  0.0000E+00 (0.0000E+00)  0.0000E+00 (0.0000E+00)
   19.0500  0.0000E+00 (0.0000E+00)  0.0000E+00 (0.0000E+00)  0.0000E+00 (0.0000E+00)
   19.1500  0.0000E+00 (0.0000E+00)  0.0000E+00 (0.0000E+00)  0.0000E+00 (0.0000E+00)
   19.2500  0.0000E+00 (0.0000E+00)  0.0000E+00 (0.0000E+00)  0.0000E+00 (0.0000E+00)
   19.3500  0.0000E+00 (0.0000E+00)  0.0000E+00 (0.0000E+00)  0.0000E+00 (0.0000E+00)
   19.4500  0.0000E+00 (0.0000E+00)  0.0000E+00 (0.0000E+00)  0.0000E+00 (0.0000E+00)
   19.5500  0.0000E+00 (0.0000E+00)  0.0000E+00 (0.0000E+00)  0.0000E+00 (0.0000E+00)
   19.6500  0.0000E+00 (0.0000E+00)  0.0000E+00 (0.0000E+00)  0.0000E+00 (0.0000E+00)
   19.7500  0.0000E+00 (0.0000E+00)  0.0000E+00 (0.0000E+00)  0.0000E+00 (0.0000E+00)
   19.8500  0.0000E+00 (0.0000E+00)  0.0000E+00 (0.0000E+00)  0.0000E+00 (0.0000E+00)
   19.9500  0.0000E+00 (0.0000E+00)  0.0000E+00 (0.0000E+00)  0.0000E+00 (0.0000E+00)
   --------------------------------------------------------------------
                           PARTICLE COUNTS
   --------------------------------------------------------------------
  NEUTRON-DOWN            NEUTRON-UP             NEUTRONS
    2.9914 (0.7446E-02)     3.0086 (0.7487E-02)     6.0000 (0.1056E-01)
  PROTON-DOWN             PROTON-UP              PROTONS 
    3.6536 (0.9290E-02)     3.3464 (0.8375E-02)     7.0000 (0.1251E-01)
  DOWN PARTICLES          UP PARTICLES           PARTICLES 
    6.6450 (0.1191E-01)     6.3550 (0.1123E-01)    13.0000 (0.1637E-01)
   --------------------------------------------------------------------
                           PAIR COUNTS
   --------------------------------------------------------------------
  NN (S=0)                NN (S=1)               NN PAIRS
    5.4839 (0.6024E-02)     9.5161 (0.1101E-01)    15.0000 (0.1255E-01)
  NP (S=0)                NP (S=1)               NP PAIRS
   10.0518 (0.1044E-01)    31.9482 (0.3326E-01)    42.0000 (0.3486E-01)
  PP (S=0)                PP (S=1)               PP PAIRS
    7.0369 (0.7601E-02)    13.9631 (0.1585E-01)    21.0000 (0.1758E-01)
  S=0 PAIRS               S=1 PAIRS              PAIRS
   22.5726 (0.1425E-01)    55.4274 (0.3845E-01)    78.0000 (0.4101E-01)
   --------------------------------------------------------------------

                        H =     -57.6318 (0.1835)

                        Ti =    427.9793 (1.5156)

                        Vij =  -487.7896 (1.4273)

                        Vijk =   -8.8787 (0.1662)

                        Vem =    11.0572 (0.0035)
  ----
  T(ci)     =  0.4280E+03 (0.1516E+01)  T(csb)    =  0.1406E-01 (0.5872E-04)
  ----
  CENTRAL   = -0.1605E+03 (0.1115E+01)  T         =  0.4540E+02 (0.1984E+00)
  S         = -0.5709E+01 (0.7189E-01)  S.T       = -0.1207E+03 (0.3002E+00)
  TNSR      =  0.2416E+02 (0.1534E+00)  TNSR.T    = -0.2889E+03 (0.4748E+00)
  L.S       =  0.4016E+02 (0.1821E+00)  (L.S).T   = -0.4501E+02 (0.2034E+00)
  L^2       =  0.6211E+02 (0.3978E+00)  L^2.T     =  0.4468E+01 (0.3059E-01)
  L^2.S     =  0.6884E+01 (0.5917E-01)  L^2.S.T   = -0.1229E+01 (0.3771E-01)
  (L.S)^2   =  0.2895E+02 (0.1204E+00)  (L.S)^2.T = -0.7786E+02 (0.3388E+00)
  CD        = -0.2213E-09 (0.5280E-10)  CD.S      =  0.4417E-08 (0.1259E-09)
  CD.TNSR   = -0.9710E-09 (0.2687E-11)  (L.S).CD  =  0.0000E+00 (0.0000E+00)
  CSB       =  0.4053E-01 (0.2441E-03)  CSB.S     =  0.0000E+00 (0.0000E+00)
  CSB.TNSR  =  0.0000E+00 (0.0000E+00)  (L.S).CSB =  0.0000E+00 (0.0000E+00)
  ----
  2PI-AC    = -0.1902E+02 (0.1000E+00)  2PI-C     = -0.1277E+02 (0.5005E-01)
  V3U       =  0.2237E+02 (0.1606E+00)  CD        =  0.0000E+00 (0.0000E+00)
  CE        =  0.0000E+00 (0.0000E+00)  2PI-SWAVE =  0.5384E+00 (0.9336E-02)
  v3b7      =  0.0000E+00 (0.0000E+00)  v3b8      =  0.0000E+00 (0.0000E+00)
  ----
  COULOMB   =  0.1061E+02 (0.3114E-02)  DF        = -0.1503E-01 (0.3137E-04)
  C2   (pp) = -0.6905E-02 (0.4344E-05)  VP        =  0.5957E-01 (0.2299E-04)
  C1   (np) =  0.9217E-01 (0.1655E-03)  S    (pp) =  0.1354E+00 (0.3176E-03)
  S    (np) =  0.5465E-01 (0.1306E-03)  S    (nn) =  0.3839E-01 (0.1197E-03)
  TNSR (pp) =  0.1421E-01 (0.2116E-04)  TNSR (np) =  0.4984E-02 (0.7498E-05)
  TNSR (nn) =  0.1436E+00 (0.1102E-03)  L.S  (pp) =  0.5476E-03 (0.4219E-04)
  L.S  (nn) =  0.0000E+00 (0.0000E+00)  L.S  (np) = -0.7316E-01 (0.1254E-03)

  POINT NEUTRON RMS RADIUS =  2.3397 (0.0009)
  POINT PROTON  RMS RADIUS =  2.3889 (0.0009)

  NEUTRON MAGNETIC MOMENT CONTRIBUTION = -0.0329 (0.0003)
  PROTON  MAGNETIC MOMENT CONTRIBUTION = -0.8577 (0.0036)
  ORBITAL MAGNETIC MOMENT CONTRIBUTION =  0.2384 (0.0003)
  MAGNETIC MOMENT                      = -0.6522 (0.0035)

  CHARGE SYMMETRIC NEUTRON MAGNETIC MOMENT CONTRIBUTION =  0.5875 (0.0025)
  CHARGE SYMMETRIC PROTON  MAGNETIC MOMENT CONTRIBUTION =  0.0480 (0.0004)
  CHARGE SYMMETRIC ORBITAL MAGNETIC MOMENT CONTRIBUTION =  0.4065 (0.0004)
  CHARGE SYMMETRIC MAGNETIC MOMENT                      =  1.0420 (0.0030)
 ************************************************************************
 TOTAL CALCULATION TIME (s):    2078.96746492386     
 TIME PER SAMPLE (s):    0.1691868054137255E+00
 ************************************************************************
